"narr86","nfarr86","nparr86","pcnv","avgsen","tottime","ptime86","qemp86","inc86","durat","black","hispan","born60","pcnvsq","pt86sq","inc86sq"
0,0,0,0.379999995231628,17.6000003814697,35.2000007629395,12,0,0,0,0,0,1,0.144400000572205,144,0
2,2,0,0.439999997615814,0,0,0,1,0.800000011920929,0,0,1,0,0.193599998950958,0,0.64000004529953
1,1,0,0.330000013113022,22.7999992370605,22.7999992370605,0,0,0,11,1,0,1,0.108900010585785,0,0
2,2,1,0.25,0,0,5,2,8.80000019073486,0,0,1,1,0.0625,25,77.4400024414062
1,1,0,0,0,0,0,2,8.10000038146973,1,0,0,0,0,0,65.6100082397461
0,0,0,1,0,0,0,4,97.5999984741211,0,0,0,1,1,0,9525.759765625
2,2,1,0.439999997615814,0,0,0,0,0,1,1,0,1,0.193599998950958,0,0
5,3,5,0.75,0,0,0,0,0,3,0,0,1,0.5625,0,0
0,0,0,0.330000013113022,10.8999996185303,21.7999992370605,9,0,0,19.2999992370605,1,0,1,0.108900010585785,81,0
0,0,0,0.230000004172325,0,0,0,3,16.7000007629395,0,0,1,1,0.0529000014066696,0,278.890014648438
1,1,0,0,0,0,0,4,162.5,0,0,0,1,0,0,26406.25
0,0,0,0.170000001788139,31.7000007629395,63.4000015258789,12,0,0,0,0,1,0,0.0289000011980534,144,0
0,0,0,0.330000013113022,0,0,0,4,32.9000015258789,0,0,0,1,0.108900010585785,0,1082.41015625
0,0,0,0,0,0,0,0,0,14,0,0,1,0,0,0
1,1,0,0,0,0,0,4,174.5,0,0,0,1,0,0,30450.25
0,0,0,0.200000002980232,59.2000007629395,59.2000007629395,3,1.70000004768372,14.3000001907349,4.30000019073486,1,0,1,0.0400000028312206,9,204.490005493164
1,1,0,0.379999995231628,0,0,0,0,0,18,1,0,1,0.144400000572205,0,0
0,0,0,0.5,0,0,0,4,154,0,0,0,1,0.25,0,23716
0,0,0,0.600000023841858,7.90000009536743,23.7000007629395,0,0,0,11,1,0,0,0.360000014305115,0,0
0,0,0,0.5,0,0,0,4,100.300003051758,0,0,0,0,0.25,0,10060.0908203125
3,2,0,0.469999998807907,5.59999990463257,22.3999996185303,0,0,0,4.80000019073486,0,1,1,0.220899999141693,0,0
1,0,0,0.170000001788139,4,4,0,2,16.2000007629395,0,1,0,1,0.0289000011980534,0,262.440032958984
0,0,0,0.219999998807907,6.90000009536743,20.7000007629395,0,4,144.100006103516,0,0,1,1,0.0483999997377396,0,20764.8125
0,0,0,0.469999998807907,31.8999996185303,31.8999996185303,12,0,0,0,1,0,1,0.220899999141693,144,0
0,0,0,0.360000014305115,18.7000007629395,37.4000015258789,0,0,0,5,0,0,1,0.129600003361702,0,0
0,0,0,0.400000005960464,0,0,2,0,0,19,1,0,0,0.160000011324883,4,0
0,0,0,0.330000013113022,0,0,0,2,17.1000003814697,0,0,0,1,0.108900010585785,0,292.410003662109
0,0,0,0.5,0,0,0,0,0,15,0,1,1,0.25,0,0
0,0,0,0.330000013113022,6.30000019073486,25.2000007629395,12,0,0,0,0,0,0,0.108900010585785,144,0
0,0,0,0.200000002980232,0,0,0,3,54.0999984741211,0,0,0,1,0.0400000028312206,0,2926.80981445312
2,0,0,0,0,0,0,1,11.1999998092651,1,0,0,0,0,0,125.439994812012
0,0,0,1,0,0,0,0,0,7,0,0,1,1,0,0
1,0,0,0.400000005960464,0,0,5,0,0,15,0,0,1,0.160000011324883,25,0
0,0,0,0.330000013113022,36.0999984741211,36.0999984741211,0,4,7.59999990463257,0,0,1,0,0.108900010585785,0,57.7599983215332
2,1,0,0.6700000166893,0,0,0,1,0.5,0,0,1,1,0.448900014162064,0,0.25
0,0,0,1,0,0,0,3,16.7999992370605,1,0,0,1,1,0,282.239959716797
0,0,0,0.330000013113022,0,0,12,0,0,0,0,0,0,0.108900010585785,144,0
0,0,0,0,0,0,0,4,63,0,0,1,1,0,0,3969
2,2,2,0,0,0,1,2,52.5999984741211,0,0,0,0,0,1,2766.759765625
1,1,1,0.430000007152557,0,0,0,1,15.8999996185303,1,0,1,1,0.184900000691414,0,252.809982299805
0,0,0,0.5,0,0,0,0,0,6,0,0,1,0.25,0,0
0,0,0,0,0,0,0,0,0,1,0,0,0,0,0,0
3,0,0,0.389999985694885,11.3000001907349,11.3000001907349,0,3,29.7000007629395,0,0,1,0,0.15209998190403,0,882.090026855469
0,0,0,0.5,0,0,0,0,0,1,1,0,1,0.25,0,0
3,2,2,0.439999997615814,0,0,0,1,3.79999995231628,0,0,1,1,0.193599998950958,0,14.4399995803833
0,0,0,0,0,0,0,0,0,8,0,0,1,0,0,0
0,0,0,0,0,0,0,0,0,9,0,1,1,0,0,0
2,1,1,0,0,0,0,0,0,1,0,0,0,0,0,0
0,0,0,0.569999992847443,0,0,0,4,91.5,0,0,0,1,0.32490000128746,0,8372.25
2,1,1,0.409999996423721,0,0,0,1,1.79999995231628,13,0,1,0,0.168099999427795,0,3.23999977111816
1,1,1,0,0,0,0,4,144,0,1,0,0,0,0,20736
0,0,0,0.100000001490116,0,0,0,4,45.5999984741211,0,0,1,0,0.0100000007078052,0,2079.35986328125
0,0,0,1,0,0,0,4,66.5,0,0,0,1,1,0,4422.25
1,1,0,0.8299999833107,0,0,0,1,6.19999980926514,0,0,1,1,0.688899993896484,0,38.439998626709
1,1,0,0,0,0,0,4,90.0999984741211,0,0,0,1,0,0,8118.009765625
0,0,0,0.330000013113022,0,0,8,0,0,2,1,0,1,0.108900010585785,64,0
0,0,0,0,0,0,0,4,169.300003051758,0,0,0,0,0,0,28662.490234375
0,0,0,0,0,0,0,0,0,1,0,0,0,0,0,0
0,0,0,0.5,0,0,0,0,0,11,0,0,0,0.25,0,0
0,0,0,0.330000013113022,0,0,12,0,0,0,0,1,1,0.108900010585785,144,0
1,0,0,0.330000013113022,0,0,0,0,0,1,1,0,1,0.108900010585785,0,0
0,0,0,0.600000023841858,6.19999980926514,6.19999980926514,0,0,0,5,0,0,1,0.360000014305115,0,0
1,0,1,0,0,0,0,1,17.2000007629395,13,0,0,1,0,0,295.840026855469
0,0,0,1,0,0,0,2,3.29999995231628,12,0,0,0,1,0,10.8899993896484
1,0,0,0,0,0,0,0,0,9,0,0,0,0,0,0
1,1,0,0.330000013113022,12.8999996185303,25.7999992370605,6,0,0,1,1,0,1,0.108900010585785,36,0
0,0,0,0,0,0,0,4,103.699996948242,0,0,0,1,0,0,10753.689453125
0,0,0,1,11.8000001907349,35.4000015258789,12,0,0,0,1,0,0,1,144,0
0,0,0,0.5,5.59999990463257,5.59999990463257,0,4,60.7000007629395,0,0,0,1,0.25,0,3684.48999023438
1,1,0,0.5,0,0,0,4,51.7999992370605,0,0,1,0,0.25,0,2683.23999023438
3,2,0,0,0,0,0,0,0,1,1,0,1,0,0,0
3,2,1,0.5,0,0,0,0,0,8,0,1,0,0.25,0,0
0,0,0,1,0,0,0,2,46.2000007629395,15,0,0,1,1,0,2134.44018554688
0,0,0,0.25,0,0,0,1,3.79999995231628,0,0,0,0,0.0625,0,14.4399995803833
1,1,0,1,0,0,0,2,14.3000001907349,3,0,0,1,1,0,204.490005493164
1,0,0,0.330000013113022,0,0,0,1,0.899999976158142,0,0,1,1,0.108900010585785,0,0.809999942779541
0,0,0,0.430000007152557,0,0,0,0,0,12,0,1,0,0.184900000691414,0,0
0,0,0,0.25,0,0,0,4,58.2000007629395,0,0,1,0,0.0625,0,3387.23999023438
0,0,0,0.200000002980232,0,0,0,0,0,9,0,0,0,0.0400000028312206,0,0
0,0,0,0,0,0,0,4,50.4000015258789,0,1,0,0,0,0,2540.16015625
2,2,2,0.540000021457672,5.5,11,0,3,37.5999984741211,1,1,0,1,0.2916000187397,0,1413.75988769531
1,0,1,0.5,0,0,0,1,0.5,7,0,0,1,0.25,0,0.25
0,0,0,0.75,0,0,0,0,0,3,1,0,1,0.5625,0,0
2,2,1,0.0900000035762787,0,0,0,0,0,6,1,0,0,0.00810000021010637,0,0
0,0,0,0.170000001788139,0,0,0,4,263.799987792969,0,1,0,1,0.0289000011980534,0,69590.4296875
1,1,0,0.200000002980232,0,0,0,3,41,0,1,0,1,0.0400000028312206,0,1681
0,0,0,0.430000007152557,0,0,0,2,7.59999990463257,0,0,0,1,0.184900000691414,0,57.7599983215332
0,0,0,0.25,0,0,0,4,108.300003051758,0,0,0,1,0.0625,0,11728.890625
0,0,0,0,20.2999992370605,20.2999992370605,0,3,82.5,0,0,0,1,0,0,6806.25
2,1,0,0.330000013113022,0,0,0,1,28.3999996185303,19,1,0,1,0.108900010585785,0,806.559997558594
2,1,1,0.449999988079071,9.5,9.5,0,4,80.3000030517578,0,1,0,1,0.202499985694885,0,6448.09033203125
1,0,0,0.28999999165535,0,0,0,4,138.899993896484,0,0,1,0,0.0840999931097031,0,19293.208984375
0,0,0,0.400000005960464,0,0,12,0,0,0,0,1,0,0.160000011324883,144,0
0,0,0,0.6700000166893,0,0,0,0,0,6,1,0,0,0.448900014162064,0,0
0,0,0,0,0,0,0,4,90.6999969482422,0,0,0,1,0,0,8226.4892578125
2,1,1,0,0,0,0,1,8.60000038146973,0,0,0,0,0,0,73.9600067138672
5,3,4,0,0,0,0,3,22.3999996185303,0,0,1,0,0,0,501.759979248047
1,1,1,0.379999995231628,0,0,0,4,53,0,0,0,0,0.144400000572205,0,2809
5,2,2,0.270000010728836,0,0,0,1,0.699999988079071,2,0,1,0,0.0729000046849251,0,0.489999979734421
0,0,0,0.400000005960464,0,0,0,0,0,9,1,0,0,0.160000011324883,0,0
2,2,1,0.5,0,0,0,4,24.7999992370605,0,0,1,0,0.25,0,615.039978027344
1,1,1,0.600000023841858,0,0,0,0,0,19,0,0,0,0.360000014305115,0,0
0,0,0,1,0,0,0,4,131.199996948242,0,0,0,1,1,0,17213.439453125
0,0,0,0,0,0,0,4,144.600006103516,0,0,0,0,0,0,20909.162109375
0,0,0,0,0,0,0,0,0,2,0,0,0,0,0,0
1,1,0,0,0,0,0,2,6.19999980926514,0,1,0,1,0,0,38.439998626709
0,0,0,0.569999992847443,18.3999996185303,36.7999992370605,2,1.79999995231628,5.59999990463257,10.8999996185303,0,1,0,0.32490000128746,4,31.3599987030029
0,0,0,1,0,0,0,1,3.40000009536743,17,0,0,0,1,0,11.5600004196167
0,0,0,0.5,0,0,0,3,37.5,6,0,0,0,0.25,0,1406.25
0,0,0,0.5,0,0,0,0,0,10,0,0,0,0.25,0,0
0,0,0,0.330000013113022,18.3999996185303,18.3999996185303,0,0,0,2,0,0,0,0.108900010585785,0,0
0,0,0,0.330000013113022,0,0,0,0,0,3,0,1,1,0.108900010585785,0,0
0,0,0,0.5,0,0,0,4,89.9000015258789,0,0,0,1,0.25,0,8082.01025390625
0,0,0,0.5,11,11,0,0,0,7,0,1,1,0.25,0,0
0,0,0,0.200000002980232,0,0,0,4,21.5,0,0,1,1,0.0400000028312206,0,462.25
0,0,0,0,0,0,0,4,164.899993896484,0,0,1,0,0,0,27192.0078125
1,1,1,0.629999995231628,8.89999961853027,8.89999961853027,7,0,0,1.89999997615814,0,0,1,0.396899998188019,49,0
0,0,0,0,0,0,0,0,0,11,1,0,0,0,0,0
1,1,1,0,0,0,2,2,9.69999980926514,0,0,1,0,0,4,94.0899963378906
2,1,0,0.28999999165535,21.7000007629395,21.7000007629395,0,2,18.8999996185303,0,0,1,1,0.0840999931097031,0,357.209991455078
0,0,0,0.25,24.6000003814697,49.2000007629395,0,1,9.60000038146973,12.8999996185303,0,0,0,0.0625,0,92.1600036621094
0,0,0,1,0,0,0,1,0.699999988079071,17,0,0,1,1,0,0.489999979734421
2,2,0,0,0,0,0,1,29.2999992370605,1,0,0,1,0,0,858.489929199219
2,2,0,0.140000000596046,13.3999996185303,13.3999996185303,0,1,1,0,1,0,1,0.0196000002324581,0,1
0,0,0,0,18.3999996185303,18.3999996185303,0,1,21.2999992370605,3,0,0,0,0,0,453.689971923828
0,0,0,0.5,0,0,0,4,33.4000015258789,0,0,1,0,0.25,0,1115.56005859375
0,0,0,0,0,0,0,4,117.800003051758,0,0,0,1,0,0,13876.8408203125
0,0,0,0.330000013113022,0,0,0,2,29.1000003814697,0,0,0,1,0.108900010585785,0,846.809997558594
0,0,0,1,0,0,0,4,240.800003051758,0,0,0,1,1,0,57984.640625
0,0,0,0,0,0,0,4,140.600006103516,0,0,0,1,0,0,19768.361328125
0,0,0,1,0,0,0,4,148.300003051758,0,0,0,1,1,0,21992.890625
0,0,0,0.75,0,0,0,4,14.6999998092651,0,0,0,1,0.5625,0,216.089996337891
0,0,0,0.8299999833107,7.80000019073486,31.2000007629395,0,2,10.5,0,0,0,1,0.688899993896484,0,110.25
0,0,0,0,0,0,0,1,7.90000009536743,7,0,0,0,0,0,62.4099998474121
1,0,0,0.310000002384186,0,0,0,0,0,23,0,0,1,0.0961000025272369,0,0
2,1,0,0.5,0,0,0,1,6.19999980926514,0,0,1,1,0.25,0,38.439998626709
1,0,0,0.5,0,0,0,0,0,2,0,1,1,0.25,0,0
0,0,0,0.5,0,0,0,0,0,3,1,0,0,0.25,0,0
1,1,1,1,0,0,0,2,2.90000009536743,1,0,0,0,1,0,8.41000080108643
0,0,0,0.25,18.5,18.5,11,0,0,1,1,0,0,0.0625,121,0
0,0,0,0.6700000166893,0,0,0,2,2.90000009536743,0,0,0,1,0.448900014162064,0,8.41000080108643
0,0,0,0.6700000166893,0,0,0,1,4.09999990463257,0,0,0,1,0.448900014162064,0,16.8099994659424
3,3,0,0.330000013113022,11.8999996185303,11.8999996185303,0,0,0,1,0,0,0,0.108900010585785,0,0
0,0,0,0.170000001788139,10.8999996185303,10.8999996185303,9,0,0,4,0,1,1,0.0289000011980534,81,0
0,0,0,0,0,0,0,0,0,2,0,0,1,0,0,0
1,1,0,0.330000013113022,0,0,0,0,0,20,1,0,0,0.108900010585785,0,0
0,0,0,0.5,0,0,0,0,0,4,0,0,1,0.25,0,0
0,0,0,0.330000013113022,0,0,0,1,0.200000002980232,0,0,0,1,0.108900010585785,0,0.0400000028312206
0,0,0,0,0,0,0,3,61.2999992370605,0,0,0,0,0,0,3757.68994140625
0,0,0,0,0,0,0,4,276.200012207031,0,0,1,1,0,0,76286.4453125
0,0,0,0.25,9.10000038146973,9.10000038146973,12,0,0,0,1,0,0,0.0625,144,0
0,0,0,0.5,0,0,0,4,52.4000015258789,0,0,0,0,0.25,0,2745.76025390625
2,2,1,0.419999986886978,6.69999980926514,6.69999980926514,3,0,0,22,0,0,1,0.176399990916252,9,0
0,0,0,0.569999992847443,14.3999996185303,14.3999996185303,0,4,34.5,0,0,0,1,0.32490000128746,0,1190.25
0,0,0,1,0,0,0,4,80.9000015258789,0,0,0,1,1,0,6544.81005859375
0,0,0,0.400000005960464,10.6000003814697,21.2000007629395,12,0,0,0,0,0,0,0.160000011324883,144,0
0,0,0,0.5,0,0,0,4,121.099998474121,0,0,1,1,0.25,0,14665.2099609375
0,0,0,1,0,0,0,4,182.600006103516,0,0,0,1,1,0,33342.76171875
0,0,0,1,0,0,0,0,0,6,0,1,1,1,0,0
0,0,0,0.330000013113022,0,0,0,0,0,1,0,0,1,0.108900010585785,0,0
0,0,0,0.5,0,0,0,3,44.5999984741211,0,0,0,1,0.25,0,1989.15991210938
2,0,0,0.8299999833107,0,0,0,2,26.1000003814697,5,0,1,1,0.688899993896484,0,681.210021972656
0,0,0,0.25,0,0,0,1,0.800000011920929,1,0,0,1,0.0625,0,0.64000004529953
0,0,0,0.5,0,0,12,0,0,0,0,0,1,0.25,144,0
0,0,0,0,0,0,0,4,185.5,0,0,0,0,0,0,34410.25
0,0,0,0.800000011920929,0,0,0,0,0,6,0,0,1,0.64000004529953,0,0
0,0,0,0.6700000166893,0,0,0,4,97.6999969482422,0,0,1,1,0.448900014162064,0,9545.2890625
4,2,2,1,21.7999992370605,43.5999984741211,0,2,25.7999992370605,0,0,1,0,1,0,665.639953613281
1,0,0,0.5,0,0,0,2,1.79999995231628,5,1,0,0,0.25,0,3.23999977111816
0,0,0,0,0,0,0,4,166.5,0,0,0,1,0,0,27722.25
2,2,2,0,0,0,0,0,0,1,1,0,1,0,0,0
1,1,1,1,0,0,0,3,71.0999984741211,1,1,0,0,1,0,5055.2099609375
0,0,0,0.330000013113022,0,0,0,3,9.19999980926514,0,1,0,1,0.108900010585785,0,84.6399993896484
0,0,0,0.6700000166893,11.3999996185303,11.3999996185303,0,4,210.600006103516,0,0,0,1,0.448900014162064,0,44352.36328125
1,1,0,0,0,0,0,4,282.399993896484,0,0,1,0,0,0,79749.7578125
0,0,0,0.6700000166893,0,0,0,0,0,3,0,0,1,0.448900014162064,0,0
1,0,0,0,0,0,0,4,25.7000007629395,0,1,0,0,0,0,660.490051269531
2,2,2,0.400000005960464,0,0,0,2,34.9000015258789,0,0,0,1,0.160000011324883,0,1218.01013183594
0,0,0,0.330000013113022,0,0,0,4,58.7000007629395,0,0,0,1,0.108900010585785,0,3445.69018554688
0,0,0,0.5,0,0,0,4,108.300003051758,0,1,0,1,0.25,0,11728.890625
0,0,0,0.5,0,0,0,0,0,9,0,0,1,0.25,0,0
0,0,0,0,0,0,0,3,15.6999998092651,4,0,0,1,0,0,246.489990234375
1,1,0,0.28999999165535,0,0,0,0,0,2,1,0,1,0.0840999931097031,0,0
3,2,0,0.5,0,0,0,3,37.2000007629395,0,0,1,0,0.25,0,1383.84008789062
0,0,0,0.219999998807907,0,0,0,3,84.8000030517578,0,0,0,0,0.0483999997377396,0,7191.04052734375
0,0,0,0.129999995231628,12.6999998092651,38.0999984741211,12,0,0,0,0,1,0,0.0168999992311001,144,0
0,0,0,0.330000013113022,0,0,0,2,9.5,1,0,1,1,0.108900010585785,0,90.25
0,0,0,0.400000005960464,0,0,0,4,54.7999992370605,0,0,1,1,0.160000011324883,0,3003.03979492188
0,0,0,0.200000002980232,0,0,0,1,2,22,0,0,1,0.0400000028312206,0,4
0,0,0,0.330000013113022,14.1999998092651,14.1999998092651,0,4,76.3000030517578,0,0,1,0,0.108900010585785,0,5821.6904296875
1,0,1,1,0,0,0,0,0,4,0,0,1,1,0,0
1,1,0,0.5,0,0,0,4,103.699996948242,0,0,0,1,0.25,0,10753.689453125
0,0,0,1,0,0,0,4,148.199996948242,0,0,0,1,1,0,21963.23828125
0,0,0,1,0,0,0,0,0,3,0,0,1,1,0,0
0,0,0,0.5,0,0,0,4,183.399993896484,0,0,0,1,0.25,0,33635.55859375
0,0,0,0.6700000166893,10.6999998092651,21.3999996185303,0,4,117.599998474121,0,0,1,1,0.448900014162064,0,13829.759765625
1,1,1,0.709999978542328,0,0,0,4,24.7999992370605,0,0,1,0,0.50409996509552,0,615.039978027344
0,0,0,1,0,0,0,0,0,1,0,0,1,1,0,0
0,0,0,0,0,0,0,0,0,3,0,0,1,0,0,0
0,0,0,0.330000013113022,0,0,0,1,0.800000011920929,15,0,1,1,0.108900010585785,0,0.64000004529953
0,0,0,0.400000005960464,0,0,0,4,108.800003051758,0,0,1,1,0.160000011324883,0,11837.4404296875
0,0,0,1,0,0,0,4,220.300003051758,0,0,0,1,1,0,48532.08984375
1,0,0,0,0,0,0,3,56.2999992370605,0,0,0,1,0,0,3169.68994140625
0,0,0,1,0,0,0,4,176.399993896484,0,0,0,1,1,0,31116.95703125
0,0,0,0,0,0,0,2,28.2999992370605,0,0,0,1,0,0,800.889953613281
1,0,0,0.800000011920929,0,0,0,3,51.7999992370605,1,0,1,1,0.64000004529953,0,2683.23999023438
0,0,0,1,0,0,0,4,178.199996948242,0,0,0,1,1,0,31755.23828125
1,0,0,0,0,0,0,4,176.100006103516,0,1,0,1,0,0,31011.212890625
1,1,1,1,0,0,0,4,142.399993896484,0,0,0,1,1,0,20277.7578125
0,0,0,1,0,0,0,2,23.7999992370605,8,0,0,1,1,0,566.43994140625
3,0,0,0.330000013113022,0,0,0,4,176.5,0,1,0,1,0.108900010585785,0,31152.25
0,0,0,0,0,0,0,4,75.1999969482422,0,0,0,1,0,0,5655.03955078125
0,0,0,0.5,0,0,0,0,0,3,0,1,1,0.25,0,0
0,0,0,0.600000023841858,0,0,12,0,0,0,0,1,0,0.360000014305115,144,0
2,1,0,0.330000013113022,0,0,0,4,145.399993896484,0,0,1,0,0.108900010585785,0,21141.158203125
1,1,1,0,0,0,0,0,0,9,1,0,1,0,0,0
1,1,0,0.330000013113022,0,0,0,0,0,19,1,0,1,0.108900010585785,0,0
0,0,0,1,0,0,0,4,237.699996948242,0,0,0,1,1,0,56501.2890625
0,0,0,0,0,0,0,4,195.699996948242,0,0,0,1,0,0,38298.48828125
1,1,0,0,0,0,0,4,53.7999992370605,0,0,0,1,0,0,2894.43994140625
1,0,0,0.400000005960464,0,0,0,2,33.2000007629395,2,0,0,0,0.160000011324883,0,1102.23999023438
2,1,0,0,19.2999992370605,19.2999992370605,0,3,10.1000003814697,9,1,0,0,0,0,102.010009765625
0,0,0,0.439999997615814,10,20,0,4,262.700012207031,0,0,0,1,0.193599998950958,0,69011.296875
0,0,0,0,0,0,0,4,81.3000030517578,0,0,0,1,0,0,6609.6904296875
0,0,0,0.430000007152557,22,22,0,3,5.69999980926514,5.5,1,0,1,0.184900000691414,0,32.4899978637695
0,0,0,1,0,0,0,2,25.8999996185303,0,0,0,1,1,0,670.809997558594
1,0,0,0.330000013113022,9.69999980926514,19.3999996185303,0,2,21,0,1,0,1,0.108900010585785,0,441
0,0,0,0,0,0,0,2,16.3999996185303,1,0,0,1,0,0,268.959991455078
1,0,0,0.439999997615814,0,0,0,4,35.7000007629395,0,1,0,1,0.193599998950958,0,1274.49011230469
0,0,0,0,0,0,0,0,0,2,0,0,1,0,0,0
0,0,0,1,0,0,0,4,263.600006103516,0,0,0,1,1,0,69484.9609375
0,0,0,0.200000002980232,0,0,0,4,133.800003051758,0,0,1,1,0.0400000028312206,0,17902.44140625
0,0,0,1,0,0,0,0,0,1,0,1,1,1,0,0
0,0,0,0.170000001788139,0,0,0,0,0,2,0,1,1,0.0289000011980534,0,0
1,1,0,0.330000013113022,6.09999990463257,12.1999998092651,0,1,6.09999990463257,0,0,1,1,0.108900010585785,0,37.2099990844727
2,2,0,0,0,0,0,3,20.7000007629395,0,0,1,1,0,0,428.490020751953
1,1,0,0.330000013113022,0,0,0,2,10,1,0,0,1,0.108900010585785,0,100
2,1,0,1,0,0,0,4,80,0,0,0,1,1,0,6400
0,0,0,0,0,0,0,1,21.8999996185303,22,0,0,1,0,0,479.609985351562
0,0,0,0.430000007152557,0,0,12,0,0,0,0,1,0,0.184900000691414,144,0
0,0,0,0.620000004768372,0,0,0,0,0,13,0,0,1,0.384400010108948,0,0
3,1,1,1,0,0,0,2,23.2999992370605,0,0,0,1,1,0,542.889953613281
0,0,0,1,0,0,0,4,64.0999984741211,0,0,0,1,1,0,4108.8095703125
0,0,0,0.5,0,0,0,3,21.6000003814697,0,0,1,1,0.25,0,466.560028076172
0,0,0,0.400000005960464,14.8000001907349,29.6000003814697,0,4,32.5999984741211,0,0,1,0,0.160000011324883,0,1062.75988769531
0,0,0,0.5,0,0,0,3,51.2000007629395,0,0,1,1,0.25,0,2621.44018554688
0,0,0,0.569999992847443,0,0,0,3,123.099998474121,0,0,1,1,0.32490000128746,0,15153.609375
0,0,0,0.330000013113022,0,0,0,0,0,4,0,0,1,0.108900010585785,0,0
1,1,1,0,0,0,0,0,0,9,1,0,0,0,0,0
0,0,0,0.330000013113022,0,0,0,3,29.5,3,0,0,1,0.108900010585785,0,870.25
0,0,0,1,0,0,0,0,0,3,1,0,1,1,0,0
0,0,0,0,0,0,0,1,45.7999992370605,3,0,0,1,0,0,2097.63989257812
0,0,0,1,0,0,0,0,0,1,0,0,1,1,0,0
0,0,0,1,0,0,0,1,1,1,0,0,1,1,0,1
0,0,0,0.569999992847443,0,0,0,0,0,22,0,0,1,0.32490000128746,0,0
0,0,0,0.330000013113022,0,0,0,1,1.89999997615814,5,0,0,1,0.108900010585785,0,3.60999989509583
0,0,0,0.5,0,0,0,4,230.100006103516,0,0,0,1,0.25,0,52946.01171875
1,1,0,0,0,0,0,3,31.3999996185303,0,1,0,1,0,0,985.9599609375
1,0,0,0.219999998807907,13.6999998092651,13.6999998092651,0,0,0,11,0,1,1,0.0483999997377396,0,0
0,0,0,0.600000023841858,0,0,12,0,0,0,0,0,1,0.360000014305115,144,0
2,1,2,0.5,0,0,0,2,11.6000003814697,0,0,1,0,0.25,0,134.560012817383
0,0,0,0.800000011920929,15,30,7,0,0,11.3999996185303,0,0,0,0.64000004529953,49,0
1,0,0,0,0,0,0,3,28.2999992370605,0,0,0,1,0,0,800.889953613281
3,3,2,0.5,0,0,0,1,3.79999995231628,5,0,0,1,0.25,0,14.4399995803833
0,0,0,0.28999999165535,0,0,0,4,285.200012207031,0,0,0,1,0.0840999931097031,0,81339.046875
0,0,0,0.5,0,0,0,2,18,0,0,0,1,0.25,0,324
1,0,0,0.439999997615814,12.3999996185303,12.3999996185303,2,1,0.200000002980232,5,0,1,1,0.193599998950958,4,0.0400000028312206
0,0,0,0,0,0,0,4,155.600006103516,0,0,0,1,0,0,24211.361328125
0,0,0,0.5,0,0,0,3,114,0,0,1,1,0.25,0,12996
0,0,0,0,0,0,0,0,0,2,0,0,1,0,0,0
0,0,0,0.5,0,0,0,4,345,0,0,0,1,0.25,0,119025
1,1,1,0.379999995231628,0,0,0,0,0,5,0,1,1,0.144400000572205,0,0
0,0,0,0,0,0,0,4,209,0,0,1,1,0,0,43681
0,0,0,0.5,0,0,12,0,0,0,0,0,1,0.25,144,0
0,0,0,0.300000011920929,0,0,0,1,0.200000002980232,9,0,0,0,0.0900000035762787,0,0.0400000028312206
0,0,0,0.5,0,0,0,0,0,2,0,0,0,0.25,0,0
0,0,0,0.400000005960464,0,0,0,0,0,12,1,0,0,0.160000011324883,0,0
0,0,0,0.6700000166893,0,0,0,4,55.9000015258789,0,0,0,1,0.448900014162064,0,3124.81005859375
0,0,0,0.330000013113022,8.60000038146973,8.60000038146973,0,3,14,0,0,1,1,0.108900010585785,0,196
0,0,0,1,0,0,0,4,295.899993896484,0,0,1,1,1,0,87556.8046875
0,0,0,1,0,0,0,4,243.100006103516,0,0,0,1,1,0,59097.61328125
0,0,0,1,0,0,0,1,20.1000003814697,0,0,0,1,1,0,404.010009765625
0,0,0,0,0,0,0,2,45.9000015258789,2,1,0,1,0,0,2106.81005859375
1,0,0,0.330000013113022,0,0,0,4,187.800003051758,0,0,0,1,0.108900010585785,0,35268.83984375
0,0,0,0.0799999982118607,0,0,0,0,0,2,1,0,1,0.0063999998383224,0,0
0,0,0,0.379999995231628,9.60000038146973,9.60000038146973,6,1,1.29999995231628,0,1,0,0,0.144400000572205,36,1.68999981880188
0,0,0,0.6700000166893,0,0,0,4,90.5,0,0,1,0,0.448900014162064,0,8190.25
0,0,0,1,0,0,0,4,166.199996948242,0,0,0,1,1,0,27622.439453125
1,1,0,0.600000023841858,0,0,0,4,28.7999992370605,0,0,1,1,0.360000014305115,0,829.43994140625
1,1,0,1,0,0,0,2,16.2000007629395,4,0,0,1,1,0,262.440032958984
0,0,0,0,0,0,0,4,142.300003051758,0,0,0,1,0,0,20249.291015625
0,0,0,0.5,0,0,0,1,3.5,0,0,0,1,0.25,0,12.25
0,0,0,0.400000005960464,0,0,0,1,1,12,0,1,1,0.160000011324883,0,1
0,0,0,0.75,0,0,0,4,94.5,0,0,0,1,0.5625,0,8930.25
0,0,0,1,0,0,0,4,188,0,0,0,1,1,0,35344
0,0,0,0,0,0,0,1,6.80000019073486,14,0,0,1,0,0,46.2400016784668
0,0,0,0.5,0,0,0,3,36,0,0,1,1,0.25,0,1296
0,0,0,0.569999992847443,0,0,0,0,0,1,0,0,1,0.32490000128746,0,0
0,0,0,0.25,0,0,0,4,230.800003051758,0,0,0,1,0.0625,0,53268.640625
0,0,0,0.5,0,0,0,4,180.300003051758,0,0,0,1,0.25,0,32508.091796875
0,0,0,1,0,0,0,3,68.9000015258789,0,0,0,1,1,0,4747.21044921875
0,0,0,0,0,0,0,0,0,1,0,0,1,0,0,0
0,0,0,0.28999999165535,0,0,11,0,0,0,0,0,1,0.0840999931097031,121,0
0,0,0,0.5,0,0,0,2,21.2999992370605,0,0,0,1,0.25,0,453.689971923828
0,0,0,1,0,0,0,4,128.899993896484,0,0,0,1,1,0,16615.208984375
0,0,0,0.170000001788139,0,0,0,3,28.2999992370605,0,0,1,0,0.0289000011980534,0,800.889953613281
0,0,0,0,0,0,0,4,81,0,0,1,0,0,0,6561
4,0,0,0.360000014305115,0,0,3,0,0,8,0,1,1,0.129600003361702,9,0
0,0,0,0.5,0,0,0,3,111.199996948242,2,0,0,1,0.25,0,12365.439453125
0,0,0,0.5,0,0,0,3,40.5,3,0,1,1,0.25,0,1640.25
0,0,0,0.28999999165535,0,0,0,4,56.7000007629395,0,0,0,1,0.0840999931097031,0,3214.89013671875
2,2,0,0.5,0,0,0,3,20,0,0,1,1,0.25,0,400
0,0,0,0.330000013113022,0,0,0,4,141.300003051758,0,0,0,1,0.108900010585785,0,19965.69140625
0,0,0,1,0,0,0,4,78.8000030517578,0,0,1,1,1,0,6209.4404296875
1,1,1,0.6700000166893,0,0,0,1,5.30000019073486,1,1,0,1,0.448900014162064,0,28.0900020599365
0,0,0,0.5,0,0,0,4,25.6000003814697,0,0,0,0,0.25,0,655.360046386719
0,0,0,0,0,0,0,4,229.199996948242,0,0,0,1,0,0,52532.63671875
0,0,0,1,0,0,0,4,37.7000007629395,0,0,0,1,1,0,1421.2900390625
0,0,0,0.6700000166893,0,0,0,4,224.699996948242,0,0,0,1,0.448900014162064,0,50490.08984375
0,0,0,0.5,0,0,0,1,14.6999998092651,0,0,0,1,0.25,0,216.089996337891
0,0,0,0,0,0,0,4,94.8000030517578,0,0,0,1,0,0,8987.041015625
0,0,0,0.360000014305115,0,0,0,2,28.6000003814697,2,0,0,1,0.129600003361702,0,817.960021972656
0,0,0,0.109999999403954,0,0,0,3,27.8999996185303,0,0,0,1,0.0120999999344349,0,778.409973144531
0,0,0,0.5,15.6999998092651,15.6999998092651,0,3,70,0,0,0,1,0.25,0,4900
0,0,0,0.25,0,0,0,4,98.9000015258789,0,0,0,1,0.0625,0,9781.2099609375
0,0,0,0.330000013113022,11.6999998092651,11.6999998092651,2,3.40000009536743,64.3000030517578,0,0,0,0,0.108900010585785,4,4134.490234375
0,0,0,0.330000013113022,0,0,0,3,54.7999992370605,1,0,0,1,0.108900010585785,0,3003.03979492188
0,0,0,0,0,0,0,4,219.199996948242,0,0,0,1,0,0,48048.63671875
0,0,0,0.419999986886978,0,0,0,0,0,2,0,1,1,0.176399990916252,0,0
0,0,0,0.5,0,0,0,4,89.8000030517578,0,0,1,1,0.25,0,8064.04052734375
0,0,0,0,0,0,0,2,1.29999995231628,1,1,0,1,0,0,1.68999981880188
0,0,0,0,0,0,0,4,44.4000015258789,0,1,0,0,0,0,1971.36010742188
2,0,0,0.25,0,0,0,3,51.4000015258789,2,1,0,0,0.0625,0,2641.96020507812
0,0,0,0,0,0,12,0,0,0,1,0,0,0,144,0
1,0,0,0.5,0,0,0,2,51.7000007629395,1,0,0,1,0.25,0,2672.89013671875
0,0,0,0.330000013113022,0,0,0,0,0,2,0,0,1,0.108900010585785,0,0
0,0,0,0.600000023841858,0,0,0,4,135.699996948242,0,0,1,1,0.360000014305115,0,18414.48828125
2,1,0,0,0,0,0,0,0,1,0,0,1,0,0,0
0,0,0,0.330000013113022,0,0,0,2,35.4000015258789,0,0,0,1,0.108900010585785,0,1253.16015625
1,1,0,1,0,0,0,3,8.60000038146973,0,1,0,1,1,0,73.9600067138672
0,0,0,1,0,0,0,0,0,8,0,0,1,1,0,0
0,0,0,0,0,0,0,3,69.8000030517578,0,0,0,1,0,0,4872.04052734375
1,1,1,0.200000002980232,0,0,0,4,77.5999984741211,0,0,0,0,0.0400000028312206,0,6021.759765625
1,1,0,0,0,0,0,1,2.40000009536743,0,1,0,1,0,0,5.76000022888184
0,0,0,1,0,0,0,4,159.5,0,0,0,1,1,0,25440.25
0,0,0,0.540000021457672,7.09999990463257,21.2999992370605,12,0,0,0,1,0,1,0.2916000187397,144,0
0,0,0,0.330000013113022,0,0,0,1,4,0,0,0,1,0.108900010585785,0,16
0,0,0,0,0,0,0,4,159.899993896484,0,0,0,1,0,0,25568.0078125
0,0,0,0.5,0,0,0,4,98.3000030517578,0,0,1,1,0.25,0,9662.890625
2,2,0,0,0,0,0,4,54.9000015258789,0,0,1,1,0,0,3014.01025390625
0,0,0,1,0,0,0,4,166.399993896484,0,0,1,1,1,0,27688.95703125
1,0,1,1,0,0,0,4,74.9000015258789,0,1,0,1,1,0,5610.01025390625
2,0,0,0.75,16.1000003814697,16.1000003814697,1,0,0,2,0,0,0,0.5625,1,0
0,0,0,0,0,0,0,4,114.099998474121,0,0,1,1,0,0,13018.8095703125
0,0,0,1,0,0,0,2,1.79999995231628,2,1,0,1,1,0,3.23999977111816
2,1,0,0.5,0,0,0,1,1.5,1,1,0,1,0.25,0,2.25
0,0,0,0.330000013113022,0,0,0,4,120.199996948242,0,1,0,1,0.108900010585785,0,14448.0390625
0,0,0,0.600000023841858,0,0,0,3,32,0,1,0,1,0.360000014305115,0,1024
0,0,0,0,0,0,0,4,61,0,0,0,1,0,0,3721
0,0,0,0.5,0,0,0,3,81.3000030517578,0,0,1,0,0.25,0,6609.6904296875
1,1,0,0,0,0,0,1,16.8999996185303,0,0,0,1,0,0,285.609985351562
0,0,0,0.560000002384186,0,0,0,4,55.7000007629395,0,0,1,1,0.31360000371933,0,3102.48999023438
0,0,0,0,0,0,0,4,81.3000030517578,0,1,0,1,0,0,6609.6904296875
2,2,0,0.569999992847443,0,0,4,0,0,5,1,0,1,0.32490000128746,16,0
0,0,0,0.330000013113022,0,0,0,4,78.5,0,0,1,1,0.108900010585785,0,6162.25
1,0,0,0.600000023841858,11.8000001907349,11.8000001907349,0,2,45.5999984741211,7,0,1,1,0.360000014305115,0,2079.35986328125
0,0,0,1,0,0,0,1,15.6000003814697,4,0,0,1,1,0,243.360015869141
3,3,1,0.5,0,0,0,0,0,11,1,0,1,0.25,0,0
2,2,1,0.75,0,0,0,0,0,18,0,0,1,0.5625,0,0
0,0,0,0.6700000166893,0,0,12,0,0,0,0,0,1,0.448900014162064,144,0
0,0,0,0.25,0,0,12,0,0,0,1,0,1,0.0625,144,0
3,3,3,1,0,0,0,1,0,2,1,0,1,1,0,0
0,0,0,1,0,0,0,4,48.9000015258789,0,1,0,1,1,0,2391.21020507812
0,0,0,0,0,0,0,4,339.700012207031,0,0,0,1,0,0,115396.1015625
0,0,0,1,0,0,0,4,129.699996948242,0,0,0,1,1,0,16822.08984375
0,0,0,0.5,17.7000007629395,35.4000015258789,2,0,0,5,1,0,1,0.25,4,0
0,0,0,0.5,0,0,0,4,188.600006103516,0,0,0,1,0.25,0,35569.9609375
0,0,0,1,0,0,0,4,123.099998474121,0,0,0,1,1,0,15153.609375
0,0,0,0,0,0,0,0,0,1,0,0,1,0,0,0
0,0,0,1,0,0,0,4,227.600006103516,0,0,0,1,1,0,51801.76171875
0,0,0,0,0,0,0,4,183.199996948242,0,0,0,1,0,0,33562.23828125
1,0,0,1,0,0,0,3,53.5,0,0,0,1,1,0,2862.25
0,0,0,0,0,0,0,4,103,0,1,0,1,0,0,10609
0,0,0,1,0,0,0,4,109.699996948242,0,0,0,1,1,0,12034.0888671875
0,0,0,0,0,0,0,4,44,0,0,1,1,0,0,1936
3,2,2,0.379999995231628,16,32,2,1,0.899999976158142,1,1,0,1,0.144400000572205,4,0.809999942779541
0,0,0,1,0,0,0,4,190.699996948242,0,0,1,1,1,0,36366.48828125
0,0,0,1,0,0,0,2,37.2999992370605,0,1,0,1,1,0,1391.28991699219
0,0,0,0,0,0,0,2,33,5,0,1,1,0,0,1089
0,0,0,0.439999997615814,0,0,0,2,9.19999980926514,3,0,0,1,0.193599998950958,0,84.6399993896484
0,0,0,0.25,0,0,0,0,0,9,0,0,1,0.0625,0,0
0,0,0,0,0,0,0,4,271.700012207031,0,0,0,1,0,0,73820.8984375
0,0,0,0,0,0,0,4,170.199996948242,0,1,0,1,0,0,28968.0390625
0,0,0,0.379999995231628,40.5,40.5,11,0,0,3.29999995231628,0,0,1,0.144400000572205,121,0
0,0,0,0.5,0,0,0,3,47.5,0,0,0,1,0.25,0,2256.25
0,0,0,0.5,0,0,0,3,58.9000015258789,0,1,0,1,0.25,0,3469.21020507812
0,0,0,1,0,0,0,4,155.800003051758,0,0,1,1,1,0,24273.640625
1,0,0,0.5,18.8999996185303,18.8999996185303,0,2,5.09999990463257,0,0,1,0,0.25,0,26.0099983215332
0,0,0,0.5,0,0,0,1,0.300000011920929,15,0,0,1,0.25,0,0.0900000035762787
1,1,0,0.379999995231628,0,0,0,0,0,23,1,0,1,0.144400000572205,0,0
0,0,0,0,0,0,0,3,29.2999992370605,0,0,0,1,0,0,858.489929199219
0,0,0,0,0,0,0,2,22.7000007629395,2,0,0,1,0,0,515.2900390625
0,0,0,0,0,0,0,4,200.399993896484,0,0,0,1,0,0,40160.15625
0,0,0,0.600000023841858,0,0,0,2,74.4000015258789,1,0,0,1,0.360000014305115,0,5535.3603515625
2,0,0,0,12.1000003814697,24.2000007629395,0,2,2.09999990463257,0,1,0,0,0,0,4.40999937057495
0,0,0,0.310000002384186,4,4,0,0,0,4.69999980926514,1,0,0,0.0961000025272369,0,0
0,0,0,0.330000013113022,0,0,0,4,73.0999984741211,0,0,0,1,0.108900010585785,0,5343.60986328125
0,0,0,1,0,0,0,2,30,2,0,0,1,1,0,900
0,0,0,0,0,0,0,0,0,2,0,0,1,0,0,0
1,0,0,1,0,0,0,3,46.2000007629395,0,0,0,1,1,0,2134.44018554688
2,1,2,0.200000002980232,0,0,0,2,14.6999998092651,1,0,1,1,0.0400000028312206,0,216.089996337891
0,0,0,0.330000013113022,0,0,0,4,67.3000030517578,0,0,0,1,0.108900010585785,0,4529.29052734375
0,0,0,0.400000005960464,3.5,7,0,0,0,5,0,0,1,0.160000011324883,0,0
0,0,0,0.330000013113022,0,0,0,1,3.29999995231628,9,0,0,1,0.108900010585785,0,10.8899993896484
0,0,0,1,0,0,0,4,231,0,0,0,0,1,0,53361
0,0,0,0,0,0,0,3,13.8999996185303,1,0,0,0,0,0,193.209991455078
0,0,0,0.6700000166893,0,0,0,3,30.2000007629395,1,0,0,1,0.448900014162064,0,912.0400390625
1,1,0,0.330000013113022,0,0,0,4,145.100006103516,0,0,1,1,0.108900010585785,0,21054.01171875
0,0,0,0,0,0,0,4,259.299987792969,0,0,1,1,0,0,67236.484375
0,0,0,0,0,0,0,4,93,0,0,0,1,0,0,8649
0,0,0,0.5,0,0,0,3,34.7999992370605,0,0,0,1,0.25,0,1211.03991699219
0,0,0,0.639999985694885,12.5,12.5,12,0,0,0,0,1,1,0.409599989652634,144,0
0,0,0,0,0,0,0,4,179,0,0,1,1,0,0,32041
0,0,0,0.330000013113022,47.0999984741211,47.0999984741211,12,0,0,0,1,0,1,0.108900010585785,144,0
0,0,0,1,0,0,0,2,57.2000007629395,15,0,0,1,1,0,3271.84008789062
0,0,0,1,0,0,0,4,51.7999992370605,0,0,0,1,1,0,2683.23999023438
0,0,0,0.75,0,0,0,2,27.1000003814697,2,0,0,1,0.5625,0,734.410034179688
1,0,1,0,0,0,0,0,0,4,0,0,1,0,0,0
0,0,0,0.25,0,0,0,4,72.1999969482422,0,0,1,0,0.0625,0,5212.83935546875
0,0,0,0.6700000166893,0,0,0,4,107.800003051758,0,1,0,1,0.448900014162064,0,11620.8408203125
0,0,0,1,0,0,0,3,37.5,1,0,1,1,1,0,1406.25
0,0,0,0.330000013113022,0,0,0,0,0,2,0,0,1,0.108900010585785,0,0
0,0,0,0,0,0,0,1,10.8000001907349,0,0,0,1,0,0,116.640007019043
0,0,0,0,0,0,0,4,197.5,0,0,0,1,0,0,39006.25
1,1,0,0.200000002980232,0,0,0,4,170.699996948242,0,0,1,1,0.0400000028312206,0,29138.48828125
0,0,0,0.25,0,0,0,0,0,5,1,0,1,0.0625,0,0
0,0,0,1,0,0,0,2,12.6999998092651,0,0,0,0,1,0,161.289993286133
0,0,0,0.400000005960464,0,0,0,0,0,25,0,1,0,0.160000011324883,0,0
0,0,0,1,0,0,0,4,232.300003051758,0,0,0,1,1,0,53963.29296875
1,1,0,0.569999992847443,0,0,0,0,0,7,0,0,1,0.32490000128746,0,0
0,0,0,1,0,0,0,2,42,1,0,0,1,1,0,1764
0,0,0,0,0,0,0,0,0,7,0,0,1,0,0,0
0,0,0,1,0,0,0,3,132.899993896484,0,0,0,1,1,0,17662.408203125
0,0,0,0,0,0,0,4,114.599998474121,0,1,0,1,0,0,13133.1591796875
0,0,0,0.6700000166893,0,0,0,0,0,21,0,0,0,0.448900014162064,0,0
1,0,0,0.600000023841858,8.30000019073486,8.30000019073486,0,3,5.5,0,0,0,0,0.360000014305115,0,30.25
0,0,0,0.5,0,0,0,4,97.1999969482422,0,0,0,0,0.25,0,9447.83984375
0,0,0,1,0,0,0,3,33.9000015258789,0,0,1,1,1,0,1149.21008300781
0,0,0,1,0,0,0,4,115.599998474121,0,0,0,1,1,0,13363.359375
0,0,0,0.140000000596046,0,0,0,0,0,17,1,0,1,0.0196000002324581,0,0
0,0,0,1,0,0,0,4,169,0,0,0,1,1,0,28561
0,0,0,0.5,0,0,0,2,0.899999976158142,4,0,0,1,0.25,0,0.809999942779541
0,0,0,0.5,0,0,0,1,3.70000004768372,5,0,1,1,0.25,0,13.6900005340576
1,1,0,0.200000002980232,0,0,0,0,0,1,0,0,1,0.0400000028312206,0,0
0,0,0,1,0,0,0,0,0,1,0,0,1,1,0,0
0,0,0,0.430000007152557,0,0,0,0,0,2,0,1,1,0.184900000691414,0,0
1,0,0,0.300000011920929,5.59999990463257,11.1999998092651,6,1,11.8999996185303,0,1,0,1,0.0900000035762787,36,141.609985351562
0,0,0,0,0,0,0,4,149.899993896484,0,0,0,1,0,0,22470.0078125
0,0,0,0,0,0,0,1,7.30000019073486,0,0,0,1,0,0,53.2900009155273
0,0,0,1,0,0,0,4,93.5999984741211,0,0,0,1,1,0,8760.9599609375
0,0,0,0.6700000166893,0,0,0,2,33.5999984741211,3,0,0,1,0.448900014162064,0,1128.95983886719
0,0,0,0,0,0,0,2,65.5999984741211,1,0,0,1,0,0,4303.35986328125
1,1,0,0.5,0,0,0,0,0,1,0,0,1,0.25,0,0
0,0,0,0.6700000166893,0,0,0,4,88.5,0,0,1,1,0.448900014162064,0,7832.25
0,0,0,0.6700000166893,7.09999990463257,7.09999990463257,0,0,0,9,0,0,0,0.448900014162064,0,0
0,0,0,1,0,0,0,2,43.5,0,0,0,1,1,0,1892.25
0,0,0,0,0,0,0,3,27,0,0,0,1,0,0,729
2,0,2,1,0,0,0,1,8.80000019073486,1,0,0,1,1,0,77.4400024414062
1,1,1,0.28999999165535,0,0,0,0,0,5,0,1,1,0.0840999931097031,0,0
0,0,0,1,0,0,0,3,90.5,5,0,0,1,1,0,8190.25
0,0,0,1,0,0,0,2,40.7000007629395,0,0,0,1,1,0,1656.49011230469
1,0,1,0.5,0,0,0,4,43,0,0,0,1,0.25,0,1849
0,0,0,0,0,0,0,1,7.69999980926514,1,0,0,1,0,0,59.2899971008301
0,0,0,0.400000005960464,0,0,0,4,7.09999990463257,0,0,0,1,0.160000011324883,0,50.4099998474121
2,1,2,0.200000002980232,0,0,0,0,0,6,1,0,0,0.0400000028312206,0,0
0,0,0,0.400000005960464,0,0,0,0,0,7,1,0,0,0.160000011324883,0,0
0,0,0,0,0,0,0,4,111.800003051758,0,1,0,1,0,0,12499.240234375
0,0,0,1,0,0,0,1,1.5,25,0,0,1,1,0,2.25
0,0,0,0,0,0,0,4,227.5,0,0,1,1,0,0,51756.25
1,1,0,0,0,0,0,4,90.5,0,0,0,1,0,0,8190.25
0,0,0,0,0,0,0,1,4.30000019073486,0,1,0,1,0,0,18.4900016784668
0,0,0,0,0,0,0,4,108.599998474121,0,0,1,1,0,0,11793.9599609375
0,0,0,0,0,0,0,0,0,3,0,1,1,0,0,0
1,1,0,0.330000013113022,0,0,0,2,7.19999980926514,6,0,0,1,0.108900010585785,0,51.8399963378906
0,0,0,1,0,0,0,1,35.0999984741211,0,0,0,1,1,0,1232.00988769531
0,0,0,0,0,0,0,2,25.1000003814697,0,0,0,1,0,0,630.010009765625
0,0,0,0.419999986886978,0,0,0,1,0.100000001490116,0,0,0,1,0.176399990916252,0,0.0100000007078052
0,0,0,0.25,0,0,0,2,19.1000003814697,7,0,0,0,0.0625,0,364.810028076172
0,0,0,0.330000013113022,9.89999961853027,9.89999961853027,0,4,70.1999969482422,0,1,0,0,0.108900010585785,0,4928.03955078125
1,0,0,0,39,39,0,2,6.5,2,0,0,0,0,0,42.25
0,0,0,1,0,0,0,0,0,1,0,0,1,1,0,0
0,0,0,0,0,0,0,2,53.7999992370605,7,0,0,1,0,0,2894.43994140625
0,0,0,0,0,0,0,0,0,2,0,0,1,0,0,0
0,0,0,0.5,0,0,0,0,0,9,1,0,0,0.25,0,0
0,0,0,0.569999992847443,9.69999980926514,29.1000003814697,12,0,0,0,0,0,0,0.32490000128746,144,0
0,0,0,0.330000013113022,0,0,0,2,1.29999995231628,5,0,0,1,0.108900010585785,0,1.68999981880188
0,0,0,1,0,0,0,4,136.699996948242,0,0,0,1,1,0,18686.888671875
0,0,0,0.5,0,0,0,4,140.5,0,0,0,1,0.25,0,19740.25
1,1,0,0.6700000166893,0,0,0,4,162.899993896484,0,0,1,1,0.448900014162064,0,26536.408203125
2,1,0,0,0,0,0,1,2.90000009536743,2,0,0,1,0,0,8.41000080108643
0,0,0,0.25,0,0,0,1,2.5,1,0,0,1,0.0625,0,6.25
3,2,0,0.419999986886978,0,0,0,0,0,5,1,0,1,0.176399990916252,0,0
0,0,0,0.639999985694885,0,0,0,4,48.5999984741211,0,1,0,0,0.409599989652634,0,2361.9599609375
1,1,0,0.560000002384186,0,0,0,0,0,9,0,0,1,0.31360000371933,0,0
0,0,0,0.5,0,0,0,2,32.2000007629395,0,0,0,1,0.25,0,1036.84008789062
0,0,0,1,0,0,0,0,0,2,0,1,1,1,0,0
0,0,0,0.430000007152557,0,0,0,3,21,0,0,1,1,0.184900000691414,0,441
0,0,0,0.5,0,0,0,4,21.1000003814697,0,0,0,1,0.25,0,445.210021972656
0,0,0,0.330000013113022,0,0,0,1,4.59999990463257,0,0,0,0,0.108900010585785,0,21.1599998474121
1,1,1,0,0,0,0,4,54.7999992370605,0,1,0,1,0,0,3003.03979492188
1,1,0,0.75,0,0,0,4,27.2999992370605,0,0,0,0,0.5625,0,745.289978027344
1,1,0,0,0,0,0,0,0,7,1,0,0,0,0,0
1,1,0,0.200000002980232,11.8999996185303,11.8999996185303,0,0,0,9,0,0,0,0.0400000028312206,0,0
0,0,0,0.6700000166893,0,0,0,2,5.59999990463257,1,1,0,0,0.448900014162064,0,31.3599987030029
0,0,0,0,0,0,0,4,54.7000007629395,0,0,0,1,0,0,2992.09008789062
0,0,0,1,0,0,0,0,0,2,1,0,1,1,0,0
0,0,0,1,0,0,0,4,147.199996948242,0,0,0,1,1,0,21667.83984375
1,0,0,0.5,0,0,0,1,1.79999995231628,7,0,1,0,0.25,0,3.23999977111816
1,0,0,1,0,0,0,4,101.599998474121,0,0,0,0,1,0,10322.5595703125
0,0,0,0,0,0,0,0,0,9,0,0,1,0,0,0
0,0,0,0,0,0,0,3,44.2000007629395,0,0,1,1,0,0,1953.64001464844
2,1,1,0.629999995231628,0,0,0,0,0,2,0,1,1,0.396899998188019,0,0
1,1,0,1,0,0,0,2,6.80000019073486,0,0,1,0,1,0,46.2400016784668
0,0,0,1,0,0,0,4,107.699996948242,0,0,0,1,1,0,11599.2890625
0,0,0,1,0,0,0,0,0,6,0,0,1,1,0,0
0,0,0,0.5,0,0,0,4,156.5,0,0,0,1,0.25,0,24492.25
0,0,0,0,0,0,0,3,63.9000015258789,0,0,0,0,0,0,4083.21020507812
0,0,0,1,0,0,0,4,93.6999969482422,0,0,0,1,1,0,8779.689453125
1,0,0,0.400000005960464,0,0,0,0,0,1,1,0,1,0.160000011324883,0,0
1,1,1,0.5,0,0,0,2,11.8999996185303,0,0,1,0,0.25,0,141.609985351562
0,0,0,0.330000013113022,4.30000019073486,12.8999996185303,0,0,0,5,0,0,0,0.108900010585785,0,0
0,0,0,0.200000002980232,0,0,0,0,0,5,0,0,0,0.0400000028312206,0,0
0,0,0,1,0,0,0,4,143.600006103516,0,0,0,0,1,0,20620.9609375
1,1,0,0.25,13.3000001907349,13.3000001907349,1,0,0,19.3999996185303,0,0,0,0.0625,1,0
1,1,0,1,0,0,0,0,0,17,0,1,1,1,0,0
0,0,0,1,0,0,0,4,238.100006103516,0,0,0,0,1,0,56691.61328125
0,0,0,0.330000013113022,0,0,0,1,10.1000003814697,0,1,0,0,0.108900010585785,0,102.010009765625
1,1,1,0.330000013113022,0,0,0,1,4.09999990463257,4,1,0,0,0.108900010585785,0,16.8099994659424
1,0,0,0,0,0,0,2,18.7000007629395,1,0,0,0,0,0,349.690032958984
2,1,0,0,0,0,0,4,215.199996948242,0,1,0,1,0,0,46311.0390625
2,2,1,0.170000001788139,0,0,0,0,0,2,0,0,0,0.0289000011980534,0,0
1,1,0,0.6700000166893,0,0,0,1,0.699999988079071,1,0,1,0,0.448900014162064,0,0.489999979734421
0,0,0,0,0,0,0,0,0,4,0,0,0,0,0,0
0,0,0,1,0,0,0,4,99.6999969482422,0,0,0,1,1,0,9940.08984375
0,0,0,0.5,0,0,0,0,0,2,0,0,0,0.25,0,0
0,0,0,0.5,0,0,0,3,76.5999984741211,0,0,0,0,0.25,0,5867.5595703125
0,0,0,1,0,0,0,4,87.4000015258789,0,0,0,1,1,0,7638.76025390625
0,0,0,0.28999999165535,0,0,0,0,0,18,0,0,0,0.0840999931097031,0,0
0,0,0,0,0,0,0,0,0,3,0,0,1,0,0,0
0,0,0,0,0,0,0,2,15.5,2,0,0,1,0,0,240.25
0,0,0,0.25,0,0,0,0,0,2,0,0,0,0.0625,0,0
1,1,1,0.140000000596046,0,0,0,0,0,9,0,0,0,0.0196000002324581,0,0
0,0,0,1,0,0,0,4,157.199996948242,0,0,0,1,1,0,24711.83984375
0,0,0,0.5,0,0,0,4,106.400001525879,0,0,0,0,0.25,0,11320.9599609375
0,0,0,0,0,0,0,3,46.2000007629395,0,0,0,0,0,0,2134.44018554688
0,0,0,0,0,0,0,3,60.9000015258789,0,0,0,1,0,0,3708.81030273438
0,0,0,0,0,0,0,4,152.899993896484,0,0,0,0,0,0,23378.408203125
1,1,1,0,0,0,0,3,34,0,0,0,1,0,0,1156
0,0,0,0.5,0,0,0,4,66.6999969482422,0,0,1,0,0.25,0,4448.8896484375
1,0,0,0.600000023841858,0,0,0,2,63.4000015258789,0,0,1,0,0.360000014305115,0,4019.56030273438
0,0,0,0,0,0,0,3,37.2999992370605,6,0,0,1,0,0,1391.28991699219
2,1,0,0.800000011920929,0,0,0,2,25.8999996185303,2,0,0,0,0.64000004529953,0,670.809997558594
0,0,0,0.629999995231628,5.5,5.5,0,4,124.800003051758,0,1,0,0,0.396899998188019,0,15575.041015625
0,0,0,0,0,0,0,3,81.3000030517578,0,0,0,0,0,0,6609.6904296875
0,0,0,1,0,0,0,2,23.5,0,0,0,0,1,0,552.25
0,0,0,0,0,0,0,3,33,0,0,0,0,0,0,1089
0,0,0,1,0,0,0,4,114.599998474121,0,0,0,1,1,0,13133.1591796875
1,1,1,0.25,0,0,0,0,0,14,0,1,0,0.0625,0,0
1,1,0,0,0,0,0,4,29.2999992370605,0,0,0,0,0,0,858.489929199219
0,0,0,0,0,0,0,3,23.7000007629395,0,0,1,1,0,0,561.690063476562
0,0,0,0.5,0,0,0,1,3.29999995231628,1,0,1,0,0.25,0,10.8899993896484
0,0,0,1,0,0,0,1,1.5,2,0,0,0,1,0,2.25
0,0,0,0,0,0,0,4,39.5999984741211,0,1,0,0,0,0,1568.15991210938
0,0,0,0.400000005960464,0,0,0,3,44.2999992370605,0,0,1,1,0.160000011324883,0,1962.48999023438
0,0,0,0,0,0,0,4,49.0999984741211,0,0,0,1,0,0,2410.80981445312
0,0,0,0,0,0,0,4,159.5,0,0,1,0,0,0,25440.25
0,0,0,0.6700000166893,0,0,0,4,52.7000007629395,0,0,0,0,0.448900014162064,0,2777.2900390625
0,0,0,0.25,0,0,0,0,0,8,1,0,0,0.0625,0,0
0,0,0,0.5,0,0,0,3,90,1,0,0,0,0.25,0,8100
1,1,0,1,0,0,0,1,12.1000003814697,0,1,0,0,1,0,146.410003662109
2,2,2,0.28999999165535,0,0,2,1,15.8999996185303,13,0,0,0,0.0840999931097031,4,252.809982299805
0,0,0,1,0,0,0,4,47.7999992370605,0,0,0,0,1,0,2284.83984375
0,0,0,0,0,0,0,2,7.90000009536743,24,0,0,1,0,0,62.4099998474121
0,0,0,0.400000005960464,0,0,0,1,1,0,0,0,0,0.160000011324883,0,1
0,0,0,1,0,0,0,4,229.800003051758,0,0,0,1,1,0,52808.04296875
0,0,0,1,0,0,0,3,20.2999992370605,0,0,0,0,1,0,412.089965820312
5,2,1,0,0,0,0,0,0,1,1,0,0,0,0,0
3,1,3,0.379999995231628,0,0,0,2,25.6000003814697,0,0,1,0,0.144400000572205,0,655.360046386719
0,0,0,1,0,0,0,0,0,11,0,0,0,1,0,0
0,0,0,0,0,0,0,0,0,2,0,0,0,0,0,0
2,2,1,0.419999986886978,0,0,2,0,0,12,1,0,0,0.176399990916252,4,0
0,0,0,0.5,0,0,0,4,119.5,0,0,1,1,0.25,0,14280.25
0,0,0,0.28999999165535,0,0,0,1,1.60000002384186,13,0,1,1,0.0840999931097031,0,2.56000018119812
0,0,0,0.170000001788139,0,0,0,0,0,5,0,1,1,0.0289000011980534,0,0
0,0,0,1,0,0,0,0,0,2,0,0,1,1,0,0
0,0,0,1,0,0,0,0,0,7,0,0,1,1,0,0
0,0,0,0,0,0,0,4,180.100006103516,0,0,0,0,0,0,32436.01171875
0,0,0,0,0,0,0,4,37.4000015258789,0,0,0,0,0,0,1398.76013183594
0,0,0,0,0,0,0,0,0,2,1,0,1,0,0,0
0,0,0,0,0,0,0,4,102.5,0,0,0,1,0,0,10506.25
2,2,0,0.360000014305115,0,0,0,1,13.1000003814697,0,0,1,0,0.129600003361702,0,171.610015869141
0,0,0,0,0,0,0,4,87,0,0,1,1,0,0,7569
0,0,0,0.6700000166893,0,0,0,4,65.8000030517578,0,0,0,1,0.448900014162064,0,4329.640625
0,0,0,0,0,0,0,2,98.1999969482422,24,0,0,1,0,0,9643.2392578125
0,0,0,0,0,0,0,0,0,2,0,0,1,0,0,0
4,2,0,0.25,20.6000003814697,41.2000007629395,2,0,0,3,0,1,0,0.0625,4,0
0,0,0,0.379999995231628,0,0,0,1,6.90000009536743,5,1,0,1,0.144400000572205,0,47.6100006103516
0,0,0,0,0,0,0,4,144.5,0,0,1,0,0,0,20880.25
0,0,0,0,0,0,0,0,0,2,0,0,0,0,0,0
0,0,0,0.5,0,0,0,0,0,7,1,0,1,0.25,0,0
1,1,0,0,0,0,0,4,7.90000009536743,0,0,1,1,0,0,62.4099998474121
0,0,0,1,0,0,0,4,159.399993896484,0,0,0,0,1,0,25408.357421875
0,0,0,0,0,0,0,2,14.3000001907349,0,1,0,0,0,0,204.490005493164
0,0,0,0.5,0,0,0,2,1.60000002384186,0,0,0,1,0.25,0,2.56000018119812
1,0,1,0.560000002384186,0,0,0,0,0,4,0,0,1,0.31360000371933,0,0
0,0,0,0.5,0,0,0,4,145.699996948242,0,0,1,1,0.25,0,21228.48828125
0,0,0,0,0,0,0,3,29,0,1,0,1,0,0,841
0,0,0,0.25,0,0,0,4,114.599998474121,0,0,0,0,0.0625,0,13133.1591796875
0,0,0,0,0,0,0,4,126.300003051758,0,0,0,1,0,0,15951.6904296875
0,0,0,0.5,0,0,0,4,118.099998474121,0,0,0,0,0.25,0,13947.609375
0,0,0,0,0,0,0,3,51.2999992370605,3,0,0,0,0,0,2631.68994140625
0,0,0,0.5,0,0,12,0,0,0,0,1,0,0.25,144,0
0,0,0,0,0,0,0,4,113,0,0,0,1,0,0,12769
0,0,0,0.5,0,0,0,0,0,6,0,0,0,0.25,0,0
0,0,0,1,17,17,0,4,60.0999984741211,0,0,1,0,1,0,3612.009765625
3,3,2,0.629999995231628,7.09999990463257,14.1999998092651,4,1,15,0,1,0,0,0.396899998188019,16,225
0,0,0,1,0,0,0,3,27.6000003814697,0,0,0,1,1,0,761.760009765625
0,0,0,0,0,0,0,2,17.3999996185303,1,0,0,0,0,0,302.759979248047
0,0,0,0,0,0,0,4,214.300003051758,0,0,0,1,0,0,45924.4921875
0,0,0,0.400000005960464,8.10000038146973,8.10000038146973,0,3,22.7000007629395,8,0,0,0,0.160000011324883,0,515.2900390625
0,0,0,0.5,4.90000009536743,14.6999998092651,12,0,0,6,0,0,0,0.25,144,0
0,0,0,0.5,0,0,0,4,280.100006103516,0,0,0,1,0.25,0,78456.015625
1,1,0,0.75,0,0,0,1,8.89999961853027,7,0,0,0,0.5625,0,79.2099914550781
0,0,0,0,0,0,0,4,541,0,0,1,1,0,0,292681
0,0,0,1,0,0,0,4,152,0,0,0,0,1,0,23104
0,0,0,0.6700000166893,0,0,0,2,63.0999984741211,1,0,0,1,0.448900014162064,0,3981.60986328125
0,0,0,0,0,0,0,0,0,1,1,0,0,0,0,0
1,1,0,0,0,0,0,0,0,13,1,0,0,0,0,0
0,0,0,0.430000007152557,0.899999976158142,0.899999976158142,0,4,61,0,0,0,1,0.184900000691414,0,3721
0,0,0,0.28999999165535,0,0,0,3,91.5,0,0,0,0,0.0840999931097031,0,8372.25
0,0,0,0.5,9,18,0,4,45.7000007629395,0,1,0,0,0.25,0,2088.48999023438
0,0,0,0,0,0,0,4,106.5,0,0,0,0,0,0,11342.25
12,6,8,0.28999999165535,0,0,0,1,5.30000019073486,2,0,0,0,0.0840999931097031,0,28.0900020599365
0,0,0,0,0,0,0,3,73.6999969482422,2,0,1,1,0,0,5431.689453125
1,0,0,1,0,0,0,2,11.5,4,0,0,0,1,0,132.25
3,3,2,0.360000014305115,1.10000002384186,1.10000002384186,0,0,0,1,0,0,0,0.129600003361702,0,0
0,0,0,0.330000013113022,0,0,0,4,82.0999984741211,0,0,0,0,0.108900010585785,0,6740.40966796875
0,0,0,0.5,0,0,0,4,275.799987792969,0,0,0,0,0.25,0,76065.6328125
2,2,2,0.400000005960464,0,0,0,0,0,12,1,0,0,0.160000011324883,0,0
0,0,0,0.330000013113022,0,0,0,1,10.3999996185303,7,1,0,0,0.108900010585785,0,108.15998840332
1,1,1,1,0,0,0,2,6.09999990463257,1,0,1,0,1,0,37.2099990844727
2,1,0,0,0,0,0,0,0,3,1,0,0,0,0,0
0,0,0,0,0,0,0,1,2.09999990463257,2,0,0,0,0,0,4.40999937057495
0,0,0,1,0,0,0,3,38.4000015258789,0,0,0,0,1,0,1474.56005859375
1,1,1,0.6700000166893,0,0,0,0,0,1,0,1,0,0.448900014162064,0,0
1,1,1,0.360000014305115,11.6000003814697,11.6000003814697,0,2,16.2999992370605,5,0,1,0,0.129600003361702,0,265.689971923828
0,0,0,1,0,0,0,3,105.699996948242,1,0,1,1,1,0,11172.4892578125
0,0,0,0,0,0,0,4,45.7000007629395,0,0,1,0,0,0,2088.48999023438
1,1,1,0.379999995231628,0,0,0,0,0,2,0,0,1,0.144400000572205,0,0
0,0,0,0,0,0,0,1,0.800000011920929,2,0,1,0,0,0,0.64000004529953
0,0,0,0,0,0,0,1,7.80000019073486,2,0,1,0,0,0,60.8400039672852
0,0,0,0.330000013113022,0,0,0,2,5.90000009536743,1,0,0,0,0.108900010585785,0,34.810001373291
0,0,0,1,0,0,0,3,103.599998474121,1,0,0,1,1,0,10732.9599609375
1,1,1,0.170000001788139,0,0,0,4,30.3999996185303,0,0,0,0,0.0289000011980534,0,924.159973144531
2,2,0,0.600000023841858,2.59999990463257,2.59999990463257,0,0,0,6.69999980926514,1,0,0,0.360000014305115,0,0
0,0,0,0.6700000166893,0,0,0,1,5.40000009536743,0,1,0,0,0.448900014162064,0,29.1600017547607
0,0,0,0,0,0,0,4,275.600006103516,0,0,1,1,0,0,75955.3671875
0,0,0,0,0,0,0,0,0,2,1,0,0,0,0,0
0,0,0,0,0,0,0,0,0,5,0,0,0,0,0,0
0,0,0,0.52999997138977,0,0,0,0,0,8,0,1,0,0.280899971723557,0,0
0,0,0,0,0,0,0,4,83.0999984741211,0,0,0,1,0,0,6905.60986328125
0,0,0,0,0,0,0,4,149,0,0,0,1,0,0,22201
0,0,0,0,0,0,0,0,0,1,0,1,1,0,0,0
0,0,0,0.6700000166893,0,0,0,1,2.20000004768372,6,0,1,0,0.448900014162064,0,4.84000015258789
0,0,0,0.6700000166893,0,0,0,2,50.2999992370605,1,0,0,0,0.448900014162064,0,2530.08984375
0,0,0,1,0,0,0,4,169.800003051758,0,1,0,1,1,0,28832.041015625
0,0,0,0,0,0,0,4,35.9000015258789,0,0,0,0,0,0,1288.81005859375
0,0,0,1,0,0,0,4,120.699996948242,0,0,1,0,1,0,14568.4892578125
0,0,0,0.5,0,0,0,3,43.4000015258789,4,0,0,0,0.25,0,1883.56018066406
0,0,0,0.25,0,0,0,3,72.1999969482422,0,0,0,0,0.0625,0,5212.83935546875
0,0,0,1,0,0,0,2,36.0999984741211,1,0,1,0,1,0,1303.20983886719
0,0,0,0,0,0,0,2,39,1,0,0,0,0,0,1521
1,1,0,0.28999999165535,0,0,0,1,0.800000011920929,1,1,0,0,0.0840999931097031,0,0.64000004529953
1,0,0,0.330000013113022,0,0,0,4,72.0999984741211,0,0,0,1,0.108900010585785,0,5198.40966796875
0,0,0,0.330000013113022,0,0,0,3,58.2000007629395,3,0,0,0,0.108900010585785,0,3387.23999023438
0,0,0,0,0,0,0,4,160.300003051758,0,1,0,0,0,0,25696.091796875
1,1,1,0.330000013113022,0,0,5,0,0,5,0,0,0,0.108900010585785,25,0
0,0,0,0.5,0,0,0,0,0,1,0,0,0,0.25,0,0
0,0,0,0,0,0,0,4,114,0,0,0,1,0,0,12996
0,0,0,0.5,0,0,0,3,58.5,22,0,1,0,0.25,0,3422.25
1,1,1,0.5,0,0,0,4,45.4000015258789,0,0,0,0,0.25,0,2061.16015625
0,0,0,0,0,0,0,0,0,3,1,0,0,0,0,0
0,0,0,0.5,0,0,0,3,37.4000015258789,0,0,1,0,0.25,0,1398.76013183594
0,0,0,0.5,0,0,0,4,125.699996948242,0,0,1,0,0.25,0,15800.4892578125
0,0,0,0.330000013113022,0,0,0,2,17.8999996185303,0,0,0,0,0.108900010585785,0,320.409973144531
0,0,0,0.560000002384186,0,0,0,0,0,5,0,0,0,0.31360000371933,0,0
0,0,0,0.140000000596046,0,0,0,3,54.5,0,0,1,0,0.0196000002324581,0,2970.25
1,1,1,0.6700000166893,0,0,0,0,0,22,0,0,1,0.448900014162064,0,0
0,0,0,0,11.1000003814697,11.1000003814697,0,1,0.400000005960464,2,0,0,0,0,0,0.160000011324883
0,0,0,0.5,0,0,0,2,15.5,1,1,0,1,0.25,0,240.25
0,0,0,1,0,0,0,4,189.300003051758,0,0,0,0,1,0,35834.4921875
0,0,0,0.330000013113022,0,0,0,1,3.09999990463257,0,0,0,0,0.108900010585785,0,9.60999965667725
2,1,0,0.400000005960464,0,0,7,1,0.200000002980232,0,0,1,0,0.160000011324883,49,0.0400000028312206
0,0,0,1,0,0,0,0,0,3,0,1,0,1,0,0
2,0,0,0.270000010728836,0,0,0,3,29.1000003814697,0,0,0,0,0.0729000046849251,0,846.809997558594
9,6,8,0.5,0,0,0,1,2.20000004768372,0,1,0,0,0.25,0,4.84000015258789
0,0,0,0,0,0,0,4,219.399993896484,0,0,0,0,0,0,48136.35546875
0,0,0,0,0,0,0,4,112.800003051758,0,0,1,0,0,0,12723.8408203125
0,0,0,0,0,0,0,4,172.199996948242,0,0,0,1,0,0,29652.83984375
1,1,1,1,0,0,0,4,119.300003051758,0,0,0,1,1,0,14232.4912109375
0,0,0,1,0,0,0,3,13.1000003814697,0,0,0,0,1,0,171.610015869141
0,0,0,0.5,11.6000003814697,23.2000007629395,0,0,0,2,1,0,0,0.25,0,0
1,1,1,1,0,0,0,4,48.5,0,0,0,1,1,0,2352.25
0,0,0,0,0,0,0,3,37.4000015258789,0,0,0,0,0,0,1398.76013183594
0,0,0,0.6700000166893,0,0,0,2,9.19999980926514,0,0,0,1,0.448900014162064,0,84.6399993896484
0,0,0,0.330000013113022,0,0,0,4,24.7000007629395,0,0,1,1,0.108900010585785,0,610.090026855469
0,0,0,1,0,0,0,4,109.900001525879,0,0,0,0,1,0,12078.0107421875
5,3,4,0.449999988079071,0,0,1,0,0,1,1,0,1,0.202499985694885,1,0
3,0,1,0.400000005960464,0,0,0,4,110.5,0,0,1,0,0.160000011324883,0,12210.25
0,0,0,0,0,0,0,4,29.1000003814697,0,0,0,0,0,0,846.809997558594
1,1,1,0.5,0,0,0,2,2.70000004768372,1,0,1,0,0.25,0,7.29000043869019
0,0,0,1,0,0,0,4,412.899993896484,0,0,0,1,1,0,170486.40625
0,0,0,0,0,0,0,3,53.5,0,0,0,1,0,0,2862.25
0,0,0,0,0,0,0,3,156.5,0,0,0,1,0,0,24492.25
2,1,1,0.5,0,0,0,3,29.7000007629395,1,1,0,0,0.25,0,882.090026855469
1,0,0,0.5,0,0,2,0,0,8,0,1,1,0.25,4,0
0,0,0,1,0,0,0,0,0,8,0,0,1,1,0,0
0,0,0,0,0,0,0,4,119.099998474121,0,0,0,1,0,0,14184.8095703125
1,0,1,0.5,0,0,0,3,2.90000009536743,0,0,0,1,0.25,0,8.41000080108643
0,0,0,0.379999995231628,0,0,0,0,0,2,0,0,0,0.144400000572205,0,0
0,0,0,0,0,0,0,0,0,7,0,0,1,0,0,0
1,1,1,0.6700000166893,23.5,23.5,0,3,11.1999998092651,4.69999980926514,0,0,0,0.448900014162064,0,125.439994812012
0,0,0,0.430000007152557,6.09999990463257,12.1999998092651,0,0,0,3,0,0,0,0.184900000691414,0,0
1,1,0,0.400000005960464,0,0,0,0,0,2,0,1,1,0.160000011324883,0,0
1,1,0,0.400000005960464,0,0,0,0,0,2,0,1,0,0.160000011324883,0,0
1,1,0,1,0,0,0,1,1,11,0,1,0,1,0,1
0,0,0,0.400000005960464,0,0,0,3,22.6000003814697,0,0,1,0,0.160000011324883,0,510.760009765625
0,0,0,0.5,0,0,0,4,135.699996948242,0,0,0,1,0.25,0,18414.48828125
1,0,0,1,0,0,0,4,54.7000007629395,0,0,1,1,1,0,2992.09008789062
0,0,0,0.569999992847443,0,0,0,3,21.2000007629395,1,0,0,0,0.32490000128746,0,449.440032958984
0,0,0,0,0,0,0,2,64.0999984741211,15,0,1,0,0,0,4108.8095703125
2,2,1,0.28999999165535,0,0,0,1,2.59999990463257,0,0,0,1,0.0840999931097031,0,6.75999927520752
0,0,0,0.330000013113022,12.1999998092651,12.1999998092651,0,4,81.6999969482422,0,0,0,0,0.108900010585785,0,6674.8896484375
0,0,0,0.5,0,0,0,3,29.2999992370605,0,0,1,1,0.25,0,858.489929199219
0,0,0,0,0,0,0,3,70.5,0,0,0,0,0,0,4970.25
0,0,0,0.330000013113022,0,0,0,4,192.399993896484,0,0,1,0,0.108900010585785,0,37017.7578125
0,0,0,0,0,0,0,2,22,1,1,0,0,0,0,484
0,0,0,0.5,0,0,0,4,105.800003051758,0,0,0,1,0.25,0,11193.640625
0,0,0,0.6700000166893,0,0,0,3,37,1,0,1,1,0.448900014162064,0,1369
0,0,0,0.319999992847443,7.19999980926514,7.19999980926514,4,0,0,4.5,0,0,0,0.102399997413158,16,0
1,0,0,0.6700000166893,8.60000038146973,8.60000038146973,3,1,10.8000001907349,1,1,0,0,0.448900014162064,9,116.640007019043
0,0,0,0,30.3999996185303,30.3999996185303,0,0,0,9.39999961853027,1,0,0,0,0,0
0,0,0,0.5,0,0,0,0,0,3,0,1,0,0.25,0,0
0,0,0,1,0,0,0,1,9.89999961853027,2,0,0,0,1,0,98.0099945068359
0,0,0,1,0,0,0,0,0,1,0,0,0,1,0,0
1,1,0,0,0,0,0,4,124.5,0,0,1,0,0,0,15500.25
0,0,0,1,0,0,0,3,139.899993896484,0,0,1,0,1,0,19572.0078125
0,0,0,0.28999999165535,0,0,0,1,3.70000004768372,0,1,0,0,0.0840999931097031,0,13.6900005340576
1,1,1,0.400000005960464,0,0,3,0,0,9,0,0,0,0.160000011324883,9,0
0,0,0,0.230000004172325,0,0,12,0,0,0,0,1,0,0.0529000014066696,144,0
0,0,0,0.5,0,0,0,4,119.300003051758,0,0,0,1,0.25,0,14232.4912109375
1,1,0,0.600000023841858,0,0,6,2,8.89999961853027,0,1,0,1,0.360000014305115,36,79.2099914550781
0,0,0,0,0,0,0,2,95.5,2,0,0,0,0,0,9120.25
0,0,0,1,0,0,0,4,55.7999992370605,0,0,1,0,1,0,3113.63989257812
0,0,0,0,0,0,0,2,17.6000003814697,0,0,0,1,0,0,309.760009765625
0,0,0,1,0,0,0,2,15,14,1,0,1,1,0,225
0,0,0,0.5,0,0,0,3,35.5999984741211,0,0,0,0,0.25,0,1267.35986328125
0,0,0,0.5,0,0,0,0,0,4,0,1,1,0.25,0,0
2,1,0,0.28999999165535,0,0,0,1,1.10000002384186,6,0,0,0,0.0840999931097031,0,1.21000003814697
0,0,0,1,0,0,0,4,96.0999984741211,0,0,0,0,1,0,9235.2099609375
0,0,0,0,0,0,0,0,0,2,0,0,0,0,0,0
0,0,0,0,0,0,0,4,70.5999984741211,0,0,0,0,0,0,4984.35986328125
0,0,0,0.5,0,0,0,4,161.300003051758,0,0,0,0,0.25,0,26017.69140625
0,0,0,0,0,0,0,0,0,1,1,0,0,0,0,0
0,0,0,0.5,0,0,0,3,65.9000015258789,7,0,1,1,0.25,0,4342.81005859375
0,0,0,0.5,0,0,0,0,0,3,0,0,1,0.25,0,0
0,0,0,0.6700000166893,0,0,0,4,27.2999992370605,0,0,0,0,0.448900014162064,0,745.289978027344
0,0,0,1,0,0,0,0,0,1,0,0,1,1,0,0
0,0,0,1,0,0,0,4,93.9000015258789,0,0,0,0,1,0,8817.2099609375
0,0,0,0,0,0,0,0,0,3,0,0,0,0,0,0
0,0,0,1,0,0,0,2,23.2000007629395,0,0,1,0,1,0,538.240051269531
0,0,0,1,0,0,0,1,13,25,0,0,0,1,0,169
0,0,0,0,0,0,0,0,0,4,0,0,0,0,0,0
0,0,0,0,0,0,0,4,55.5999984741211,0,0,1,0,0,0,3091.35986328125
0,0,0,0.5,0,0,0,0,0,9,0,1,0,0.25,0,0
0,0,0,0,0,0,0,2,33.7000007629395,0,0,0,1,0,0,1135.69006347656
0,0,0,0.600000023841858,0,0,0,3,8.10000038146973,3,0,1,0,0.360000014305115,0,65.6100082397461
0,0,0,0.330000013113022,0,0,0,3,30.6000003814697,0,0,0,0,0.108900010585785,0,936.360046386719
0,0,0,0,0,0,0,3,26.6000003814697,0,0,1,0,0,0,707.559997558594
0,0,0,0,0,0,0,4,154.300003051758,0,0,0,0,0,0,23808.490234375
1,1,0,0.5,0,0,0,0,0,12,0,0,0,0.25,0,0
1,1,0,0.5,0,0,0,0,0,1,0,0,0,0.25,0,0
0,0,0,0,0,0,0,2,127.5,0,0,1,1,0,0,16256.25
0,0,0,0.25,0,0,0,0,0,5,0,0,0,0.0625,0,0
1,0,0,0.330000013113022,0,0,0,0,0,2,1,0,0,0.108900010585785,0,0
1,1,1,0.5,0,0,0,1,0.400000005960464,0,0,1,0,0.25,0,0.160000011324883
0,0,0,0,0,0,0,4,79.8000030517578,0,0,1,0,0,0,6368.04052734375
0,0,0,0.75,0,0,0,1,6.40000009536743,2,1,0,0,0.5625,0,40.9600028991699
0,0,0,0,0,0,0,2,16.3999996185303,2,0,0,0,0,0,268.959991455078
0,0,0,0.6700000166893,0,0,12,0,0,0,0,0,1,0.448900014162064,144,0
2,0,0,0,0,0,0,2,50.2999992370605,0,0,0,0,0,0,2530.08984375
1,1,1,0.439999997615814,0,0,0,0,0,3,0,0,0,0.193599998950958,0,0
0,0,0,0.28999999165535,0,0,0,3,36.7000007629395,0,1,0,0,0.0840999931097031,0,1346.89001464844
0,0,0,1,0,0,0,3,31.7999992370605,0,0,1,0,1,0,1011.23992919922
1,1,0,0,0,0,0,3,26,0,0,0,0,0,0,676
0,0,0,0,0,0,0,1,4.69999980926514,0,1,0,0,0,0,22.0899982452393
0,0,0,0.5,0,0,0,1,1.79999995231628,19,0,1,0,0.25,0,3.23999977111816
1,1,1,0.200000002980232,0,0,0,1,2.09999990463257,0,0,1,1,0.0400000028312206,0,4.40999937057495
0,0,0,0,0,0,0,2,72.8000030517578,6,0,0,1,0,0,5299.84033203125
0,0,0,0.800000011920929,8.19999980926514,8.19999980926514,0,2,18.7999992370605,6.09999990463257,0,0,1,0.64000004529953,0,353.439971923828
0,0,0,1,0,0,0,0,0,9,0,0,0,1,0,0
0,0,0,1,0.800000011920929,0.800000011920929,0,3,22.1000003814697,0,1,0,0,1,0,488.410003662109
6,5,4,0.25,0,0,0,0,0,5,1,0,0,0.0625,0,0
0,0,0,0,0,0,0,0,0,1,0,1,0,0,0,0
0,0,0,0,0,0,0,4,126.400001525879,0,0,0,1,0,0,15976.9599609375
0,0,0,0.5,0,0,0,4,180.199996948242,0,0,0,0,0.25,0,32472.0390625
0,0,0,0,0,0,0,3,31.8999996185303,0,0,0,0,0,0,1017.60998535156
0,0,0,1,0,0,0,1,0.400000005960464,1,0,0,1,1,0,0.160000011324883
0,0,0,0.330000013113022,0,0,0,4,126.800003051758,0,0,1,1,0.108900010585785,0,16078.2412109375
0,0,0,0.75,0,0,0,0,0,18,0,0,0,0.5625,0,0
0,0,0,1,0,0,0,2,114.300003051758,0,0,1,0,1,0,13064.490234375
0,0,0,0.699999988079071,11.8999996185303,11.8999996185303,0,4,90.3000030517578,0,0,0,0,0.489999979734421,0,8154.09033203125
1,1,0,0,24.6000003814697,24.6000003814697,0,0,0,9,1,0,0,0,0,0
0,0,0,0.5,0,0,0,2,20.7999992370605,0,0,0,1,0.25,0,432.639953613281
0,0,0,0.5,0,0,0,4,150.5,0,0,0,0,0.25,0,22650.25
0,0,0,0,0,0,0,4,98.0999984741211,0,0,0,0,0,0,9623.609375
0,0,0,0,0,0,0,3,84.5,0,0,0,0,0,0,7140.25
0,0,0,0,0,0,0,4,71.4000015258789,0,1,0,0,0,0,5097.96044921875
0,0,0,1,0,0,0,0,0,5,0,0,0,1,0,0
0,0,0,0,0,0,0,3,70.4000015258789,1,0,0,0,0,0,4956.16015625
0,0,0,0,0,0,0,4,277.399993896484,0,0,0,1,0,0,76950.7578125
0,0,0,0,0,0,0,2,7.59999990463257,0,1,0,1,0,0,57.7599983215332
0,0,0,0,0,0,0,4,65,0,0,0,0,0,0,4225
0,0,0,0,0,0,0,4,138.300003051758,0,0,0,0,0,0,19126.890625
0,0,0,0.180000007152557,0,0,0,1,1.5,3,0,0,0,0.0324000008404255,0,2.25
0,0,0,0.200000002980232,0,0,0,3,38.7999992370605,2,0,0,0,0.0400000028312206,0,1505.43994140625
0,0,0,0.330000013113022,0,0,0,1,32.2999992370605,1,0,0,0,0.108900010585785,0,1043.28991699219
0,0,0,0,0,0,0,4,79.1999969482422,0,0,0,0,0,0,6272.6396484375
0,0,0,0.400000005960464,0,0,0,4,91,0,0,0,0,0.160000011324883,0,8281
0,0,0,0,0,0,0,4,175.600006103516,0,0,0,1,0,0,30835.361328125
2,0,0,0.379999995231628,0,0,0,0,0,1,0,1,0,0.144400000572205,0,0
0,0,0,0,0,0,0,0,0,7,0,0,0,0,0,0
0,0,0,0,0,0,0,1,8.89999961853027,5,0,0,0,0,0,79.2099914550781
0,0,0,0.5,2.29999995231628,2.29999995231628,0,2,7.59999990463257,0,0,1,0,0.25,0,57.7599983215332
0,0,0,0.400000005960464,0,0,0,2,13.3000001907349,23,0,0,0,0.160000011324883,0,176.889999389648
0,0,0,1,0,0,0,4,82.5999984741211,0,0,0,0,1,0,6822.759765625
0,0,0,0,0,0,0,4,171.899993896484,0,0,0,0,0,0,29549.607421875
0,0,0,1,0,0,0,3,15.8000001907349,1,0,0,0,1,0,249.639999389648
0,0,0,0,0,0,0,4,115.5,0,0,0,0,0,0,13340.25
0,0,0,0.5,0,0,0,4,46,0,0,0,0,0.25,0,2116
0,0,0,0,0,0,0,2,12.1000003814697,1,0,0,0,0,0,146.410003662109
0,0,0,0,0,0,0,0,0,3,0,0,0,0,0,0
0,0,0,0,0,0,0,3,17.2000007629395,0,0,0,0,0,0,295.840026855469
0,0,0,0.25,31.2999992370605,31.2999992370605,0,0,0,1,0,1,0,0.0625,0,0
0,0,0,0,0,0,0,4,107.400001525879,0,0,0,0,0,0,11534.7607421875
0,0,0,0.5,0,0,0,1,0.100000001490116,4,0,1,0,0.25,0,0.0100000007078052
0,0,0,0.730000019073486,0,0,0,0,0,1,0,0,0,0.532900035381317,0,0
1,0,0,0.330000013113022,0,0,0,3,34.4000015258789,0,0,1,0,0.108900010585785,0,1183.36010742188
0,0,0,0,0,0,0,4,24.2000007629395,0,0,0,0,0,0,585.640014648438
1,1,0,0,0,0,0,2,9.60000038146973,0,0,0,0,0,0,92.1600036621094
0,0,0,0,0,0,0,4,43.2000007629395,0,0,0,0,0,0,1866.24011230469
0,0,0,0.330000013113022,0,0,0,3,7.90000009536743,0,0,0,0,0.108900010585785,0,62.4099998474121
0,0,0,0,0,0,0,4,103.199996948242,0,1,0,0,0,0,10650.2392578125
0,0,0,1,0,0,0,4,59.5,0,0,0,0,1,0,3540.25
0,0,0,0,0,0,0,4,328.799987792969,0,0,0,0,0,0,108109.4296875
0,0,0,0,0,0,0,0,0,2,0,1,0,0,0,0
0,0,0,0,0,0,0,2,9.80000019073486,0,0,0,0,0,0,96.0400009155273
10,3,2,0.170000001788139,0,0,0,0,0,1,1,0,1,0.0289000011980534,0,0
0,0,0,0.379999995231628,0,0,0,0,0,8,0,0,0,0.144400000572205,0,0
0,0,0,0,0,0,0,4,44.7000007629395,0,0,0,0,0,0,1998.09008789062
1,1,0,0.449999988079071,0,0,5,0,0,15,0,1,0,0.202499985694885,25,0
0,0,0,0,0,0,0,3,28.7000007629395,0,0,0,0,0,0,823.690063476562
1,1,1,0.800000011920929,0,0,0,1,10.1999998092651,1,0,0,0,0.64000004529953,0,104.039993286133
0,0,0,0.330000013113022,0,0,0,3,31.3999996185303,0,0,0,0,0.108900010585785,0,985.9599609375
0,0,0,1,0,0,0,4,36.9000015258789,0,0,0,0,1,0,1361.61010742188
0,0,0,0.560000002384186,0,0,12,0,0,0,0,1,0,0.31360000371933,144,0
0,0,0,0,0,0,0,4,208.199996948242,0,0,0,1,0,0,43347.23828125
0,0,0,0.5,0,0,0,4,99.5,0,0,0,0,0.25,0,9900.25
0,0,0,0.5,0,0,0,3,77.5999984741211,0,0,1,0,0.25,0,6021.759765625
0,0,0,0.6700000166893,0,0,0,4,183.100006103516,0,0,0,0,0.448900014162064,0,33525.61328125
0,0,0,0,0,0,0,4,229,0,0,0,0,0,0,52441
0,0,0,0.330000013113022,10.5,10.5,0,4,186.300003051758,0,0,0,0,0.108900010585785,0,34707.69140625
0,0,0,0.200000002980232,0,0,0,3,32.7000007629395,1,0,1,0,0.0400000028312206,0,1069.2900390625
0,0,0,0.330000013113022,16.6000003814697,16.6000003814697,0,0,0,3.79999995231628,1,0,0,0.108900010585785,0,0
0,0,0,0.600000023841858,35.4000015258789,35.4000015258789,12,0,0,0,1,0,0,0.360000014305115,144,0
0,0,0,0.330000013113022,0,0,0,3,19.6000003814697,0,0,0,0,0.108900010585785,0,384.160003662109
3,2,0,0.330000013113022,0,0,0,2,40.7000007629395,1,0,0,0,0.108900010585785,0,1656.49011230469
0,0,0,0,0,0,0,0,0,8,0,0,0,0,0,0
0,0,0,0,0,0,0,0,0,1,0,0,0,0,0,0
3,0,0,1,0,0,0,2,3.40000009536743,0,0,0,0,1,0,11.5600004196167
1,0,0,0.330000013113022,0,0,0,2,85.3000030517578,1,0,0,0,0.108900010585785,0,7276.09033203125
0,0,0,0.330000013113022,0,0,0,0,0,10,0,0,0,0.108900010585785,0,0
3,2,2,0.600000023841858,0,0,0,0,0,4,1,0,0,0.360000014305115,0,0
0,0,0,1,0,0,0,3,51,0,0,0,0,1,0,2601
0,0,0,1,0,0,0,0,0,1,0,0,0,1,0,0
0,0,0,0,0,0,0,4,161,0,0,0,0,0,0,25921
0,0,0,0,0,0,0,3,104.800003051758,12,0,0,1,0,0,10983.041015625
0,0,0,0.5,0,0,12,0,0,0,0,1,1,0.25,144,0
2,1,1,0,0,0,0,2,14.3999996185303,1,0,1,0,0,0,207.359985351562
0,0,0,0.5,0,0,0,4,166.199996948242,0,0,0,0,0.25,0,27622.439453125
1,1,0,0,0,0,0,4,68.5999984741211,0,0,0,0,0,0,4705.9599609375
0,0,0,0.600000023841858,0,0,0,0,0,7,0,0,0,0.360000014305115,0,0
1,0,1,1,0,0,6,0,0,24,0,0,1,1,36,0
0,0,0,1,24.3999996185303,24.3999996185303,0,2,8.69999980926514,0,1,0,0,1,0,75.6899948120117
1,1,0,0.5,0,0,0,0,0,12,0,0,0,0.25,0,0
0,0,0,0,0,0,0,3,44.2000007629395,0,0,0,1,0,0,1953.64001464844
0,0,0,0.330000013113022,0,0,0,3,124,0,0,0,0,0.108900010585785,0,15376
0,0,0,1,0,0,0,2,6.59999990463257,1,0,0,0,1,0,43.5599975585938
0,0,0,0.6700000166893,0,0,0,4,55.9000015258789,0,0,0,0,0.448900014162064,0,3124.81005859375
0,0,0,1,0,0,0,0,0,7,1,0,0,1,0,0
0,0,0,1,0,0,0,3,45.9000015258789,0,0,0,0,1,0,2106.81005859375
0,0,0,0,0,0,0,4,168.300003051758,0,0,1,1,0,0,28324.890625
0,0,0,0,0,0,0,4,225.100006103516,0,0,0,1,0,0,50670.01171875
0,0,0,0.5,0.899999976158142,0.899999976158142,0,4,72.5,0,0,1,0,0.25,0,5256.25
1,1,1,0.330000013113022,0,0,0,1,1.70000004768372,18,1,0,0,0.108900010585785,0,2.89000010490417
1,0,0,0,0,0,0,2,34.4000015258789,0,0,0,0,0,0,1183.36010742188
1,0,0,1,0,0,0,4,294.700012207031,0,0,0,0,1,0,86848.09375
0,0,0,0.75,0,0,0,4,137,0,0,0,0,0.5625,0,18769
0,0,0,0,0,0,0,4,130.600006103516,0,0,0,1,0,0,17056.361328125
0,0,0,0,0,0,0,1,8.5,1,0,0,0,0,0,72.25
0,0,0,0.5,0,0,0,4,134.100006103516,0,0,1,1,0.25,0,17982.8125
0,0,0,1,0,0,0,3,28.1000003814697,0,0,0,0,1,0,789.610046386719
0,0,0,0,0,0,0,0,0,2,0,0,0,0,0,0
0,0,0,0,0,0,0,1,6.59999990463257,7,0,1,0,0,0,43.5599975585938
0,0,0,0,0,0,0,2,31.2999992370605,2,0,1,0,0,0,979.68994140625
0,0,0,0,0,0,0,4,59.2000007629395,0,0,0,0,0,0,3504.64013671875
0,0,0,0,0,0,0,4,147.199996948242,0,0,1,0,0,0,21667.83984375
1,1,1,0.430000007152557,0,0,0,2,3.90000009536743,0,0,0,0,0.184900000691414,0,15.2100009918213
0,0,0,0.5,0,0,0,1,36.5999984741211,1,0,0,1,0.25,0,1339.55993652344
0,0,0,0,0,0,0,4,156.300003051758,0,0,0,0,0,0,24429.69140625
1,0,0,0,0,0,0,0,0,5,1,0,0,0,0,0
0,0,0,1,0,0,0,4,97.3000030517578,0,0,0,0,1,0,9467.291015625
2,2,0,0.25,6,6,0,1,1.79999995231628,0,1,0,0,0.0625,0,3.23999977111816
0,0,0,0.449999988079071,9.30000019073486,9.30000019073486,0,0,0,3,1,0,0,0.202499985694885,0,0
0,0,0,0.25,0,0,0,0,0,2,1,0,0,0.0625,0,0
0,0,0,1,0,0,0,3,46,0,0,0,1,1,0,2116
0,0,0,1,0,0,0,3,60.4000015258789,0,0,1,1,1,0,3648.16015625
0,0,0,0,0,0,0,3,48.7999992370605,2,0,0,0,0,0,2381.43994140625
0,0,0,1,0,0,0,4,67.3000030517578,0,0,0,0,1,0,4529.29052734375
0,0,0,1,0,0,0,0,0,3,0,1,0,1,0,0
0,0,0,0.400000005960464,0,0,5,1.39999997615814,13.1000003814697,0,0,0,1,0.160000011324883,25,171.610015869141
0,0,0,0.5,0,0,0,0,0,1,0,0,0,0.25,0,0
0,0,0,0.5,0,0,0,1,5.80000019073486,15,0,1,1,0.25,0,33.6400032043457
0,0,0,0,0,0,0,1,5.69999980926514,17,0,0,1,0,0,32.4899978637695
0,0,0,0,0,0,0,4,200.199996948242,0,0,0,0,0,0,40080.0390625
0,0,0,0.5,0,0,0,4,165.600006103516,0,0,1,0,0.25,0,27423.361328125
0,0,0,1,0,0,0,4,40.0999984741211,0,0,0,0,1,0,1608.00988769531
0,0,0,0.6700000166893,0,0,0,2,32.5999984741211,0,0,1,0,0.448900014162064,0,1062.75988769531
1,0,0,0,0,0,0,2,10.6000003814697,0,0,0,0,0,0,112.360008239746
0,0,0,1,0,0,0,4,120.400001525879,0,0,0,0,1,0,14496.16015625
1,1,0,1,0,0,0,4,55,0,0,0,0,1,0,3025
0,0,0,0,0,0,0,4,79.1999969482422,0,0,1,0,0,0,6272.6396484375
1,0,1,0.330000013113022,0,0,0,3,41.5999984741211,0,0,0,0,0.108900010585785,0,1730.55981445312
0,0,0,0,0,0,0,2,113.699996948242,0,0,0,0,0,0,12927.689453125
0,0,0,0,0,0,0,3,29.3999996185303,0,0,0,1,0,0,864.359985351562
0,0,0,1,0,0,0,4,104,0,0,0,0,1,0,10816
0,0,0,0.330000013113022,0,0,0,1,7.59999990463257,5,0,0,0,0.108900010585785,0,57.7599983215332
0,0,0,1,0,0,0,4,131.100006103516,0,0,0,1,1,0,17187.2109375
0,0,0,0.5,0,0,0,2,25.1000003814697,2,0,1,0,0.25,0,630.010009765625
0,0,0,0.5,0,0,0,0,0,1,0,0,0,0.25,0,0
0,0,0,0,0,0,0,4,343,0,0,0,1,0,0,117649
0,0,0,1,0,0,0,2,19.8999996185303,2,0,0,0,1,0,396.009979248047
0,0,0,0,0,0,0,3,86.6999969482422,0,0,0,0,0,0,7516.8896484375
0,0,0,0.430000007152557,16.5,16.5,0,0,0,5,1,0,0,0.184900000691414,0,0
0,0,0,1,0,0,0,4,115.800003051758,0,0,1,0,1,0,13409.640625
1,0,0,0,0,0,0,3,26.1000003814697,0,0,1,0,0,0,681.210021972656
0,0,0,0.5,0,0,0,4,152.699996948242,0,1,0,0,0.25,0,23317.2890625
0,0,0,0,0,0,0,4,158,0,1,0,0,0,0,24964
0,0,0,1,0,0,0,4,160.600006103516,0,0,0,1,1,0,25792.361328125
1,1,0,0.400000005960464,0,0,0,4,300.799987792969,0,0,0,0,0.160000011324883,0,90480.6328125
0,0,0,1,0,0,0,1,3.5,0,0,0,0,1,0,12.25
0,0,0,1,0,0,0,2,23.3999996185303,0,0,0,1,1,0,547.559997558594
4,3,2,0.5,0,0,0,0,0,3,0,0,0,0.25,0,0
0,0,0,0.5,0,0,0,4,74.4000015258789,0,0,1,0,0.25,0,5535.3603515625
0,0,0,0.5,0,0,0,3,25.1000003814697,3,0,1,0,0.25,0,630.010009765625
0,0,0,0.5,4.80000019073486,4.80000019073486,4,1,1,4.19999980926514,1,0,0,0.25,16,1
0,0,0,0,0,0,0,3,37.0999984741211,2,0,0,0,0,0,1376.40991210938
2,2,2,0,0,0,0,0,0,25,1,0,0,0,0,0
0,0,0,0,0,0,0,0,0,3,0,0,0,0,0,0
0,0,0,0.5,0,0,0,4,109.199996948242,0,0,0,1,0.25,0,11924.6396484375
0,0,0,0,0,0,0,0,0,1,0,0,0,0,0,0
0,0,0,1,0,0,0,4,90.4000015258789,0,1,0,0,1,0,8172.16015625
0,0,0,0,0,0,0,2,3.90000009536743,0,0,0,0,0,0,15.2100009918213
1,1,0,0.5,0,0,0,1,4.80000019073486,5,0,1,0,0.25,0,23.0400009155273
0,0,0,1,0,0,0,4,104.599998474121,0,0,0,0,1,0,10941.16015625
0,0,0,0,0,0,0,4,113.099998474121,0,0,1,1,0,0,12791.609375
0,0,0,0.5,0,0,0,3,41.5,0,0,0,0,0.25,0,1722.25
1,0,0,1,0,0,0,2,27,1,0,0,0,1,0,729
3,1,1,0.300000011920929,0,0,6,0.899999976158142,0,7,0,1,0,0.0900000035762787,36,0
2,1,1,0.5,0,0,0,2,16.3999996185303,0,0,0,0,0.25,0,268.959991455078
0,0,0,0.6700000166893,0,0,0,4,57.7000007629395,0,0,0,0,0.448900014162064,0,3329.2900390625
0,0,0,1,0,0,0,2,35.9000015258789,1,0,1,0,1,0,1288.81005859375
1,1,1,0,0,0,0,4,26,0,1,0,0,0,0,676
0,0,0,0.330000013113022,0,0,12,0,0,0,0,0,0,0.108900010585785,144,0
0,0,0,1,0,0,0,4,74.4000015258789,0,0,0,0,1,0,5535.3603515625
0,0,0,1,0,0,0,4,214.5,0,0,1,1,1,0,46010.25
1,1,0,0,0,0,0,3,65.5999984741211,1,0,0,0,0,0,4303.35986328125
0,0,0,0,0,0,0,3,133.100006103516,0,0,1,0,0,0,17715.611328125
0,0,0,1,0,0,0,4,95.5999984741211,0,0,0,0,1,0,9139.359375
0,0,0,0.25,0,0,0,4,170.699996948242,0,0,0,1,0.0625,0,29138.48828125
0,0,0,1,0,0,0,4,54.2999992370605,0,0,0,1,1,0,2948.48999023438
0,0,0,1,0,0,0,4,152.699996948242,0,0,0,0,1,0,23317.2890625
0,0,0,0.600000023841858,8.39999961853027,16.7999992370605,0,0,0,3.79999995231628,1,0,1,0.360000014305115,0,0
1,1,1,0,0,0,0,2,2.5,0,0,0,0,0,0,6.25
0,0,0,0.6700000166893,0,0,0,2,20,0,0,0,0,0.448900014162064,0,400
0,0,0,1,0,0,0,4,107.300003051758,0,0,0,0,1,0,11513.291015625
1,1,0,0.330000013113022,0.800000011920929,0.800000011920929,0,0,0,1,0,1,1,0.108900010585785,0,0
2,2,0,0.200000002980232,0,0,0,0,0,1,1,0,0,0.0400000028312206,0,0
0,0,0,1,0,0,0,4,67.0999984741211,0,0,0,0,1,0,4502.40966796875
5,1,0,0.25,0,0,0,4,61.4000015258789,0,0,1,0,0.0625,0,3769.96020507812
2,2,0,0.25,0,0,0,1,5.59999990463257,0,0,0,0,0.0625,0,31.3599987030029
0,0,0,0,0,0,0,1,9.60000038146973,0,0,0,1,0,0,92.1600036621094
0,0,0,1,0,0,0,4,175.600006103516,0,0,0,0,1,0,30835.361328125
0,0,0,0.25,0,0,0,2,13.6999998092651,2,0,1,0,0.0625,0,187.689987182617
0,0,0,0.600000023841858,0,0,0,0,0,6,0,1,0,0.360000014305115,0,0
0,0,0,0,0,0,0,4,28.6000003814697,0,0,0,0,0,0,817.960021972656
0,0,0,0,0,0,0,3,54.5,0,0,1,1,0,0,2970.25
0,0,0,0.400000005960464,14.3000001907349,14.3000001907349,0,2,8.19999980926514,0,0,1,0,0.160000011324883,0,67.2399978637695
3,1,0,0.560000002384186,0,0,0,0,0,3,0,1,0,0.31360000371933,0,0
0,0,0,0,0,0,0,3,51.7999992370605,0,0,0,1,0,0,2683.23999023438
0,0,0,0,0,0,0,0,0,3,0,0,0,0,0,0
2,2,1,0.560000002384186,0,0,0,2,4.30000019073486,2,1,0,0,0.31360000371933,0,18.4900016784668
0,0,0,0.330000013113022,0,0,0,1,7.5,7,0,1,0,0.108900010585785,0,56.25
2,0,0,0.5,0,0,0,3,44.5,0,0,0,0,0.25,0,1980.25
0,0,0,1,0,0,0,2,27.2999992370605,2,0,0,0,1,0,745.289978027344
1,1,1,0.5,0,0,0,2,2.5,1,1,0,0,0.25,0,6.25
0,0,0,1,0,0,0,4,103.699996948242,0,0,1,0,1,0,10753.689453125
0,0,0,0,0,0,0,4,158.800003051758,0,0,0,0,0,0,25217.44140625
0,0,0,0,0,0,0,4,52.9000015258789,0,1,0,0,0,0,2798.41015625
0,0,0,1,0,0,0,2,14.6999998092651,2,0,1,1,1,0,216.089996337891
0,0,0,0.5,0,0,0,4,77.5999984741211,0,0,0,0,0.25,0,6021.759765625
0,0,0,0.0799999982118607,0,0,11,0,0,15,1,0,0,0.0063999998383224,121,0
0,0,0,0,0,0,0,4,128.699996948242,0,0,1,0,0,0,16563.689453125
0,0,0,0.6700000166893,0,0,0,3,84.0999984741211,2,0,1,0,0.448900014162064,0,7072.8095703125
0,0,0,0.330000013113022,0,0,0,3,23.8999996185303,2,0,0,1,0.108900010585785,0,571.2099609375
0,0,0,0,0,0,0,4,107.900001525879,0,0,0,0,0,0,11642.41015625
0,0,0,0,0,0,0,2,56.2999992370605,3,0,0,0,0,0,3169.68994140625
0,0,0,0.5,0,0,0,3,16.1000003814697,0,1,0,1,0.25,0,259.210021972656
0,0,0,0.25,0,0,0,4,205.800003051758,0,0,0,1,0.0625,0,42353.640625
0,0,0,1,0,0,0,4,132.399993896484,0,0,0,0,1,0,17529.7578125
0,0,0,1,0,0,0,4,142.800003051758,0,0,1,0,1,0,20391.841796875
0,0,0,0,0,0,0,4,232,0,0,0,1,0,0,53824
0,0,0,0.330000013113022,0,0,0,1,3.29999995231628,1,0,0,0,0.108900010585785,0,10.8899993896484
0,0,0,0.180000007152557,0,0,12,0,0,0,1,0,0,0.0324000008404255,144,0
0,0,0,0,0,0,0,4,210.899993896484,0,0,0,0,0,0,44478.80859375
0,0,0,0.6700000166893,0,0,0,4,122.800003051758,0,1,0,1,0.448900014162064,0,15079.8408203125
0,0,0,0,0,0,0,4,49,0,0,1,1,0,0,2401
0,0,0,0.5,0,0,0,3,39.9000015258789,6,0,0,0,0.25,0,1592.01013183594
0,0,0,0,0,0,0,4,100.5,0,0,0,0,0,0,10100.25
0,0,0,0.25,0,0,0,3,78.0999984741211,0,0,1,0,0.0625,0,6099.60986328125
0,0,0,0,0,0,0,4,136.5,0,0,1,0,0,0,18632.25
3,0,1,0.600000023841858,0,0,0,3,19.2000007629395,0,0,1,0,0.360000014305115,0,368.640014648438
0,0,0,0,0,0,0,4,123.800003051758,0,0,0,0,0,0,15326.4404296875
0,0,0,0.5,0,0,0,0,0,1,0,0,1,0.25,0,0
0,0,0,1,0,0,0,2,38.2999992370605,0,0,0,0,1,0,1466.88989257812
0,0,0,1,0,0,0,4,132.100006103516,0,0,0,0,1,0,17450.412109375
0,0,0,0,0,0,0,4,187.899993896484,0,0,0,1,0,0,35306.40625
0,0,0,0,0,0,0,0,0,8,0,0,0,0,0,0
0,0,0,0.129999995231628,0,0,0,3,17.1000003814697,0,0,1,0,0.0168999992311001,0,292.410003662109
0,0,0,1,0,0,0,0,0,3,0,0,0,1,0,0
0,0,0,0.330000013113022,0,0,0,3,49.7999992370605,6,0,0,0,0.108900010585785,0,2480.0400390625
0,0,0,0.25,0,0,0,2,19.2000007629395,0,1,0,0,0.0625,0,368.640014648438
0,0,0,1,0,0,0,2,10.1000003814697,10,0,0,1,1,0,102.010009765625
0,0,0,1,0,0,0,0,0,1,0,0,0,1,0,0
1,0,0,0,0,0,0,4,59.7000007629395,0,1,0,0,0,0,3564.09008789062
0,0,0,0.330000013113022,0,0,0,0,0,3,0,0,0,0.108900010585785,0,0
0,0,0,0,0,0,0,4,104.400001525879,0,0,0,0,0,0,10899.3603515625
1,0,0,0.28999999165535,0,0,0,2,3.79999995231628,0,0,1,0,0.0840999931097031,0,14.4399995803833
0,0,0,1,0,0,0,4,70.9000015258789,0,0,0,0,1,0,5026.81005859375
0,0,0,1,0,0,0,4,151.100006103516,0,0,0,1,1,0,22831.2109375
0,0,0,0.469999998807907,0,0,0,2,5.5,2,1,0,0,0.220899999141693,0,30.25
0,0,0,1,0,0,0,4,35.7999992370605,0,0,0,0,1,0,1281.63989257812
0,0,0,0,0,0,0,3,36.5,0,0,0,0,0,0,1332.25
0,0,0,0.629999995231628,0,0,6,1,19,12,0,0,0,0.396899998188019,36,361
0,0,0,0,0,0,0,1,8.60000038146973,0,0,0,0,0,0,73.9600067138672
0,0,0,0.600000023841858,1.10000002384186,1.10000002384186,0,4,154.5,0,0,1,0,0.360000014305115,0,23870.25
0,0,0,1,0,0,0,4,157,0,0,0,1,1,0,24649
0,0,0,0.5,0,0,0,2,21.7999992370605,1,0,1,0,0.25,0,475.239959716797
0,0,0,0.6700000166893,0,0,0,1,7.09999990463257,1,0,1,0,0.448900014162064,0,50.4099998474121
0,0,0,0.5,9,9,0,3,20.7000007629395,0,0,0,0,0.25,0,428.490020751953
0,0,0,0,0,0,0,4,284.299987792969,0,0,0,0,0,0,80826.484375
0,0,0,0,0,0,0,3,56.7999992370605,5,0,1,0,0,0,3226.23999023438
0,0,0,0.25,0,0,0,4,84.1999969482422,0,0,0,0,0.0625,0,7089.6396484375
0,0,0,0.5,0,0,0,3,6.69999980926514,0,0,0,0,0.25,0,44.8899955749512
0,0,0,1,0,0,0,4,117.199996948242,0,0,0,0,1,0,13735.8388671875
0,0,0,1,0,0,0,3,32.2999992370605,1,0,0,1,1,0,1043.28991699219
1,0,0,0.330000013113022,0,0,0,3,79,0,0,1,1,0.108900010585785,0,6241
0,0,0,0,0,0,0,4,174.5,0,0,0,1,0,0,30450.25
0,0,0,0.6700000166893,0,0,0,3,20.6000003814697,2,0,0,0,0.448900014162064,0,424.360015869141
0,0,0,1,0,0,0,4,262,0,0,0,0,1,0,68644
0,0,0,0,0,0,0,2,77.4000015258789,1,1,0,0,0,0,5990.76025390625
0,0,0,0,0,0,0,1,45.4000015258789,6,0,0,0,0,0,2061.16015625
0,0,0,0,0,0,0,0,0,8,0,0,1,0,0,0
0,0,0,1,0,0,0,4,69.6999969482422,0,0,0,1,1,0,4858.08935546875
0,0,0,0,0,0,0,4,206,0,0,0,0,0,0,42436
2,1,0,0.75,23.8999996185303,23.8999996185303,0,1,10.6000003814697,8.89999961853027,0,0,0,0.5625,0,112.360008239746
0,0,0,0,0,0,0,4,196.300003051758,0,0,1,1,0,0,38533.69140625
0,0,0,1,0,0,0,0,0,6,0,0,0,1,0,0
1,1,0,1,0,0,0,4,76.5999984741211,0,0,0,1,1,0,5867.5595703125
0,0,0,0.400000005960464,0,0,0,4,203.100006103516,0,0,0,0,0.160000011324883,0,41249.61328125
2,0,0,0,0,0,0,4,28.2000007629395,0,0,1,0,0,0,795.240051269531
0,0,0,0,0,0,0,4,197.800003051758,0,0,1,0,0,0,39124.83984375
0,0,0,0,0,0,0,1,18.8999996185303,1,0,0,0,0,0,357.209991455078
0,0,0,0,0,0,0,3,20.8999996185303,0,0,0,0,0,0,436.809997558594
0,0,0,0.330000013113022,0,0,0,2,5.09999990463257,1,0,0,0,0.108900010585785,0,26.0099983215332
0,0,0,0,0,0,0,3,9.80000019073486,1,1,0,0,0,0,96.0400009155273
0,0,0,1,0,0,0,3,30.3999996185303,0,0,0,0,1,0,924.159973144531
0,0,0,0.259999990463257,0,0,12,0,0,0,1,0,0,0.0675999969244003,144,0
1,1,0,0,0,0,0,0,0,5,1,0,1,0,0,0
0,0,0,0.330000013113022,0,0,0,4,44,0,0,1,0,0.108900010585785,0,1936
0,0,0,0.5,0,0,0,4,204.699996948242,0,0,1,0,0.25,0,41902.08984375
0,0,0,1,0,0,0,4,13.1999998092651,0,0,0,0,1,0,174.239990234375
0,0,0,0.5,0,0,0,3,5.40000009536743,0,0,0,0,0.25,0,29.1600017547607
1,1,0,1,0,0,0,3,13.3999996185303,2,1,0,1,1,0,179.559982299805
1,1,0,0.170000001788139,0,0,0,1,1.89999997615814,0,0,0,0,0.0289000011980534,0,3.60999989509583
1,0,0,0,0,0,0,3,68.9000015258789,0,0,0,0,0,0,4747.21044921875
0,0,0,0.6700000166893,0,0,0,0,0,1,0,1,1,0.448900014162064,0,0
0,0,0,0,0,0,0,4,134.399993896484,0,0,0,0,0,0,18063.357421875
0,0,0,0,0,0,0,0,0,2,0,0,0,0,0,0
0,0,0,0.5,0,0,0,4,130.800003051758,0,0,1,0,0.25,0,17108.640625
1,0,0,0.400000005960464,0,0,0,0,0,15,1,0,0,0.160000011324883,0,0
0,0,0,0,0,0,0,2,24.8999996185303,0,0,0,0,0,0,620.010009765625
2,0,0,0.6700000166893,0,0,0,3,80.0999984741211,1,0,0,0,0.448900014162064,0,6416.009765625
0,0,0,1,0,0,0,1,5.30000019073486,3,0,0,0,1,0,28.0900020599365
1,1,1,0.6700000166893,0,0,0,1,0.300000011920929,1,0,0,0,0.448900014162064,0,0.0900000035762787
1,0,0,0.330000013113022,0,0,0,0,0,1,0,1,1,0.108900010585785,0,0
0,0,0,0,0,0,0,4,100.099998474121,0,0,1,1,0,0,10020.009765625
0,0,0,0,0,0,0,2,51,3,0,1,1,0,0,2601
0,0,0,0,0,0,0,3,103,0,0,0,1,0,0,10609
0,0,0,0.5,0,0,0,4,87.3000030517578,0,0,0,0,0.25,0,7621.29052734375
0,0,0,0.6700000166893,0,0,0,4,38.5,0,0,0,0,0.448900014162064,0,1482.25
0,0,0,0,0,0,0,4,94.9000015258789,0,0,0,0,0,0,9006.0107421875
0,0,0,1,0,0,0,4,70.0999984741211,0,0,0,0,1,0,4914.009765625
0,0,0,1,0,0,0,4,71.5999984741211,0,0,0,1,1,0,5126.5595703125
1,1,1,0.5,0,0,0,3,39.4000015258789,0,1,0,0,0.25,0,1552.36010742188
0,0,0,0.330000013113022,0,0,0,2,33.2999992370605,4,0,0,1,0.108900010585785,0,1108.88989257812
0,0,0,1,0,0,0,4,136.5,0,0,0,0,1,0,18632.25
1,1,1,0.6700000166893,0,0,0,2,10.6000003814697,0,0,1,0,0.448900014162064,0,112.360008239746
0,0,0,1,0,0,0,4,209.699996948242,0,0,0,1,1,0,43974.08984375
0,0,0,0,0,0,0,0,0,3,0,0,0,0,0,0
0,0,0,1,0,0,0,0,0,5,0,0,0,1,0,0
0,0,0,1,0,0,0,2,37.7000007629395,5,0,0,0,1,0,1421.2900390625
0,0,0,0,0,0,0,3,60.2999992370605,0,0,0,0,0,0,3636.08984375
0,0,0,0.439999997615814,0,0,12,0,0,0,0,0,0,0.193599998950958,144,0
0,0,0,0,0,0,0,3,68.5,1,0,0,0,0,0,4692.25
0,0,0,1,0,0,0,2,29.7999992370605,5,0,0,1,1,0,888.039978027344
0,0,0,0,0,0,0,4,161.600006103516,0,0,0,0,0,0,26114.5625
0,0,0,0.800000011920929,0,0,12,0,0,0,0,1,0,0.64000004529953,144,0
0,0,0,0,0,0,0,3,142.600006103516,0,0,0,0,0,0,20334.76171875
0,0,0,1,0,0,0,1,34.4000015258789,0,0,0,0,1,0,1183.36010742188
0,0,0,0.5,0,0,0,4,188.800003051758,0,0,0,0,0.25,0,35645.44140625
0,0,0,0,0,0,0,4,228.600006103516,0,0,0,0,0,0,52257.9609375
0,0,0,0,0,0,0,4,172.699996948242,0,0,0,1,0,0,29825.2890625
1,1,0,0.5,0,0,0,3,33.0999984741211,0,1,0,1,0.25,0,1095.60986328125
0,0,0,0,0,0,0,2,38.4000015258789,0,1,0,1,0,0,1474.56005859375
0,0,0,0.6700000166893,0,0,0,4,97.1999969482422,0,0,1,0,0.448900014162064,0,9447.83984375
0,0,0,0.5,0,0,0,3,34.9000015258789,0,0,0,0,0.25,0,1218.01013183594
0,0,0,1,0,0,0,1,2.40000009536743,1,0,0,0,1,0,5.76000022888184
0,0,0,0.330000013113022,0,0,0,3,11.3000001907349,0,1,0,0,0.108900010585785,0,127.690002441406
0,0,0,1,0,0,0,3,35,2,0,0,0,1,0,1225
0,0,0,0,0,0,0,4,142.100006103516,0,0,1,0,0,0,20192.412109375
0,0,0,0.5,0,0,0,3,41.4000015258789,0,0,0,0,0.25,0,1713.96008300781
0,0,0,0,0,0,0,0,0,6,1,0,0,0,0,0
0,0,0,1,0,0,0,2,28,0,0,0,0,1,0,784
0,0,0,0.25,0,0,0,2,35.9000015258789,1,0,0,0,0.0625,0,1288.81005859375
0,0,0,1,2.90000009536743,2.90000009536743,0,3,17.7000007629395,2,0,0,0,1,0,313.2900390625
0,0,0,0.5,0,0,6,1.79999995231628,16,0,0,1,0,0.25,36,256
0,0,0,1,0,0,0,4,59.4000015258789,0,0,0,0,1,0,3528.36010742188
0,0,0,0.5,0,0,0,3,64.4000015258789,12,0,0,0,0.25,0,4147.3603515625
0,0,0,0,0,0,0,0,0,8,0,0,0,0,0,0
0,0,0,1,0,0,0,3,137.199996948242,3,0,0,1,1,0,18823.83984375
0,0,0,0,0,0,0,4,112.199996948242,0,0,0,0,0,0,12588.8388671875
0,0,0,0,0,0,0,1,2.09999990463257,0,0,1,0,0,0,4.40999937057495
1,1,1,0,0,0,0,3,31.1000003814697,0,1,0,1,0,0,967.210021972656
1,1,0,0.600000023841858,0,0,0,3,34,2,0,1,0,0.360000014305115,0,1156
0,0,0,0,0,0,0,3,24.1000003814697,6,0,0,0,0,0,580.809997558594
0,0,0,0.170000001788139,1.10000002384186,1.10000002384186,0,4,115.099998474121,0,0,0,0,0.0289000011980534,0,13248.009765625
0,0,0,0.330000013113022,0,0,0,2,137.100006103516,1,0,0,1,0.108900010585785,0,18796.412109375
0,0,0,0,0,0,0,4,63.2000007629395,0,0,0,0,0,0,3994.23999023438
0,0,0,1,0,0,0,4,217.699996948242,0,0,1,0,1,0,47393.2890625
0,0,0,0.5,0,0,0,3,48.2000007629395,0,0,0,0,0.25,0,2323.23999023438
0,0,0,0,0,0,0,4,46.9000015258789,0,0,0,0,0,0,2199.61010742188
0,0,0,0,0,0,0,4,129.100006103516,0,0,0,1,0,0,16666.8125
0,0,0,1,0,0,0,4,157.5,0,0,0,0,1,0,24806.25
3,1,1,0.5,0,0,0,1,4.09999990463257,0,0,0,0,0.25,0,16.8099994659424
0,0,0,0,0,0,0,4,39.9000015258789,0,0,1,0,0,0,1592.01013183594
0,0,0,1,0,0,0,4,128.100006103516,0,0,0,1,1,0,16409.611328125
0,0,0,0,0,0,0,4,101.199996948242,0,0,0,0,0,0,10241.439453125
0,0,0,0.25,0,0,0,4,71.5999984741211,0,0,0,1,0.0625,0,5126.5595703125
0,0,0,0,0,0,0,0,0,1,0,0,0,0,0,0
0,0,0,0,0,0,0,3,74.4000015258789,6,0,0,0,0,0,5535.3603515625
0,0,0,0.6700000166893,0,0,0,0,0,6,0,0,0,0.448900014162064,0,0
0,0,0,0,0,0,0,1,142.5,2,0,0,0,0,0,20306.25
0,0,0,0,0,0,0,3,94.4000015258789,0,0,1,0,0,0,8911.3603515625
0,0,0,0,0,0,0,4,85.5,0,0,1,1,0,0,7310.25
2,0,0,0.6700000166893,0,0,0,2,8.89999961853027,1,0,1,0,0.448900014162064,0,79.2099914550781
0,0,0,0.400000005960464,0,0,0,0,0,4,0,0,0,0.160000011324883,0,0
0,0,0,0.6700000166893,0,0,12,0,0,0,0,1,0,0.448900014162064,144,0
0,0,0,0,0,0,0,4,181.5,0,0,0,0,0,0,32942.25
1,1,1,0.200000002980232,0,0,0,1,6.09999990463257,8,1,0,0,0.0400000028312206,0,37.2099990844727
1,1,1,0.5,0,0,0,1,0.100000001490116,1,0,1,0,0.25,0,0.0100000007078052
0,0,0,0,0,0,0,3,22.1000003814697,0,1,0,0,0,0,488.410003662109
0,0,0,0,0,0,0,1,3.5,25,0,0,1,0,0,12.25
1,1,1,0.200000002980232,0,0,0,2,15.1999998092651,2,0,0,0,0.0400000028312206,0,231.039993286133
0,0,0,0.5,0,0,0,4,102.699996948242,0,0,0,0,0.25,0,10547.2890625
0,0,0,0,0,0,0,0,0,3,0,1,1,0,0,0
0,0,0,1,0,0,0,3,60.2999992370605,0,0,0,0,1,0,3636.08984375
0,0,0,0,0,0,0,3,104.099998474121,0,0,0,1,0,0,10836.8095703125
0,0,0,0.5,0,0,0,4,88.1999969482422,0,0,0,0,0.25,0,7779.2392578125
0,0,0,1,0,0,0,4,118.5,0,0,0,0,1,0,14042.25
3,2,2,0,0,0,0,1,0.699999988079071,2,0,0,0,0,0,0.489999979734421
0,0,0,0.5,0,0,0,4,88.5,0,0,1,1,0.25,0,7832.25
0,0,0,1,0,0,0,2,0.400000005960464,3,0,1,0,1,0,0.160000011324883
1,1,0,0.330000013113022,0,0,0,1,0.400000005960464,9,1,0,0,0.108900010585785,0,0.160000011324883
0,0,0,1,0,0,0,3,21.3999996185303,1,0,0,1,1,0,457.959991455078
0,0,0,0.5,0,0,0,4,129.899993896484,0,0,0,0,0.25,0,16874.0078125
1,0,0,0,0,0,0,0,0,1,0,0,0,0,0,0
0,0,0,0,0,0,0,0,0,6,0,0,0,0,0,0
0,0,0,0.330000013113022,0,0,0,4,132.800003051758,0,0,0,0,0.108900010585785,0,17635.83984375
0,0,0,0,0,0,0,4,104.199996948242,0,0,1,1,0,0,10857.6396484375
0,0,0,1,0,0,0,4,75.5,0,1,0,0,1,0,5700.25
0,0,0,0.170000001788139,0,0,0,0,0,16,1,0,0,0.0289000011980534,0,0
0,0,0,0.330000013113022,0,0,0,0,0,11,0,0,0,0.108900010585785,0,0
2,2,1,0.25,0,0,0,0,0,15,0,0,0,0.0625,0,0
0,0,0,0,0,0,0,4,184.800003051758,0,0,0,0,0,0,34151.04296875
0,0,0,0,0,0,0,3,96.5999984741211,1,0,0,0,0,0,9331.5595703125
1,0,0,0,0,0,0,0,0,18,1,0,0,0,0,0
0,0,0,0,16.2000007629395,32.4000015258789,12,0,0,0,1,0,1,0,144,0
1,1,1,0,0,0,0,3,50.7000007629395,0,0,1,0,0,0,2570.48999023438
0,0,0,0.5,0,0,0,4,104,0,0,0,0,0.25,0,10816
0,0,0,0,0,0,0,4,99,0,0,0,0,0,0,9801
0,0,0,0,0,0,0,0,0,2,0,1,0,0,0,0
1,0,0,0.5,0,0,0,1,0.100000001490116,7,0,0,1,0.25,0,0.0100000007078052
0,0,0,0,0,0,0,4,166.399993896484,0,0,0,0,0,0,27688.95703125
0,0,0,0.5,0,0,0,3,164.899993896484,0,0,0,1,0.25,0,27192.0078125
0,0,0,0,0,0,0,1,10.6000003814697,2,1,0,0,0,0,112.360008239746
0,0,0,0,0,0,0,2,60.4000015258789,0,0,0,1,0,0,3648.16015625
2,1,1,0,0,0,0,3,25.2000007629395,1,0,0,0,0,0,635.0400390625
0,0,0,0.330000013113022,0,0,0,3,62.7999992370605,1,0,1,1,0.108900010585785,0,3943.83984375
0,0,0,0,0,0,0,4,220.399993896484,0,0,0,0,0,0,48576.15625
0,0,0,0,0,0,0,2,17.3999996185303,15,0,0,0,0,0,302.759979248047
0,0,0,1,0,0,0,4,105.199996948242,0,0,1,0,1,0,11067.0390625
0,0,0,0.379999995231628,7.59999990463257,7.59999990463257,6,2.09999990463257,47.9000015258789,0,1,0,0,0.144400000572205,36,2294.41015625
0,0,0,0,0,0,0,4,39.7999992370605,0,0,1,0,0,0,1584.03991699219
0,0,0,0,0,0,0,1,9.30000019073486,0,0,0,1,0,0,86.4900054931641
1,0,0,0,0,0,0,4,52.7000007629395,0,0,0,0,0,0,2777.2900390625
0,0,0,1,0,0,0,3,35.0999984741211,0,0,0,0,1,0,1232.00988769531
0,0,0,0,0,0,0,4,189.199996948242,0,0,0,0,0,0,35796.640625
0,0,0,1,0,0,0,0,0,2,0,0,1,1,0,0
0,0,0,1,0,0,0,4,64.0999984741211,0,0,0,1,1,0,4108.8095703125
0,0,0,1,0,0,0,2,55,1,0,0,0,1,0,3025
0,0,0,0.600000023841858,0,0,0,3,6.80000019073486,0,0,0,0,0.360000014305115,0,46.2400016784668
0,0,0,0,0,0,0,4,83.6999969482422,0,1,0,0,0,0,7005.689453125
0,0,0,0,0,0,0,0,0,8,0,0,0,0,0,0
0,0,0,0.5,0,0,0,3,12,4,0,0,0,0.25,0,144
0,0,0,0,0,0,0,4,130.800003051758,0,0,0,0,0,0,17108.640625
0,0,0,0.5,0,0,0,3,52.0999984741211,0,1,0,0,0.25,0,2714.40991210938
0,0,0,0,0,0,0,2,25,0,0,0,0,0,0,625
0,0,0,0.330000013113022,0,0,0,3,71.3000030517578,0,0,0,0,0.108900010585785,0,5083.6904296875
0,0,0,0,0,0,0,4,53.7999992370605,0,1,0,0,0,0,2894.43994140625
0,0,0,0.330000013113022,0,0,0,2,19.2999992370605,0,0,0,1,0.108900010585785,0,372.489959716797
0,0,0,0,0,0,0,4,122.5,0,0,0,0,0,0,15006.25
0,0,0,1,0,0,0,0,0,2,0,0,0,1,0,0
0,0,0,0,0,0,0,4,256.299987792969,0,0,0,0,0,0,65689.6875
0,0,0,1,0,0,0,4,169.199996948242,0,0,0,0,1,0,28628.638671875
0,0,0,0,0,0,0,4,114.699996948242,0,0,0,0,0,0,13156.0888671875
1,0,0,0.400000005960464,0,0,0,0,0,1,1,0,0,0.160000011324883,0,0
0,0,0,0,0,0,0,4,44,0,0,0,0,0,0,1936
0,0,0,0,0,0,0,4,214.699996948242,0,0,0,1,0,0,46096.08984375
0,0,0,0.330000013113022,0,0,0,2,6.5,10,1,0,0,0.108900010585785,0,42.25
0,0,0,0,0,0,0,4,134.699996948242,0,0,0,0,0,0,18144.08984375
0,0,0,0.5,0,0,0,1,18.7999992370605,0,1,0,0,0.25,0,353.439971923828
0,0,0,0,0,0,0,4,87.0999984741211,0,0,0,1,0,0,7586.40966796875
0,0,0,1,0,0,0,2,0.200000002980232,7,0,1,0,1,0,0.0400000028312206
0,0,0,0.6700000166893,0,0,0,4,17.5,0,0,1,0,0.448900014162064,0,306.25
0,0,0,0,0,0,0,3,142.399993896484,0,0,0,0,0,0,20277.7578125
1,0,0,0.430000007152557,0,0,0,0,0,15,0,1,0,0.184900000691414,0,0
0,0,0,0,0,0,0,4,125.900001525879,0,0,0,0,0,0,15850.810546875
1,0,1,0,0,0,0,1,6,1,0,0,1,0,0,36
0,0,0,1,0,0,0,4,108.599998474121,0,0,0,0,1,0,11793.9599609375
0,0,0,1,0,0,0,4,48,0,0,0,0,1,0,2304
0,0,0,0,0,0,0,0,0,5,0,0,0,0,0,0
0,0,0,1,0,0,0,1,9,1,0,1,0,1,0,81
0,0,0,0,0,0,0,4,224.899993896484,0,0,1,1,0,0,50580.0078125
0,0,0,0.5,0,0,0,0,0,1,0,0,0,0.25,0,0
0,0,0,0,0,0,0,4,248.699996948242,0,0,0,0,0,0,61851.6875
0,0,0,0,0,0,0,4,107.800003051758,0,0,0,1,0,0,11620.8408203125
3,0,0,0.5,0,0,0,1,5.90000009536743,0,0,1,0,0.25,0,34.810001373291
0,0,0,0.5,0,0,0,0,0,3,0,0,0,0.25,0,0
0,0,0,0,0,0,0,4,70.1999969482422,0,0,0,0,0,0,4928.03955078125
0,0,0,0,0,0,0,4,137.699996948242,0,0,1,0,0,0,18961.2890625
0,0,0,0,0,0,0,4,102,0,0,0,0,0,0,10404
0,0,0,0,0,0,0,4,30.7999992370605,0,0,1,1,0,0,948.639953613281
0,0,0,1,0,0,0,4,61.5999984741211,0,0,1,0,1,0,3794.55981445312
0,0,0,1,0,0,0,4,105.699996948242,0,0,0,1,1,0,11172.4892578125
0,0,0,0,0,0,0,4,150.399993896484,0,0,0,0,0,0,22620.158203125
0,0,0,0,0,0,0,4,62.2999992370605,0,1,0,0,0,0,3881.28979492188
0,0,0,0.5,0,0,0,0,0,16,0,0,0,0.25,0,0
0,0,0,1,0,0,0,4,79.5,0,0,1,0,1,0,6320.25
0,0,0,0,0,0,0,4,149.199996948242,0,1,0,0,0,0,22260.638671875
0,0,0,1,0,0,0,4,29.1000003814697,0,0,0,1,1,0,846.809997558594
1,0,1,0.600000023841858,0,0,0,3,23,0,0,1,0,0.360000014305115,0,529
0,0,0,1,0,0,0,4,92.5999984741211,0,0,0,0,1,0,8574.759765625
0,0,0,0,0,0,0,2,27.1000003814697,0,0,0,0,0,0,734.410034179688
0,0,0,1,0,0,0,4,148.300003051758,0,0,0,0,1,0,21992.890625
1,1,1,1,0,0,0,1,8.80000019073486,0,1,0,0,1,0,77.4400024414062
1,0,1,0,0,0,0,3,51.5,1,0,0,0,0,0,2652.25
0,0,0,1,0,0,0,1,0.800000011920929,4,0,0,0,1,0,0.64000004529953
0,0,0,0,0,0,0,0,0,9,0,0,1,0,0,0
0,0,0,1,0,0,12,0,0,0,0,0,0,1,144,0
0,0,0,1,0,0,0,4,194.199996948242,0,0,0,0,1,0,37713.640625
1,1,1,0,7.80000019073486,7.80000019073486,0,1,13,0,0,0,0,0,0,169
0,0,0,0.5,0,0,0,4,182.199996948242,0,0,0,0,0.25,0,33196.83984375
1,0,0,1,0,0,0,3,15.8999996185303,3,0,0,0,1,0,252.809982299805
0,0,0,0,0,0,0,3,47.5,18,0,0,1,0,0,2256.25
1,0,0,0,0,0,0,4,116.599998474121,0,0,1,0,0,0,13595.5595703125
0,0,0,1,0,0,0,3,37.7000007629395,0,0,0,0,1,0,1421.2900390625
0,0,0,0.6700000166893,0,0,0,0,0,7,1,0,0,0.448900014162064,0,0
0,0,0,0.5,0,0,0,0,0,15,1,0,1,0.25,0,0
0,0,0,0,0,0,0,4,54.2000007629395,0,0,0,1,0,0,2937.64013671875
0,0,0,0,0,0,0,0,0,1,0,0,0,0,0,0
0,0,0,0.6700000166893,0,0,0,2,7.09999990463257,0,0,1,1,0.448900014162064,0,50.4099998474121
0,0,0,0,0,0,0,4,88.5,0,0,0,0,0,0,7832.25
0,0,0,1,0,0,0,0,0,1,0,0,1,1,0,0
0,0,0,0.600000023841858,0,0,0,2,5,4,0,0,0,0.360000014305115,0,25
0,0,0,0,0,0,0,2,28.8999996185303,0,0,0,0,0,0,835.2099609375
0,0,0,0,0,0,0,0,0,7,0,1,0,0,0,0
6,3,0,1,0,0,0,0,0,1,1,0,1,1,0,0
0,0,0,0,0,0,0,3,34.0999984741211,0,1,0,0,0,0,1162.80993652344
0,0,0,0.379999995231628,0,0,0,4,179.5,0,1,0,0,0.144400000572205,0,32220.25
0,0,0,0,0,0,0,0,0,4,0,0,0,0,0,0
0,0,0,0,0,0,0,0,0,2,0,1,1,0,0,0
0,0,0,1,0,0,0,4,98.1999969482422,0,0,0,0,1,0,9643.2392578125
0,0,0,0.330000013113022,0,0,0,1,0.400000005960464,23,1,0,0,0.108900010585785,0,0.160000011324883
0,0,0,1,0,0,0,4,218.399993896484,0,0,1,1,1,0,47698.55859375
3,3,0,0.230000004172325,0,0,0,0,0,1,1,0,0,0.0529000014066696,0,0
1,1,1,0.200000002980232,0,0,0,0,0,9,0,1,0,0.0400000028312206,0,0
0,0,0,0.330000013113022,0,0,0,4,124.099998474121,0,0,0,0,0.108900010585785,0,15400.8095703125
0,0,0,0,0,0,0,4,197.100006103516,0,0,0,0,0,0,38848.4140625
0,0,0,0,0,0,0,3,98.8000030517578,0,0,1,0,0,0,9761.4404296875
0,0,0,0.5,0,0,0,0,0,17,0,1,0,0.25,0,0
0,0,0,0.5,0,0,0,0,0,6,0,0,0,0.25,0,0
0,0,0,0,0,0,0,4,57.4000015258789,0,0,0,0,0,0,3294.76025390625
0,0,0,0,0,0,0,3,56.0999984741211,1,0,1,0,0,0,3147.20971679688
0,0,0,0.5,0,0,0,4,124.699996948242,0,0,0,0,0.25,0,15550.0888671875
0,0,0,1,0,0,0,4,187.600006103516,0,0,0,1,1,0,35193.76171875
0,0,0,0,0,0,0,3,8.69999980926514,0,1,0,0,0,0,75.6899948120117
0,0,0,1,0,0,0,3,103.199996948242,0,0,0,0,1,0,10650.2392578125
1,0,0,0.5,0,0,0,4,62.5,0,1,0,1,0.25,0,3906.25
0,0,0,0,0,0,0,4,124,0,0,0,0,0,0,15376
0,0,0,0.800000011920929,0,0,0,2,21.7999992370605,3,0,1,0,0.64000004529953,0,475.239959716797
0,0,0,0.5,0,0,0,4,42.0999984741211,0,0,0,0,0.25,0,1772.40991210938
0,0,0,0,0,0,0,3,12.1000003814697,0,0,0,0,0,0,146.410003662109
0,0,0,0,0,0,0,4,137,0,1,0,0,0,0,18769
1,0,0,0,0,0,0,0,0,2,0,0,0,0,0,0
0,0,0,0,0,0,0,3,88.1999969482422,0,0,0,0,0,0,7779.2392578125
0,0,0,0,0,0,0,4,72.5999984741211,0,0,0,0,0,0,5270.759765625
1,0,0,0.25,0,0,0,1,1.29999995231628,12,0,0,1,0.0625,0,1.68999981880188
0,0,0,1,0,0,0,2,10.1000003814697,0,0,0,0,1,0,102.010009765625
0,0,0,0,0,0,0,0,0,3,1,0,1,0,0,0
0,0,0,0.75,18.8999996185303,18.8999996185303,0,4,190.600006103516,0,0,0,0,0.5625,0,36328.36328125
0,0,0,0,0,0,0,2,20.8999996185303,0,0,0,0,0,0,436.809997558594
1,1,0,0.5,0,0,0,4,72.3000030517578,0,0,0,0,0.25,0,5227.29052734375
0,0,0,1,0,0,0,4,144.300003051758,0,0,1,0,1,0,20822.490234375
0,0,0,0,0,0,0,4,123.300003051758,0,0,0,0,0,0,15202.890625
2,2,0,0.140000000596046,0,0,0,0,0,4,1,0,0,0.0196000002324581,0,0
0,0,0,0,0,0,0,4,55.7000007629395,0,0,0,0,0,0,3102.48999023438
0,0,0,1,0,0,0,4,282.899993896484,0,0,0,1,1,0,80032.40625
0,0,0,0.709999978542328,0,0,0,3,51.7999992370605,4,0,1,0,0.50409996509552,0,2683.23999023438
0,0,0,1,0,0,0,1,10.1999998092651,1,0,0,0,1,0,104.039993286133
0,0,0,0.28999999165535,0,0,0,0,0,7,1,0,0,0.0840999931097031,0,0
0,0,0,1,0,0,0,1,3.5,3,0,0,0,1,0,12.25
0,0,0,0,0,0,0,0,0,2,0,0,0,0,0,0
0,0,0,1,0,0,0,4,73.0999984741211,0,0,0,0,1,0,5343.60986328125
0,0,0,0,0,0,0,0,0,3,0,0,0,0,0,0
0,0,0,0,0,0,0,4,139.800003051758,0,0,0,0,0,0,19544.041015625
0,0,0,0,0,0,0,4,62.5,0,1,0,1,0,0,3906.25
0,0,0,0,0,0,0,4,226.699996948242,0,0,0,1,0,0,51392.88671875
0,0,0,0,0,0,0,4,142.399993896484,0,0,0,0,0,0,20277.7578125
0,0,0,1,0,0,0,1,0.600000023841858,0,0,0,0,1,0,0.360000014305115
0,0,0,1,0,0,0,4,145.300003051758,0,0,0,0,1,0,21112.091796875
4,3,0,0,0,0,0,0,0,18,1,0,0,0,0,0
2,2,0,0.5,0,0,0,0,0,2,0,0,0,0.25,0,0
0,0,0,1,0,0,0,4,36.7000007629395,0,0,0,0,1,0,1346.89001464844
0,0,0,1,0,0,0,0,0,2,0,0,1,1,0,0
0,0,0,0,0,0,0,4,55.0999984741211,0,1,0,0,0,0,3036.009765625
0,0,0,0.170000001788139,0,0,12,0,0,0,1,0,1,0.0289000011980534,144,0
1,1,0,0.400000005960464,0,0,0,2,7.59999990463257,25,0,0,0,0.160000011324883,0,57.7599983215332
0,0,0,0,0,0,0,4,211.5,0,0,1,0,0,0,44732.25
0,0,0,1,0,0,0,0,0,8,1,0,0,1,0,0
2,2,2,0,0,0,0,2,7.19999980926514,11,0,0,0,0,0,51.8399963378906
0,0,0,0.75,0,0,0,0,0,18,0,1,0,0.5625,0,0
1,1,1,1,0,0,0,0,0,8,1,0,1,1,0,0
0,0,0,1,0,0,0,2,110.900001525879,0,0,1,0,1,0,12298.810546875
0,0,0,0,0,0,0,4,122,0,0,1,0,0,0,14884
1,1,0,0.6700000166893,5.59999990463257,5.59999990463257,0,0,0,5,1,0,0,0.448900014162064,0,0
0,0,0,0,0,0,0,4,105.900001525879,0,0,0,0,0,0,11214.810546875
0,0,0,0,0,0,0,4,108.099998474121,0,0,1,0,0,0,11685.609375
0,0,0,0,0,0,0,2,6.09999990463257,0,0,1,0,0,0,37.2099990844727
1,0,1,1,0,0,0,3,15.5,1,0,0,0,1,0,240.25
0,0,0,0.200000002980232,0,0,0,2,3.79999995231628,0,0,0,0,0.0400000028312206,0,14.4399995803833
0,0,0,0,0,0,0,4,111.199996948242,0,0,0,0,0,0,12365.439453125
0,0,0,0.5,0,0,0,4,120.800003051758,0,0,1,0,0.25,0,14592.640625
0,0,0,0,0,0,0,0,0,6,0,0,1,0,0,0
0,0,0,0.5,0,0,0,3,23.6000003814697,0,0,0,0,0.25,0,556.960021972656
3,2,1,0.600000023841858,0,0,0,3,6.69999980926514,2,0,1,1,0.360000014305115,0,44.8899955749512
0,0,0,0,0,0,0,1,6.30000019073486,8,0,0,0,0,0,39.6900024414062
0,0,0,0.5,0,0,0,4,41.5999984741211,0,0,1,0,0.25,0,1730.55981445312
0,0,0,0,0,0,0,4,52.7000007629395,0,0,0,0,0,0,2777.2900390625
0,0,0,1,0,0,0,4,192.199996948242,0,0,0,0,1,0,36940.83984375
1,1,0,1,0,0,0,4,100.699996948242,0,0,0,0,1,0,10140.4892578125
0,0,0,0,0,0,0,1,0.300000011920929,2,0,1,0,0,0,0.0900000035762787
3,3,3,0,0,0,0,2,5.59999990463257,0,1,0,0,0,0,31.3599987030029
0,0,0,0,0,0,0,4,89.3000030517578,0,0,0,0,0,0,7974.49072265625
1,0,0,0,0,0,0,3,38.5,0,0,0,1,0,0,1482.25
0,0,0,0,0,0,0,1,14.8999996185303,0,0,0,0,0,0,222.009994506836
0,0,0,0,0,0,0,2,14.3999996185303,2,0,0,0,0,0,207.359985351562
0,0,0,0,0,0,0,4,85.5,0,0,0,1,0,0,7310.25
1,1,0,0,0,0,0,4,182.5,0,0,0,0,0,0,33306.25
0,0,0,0.379999995231628,0,0,12,0,0,0,0,1,0,0.144400000572205,144,0
0,0,0,0,0,0,0,4,125.099998474121,0,0,0,1,0,0,15650.009765625
5,3,4,0,0,0,0,0,0,16,0,0,0,0,0,0
0,0,0,0.600000023841858,0,0,0,4,88.0999984741211,0,0,1,1,0.360000014305115,0,7761.60986328125
0,0,0,1,0,0,0,4,92.5999984741211,0,0,0,0,1,0,8574.759765625
0,0,0,0.200000002980232,0,0,0,0,0,6,1,0,1,0.0400000028312206,0,0
0,0,0,1,0,0,0,4,132,0,0,1,1,1,0,17424
0,0,0,0.5,0,0,0,0,0,5,0,0,0,0.25,0,0
1,0,1,0,0,0,0,4,89.5,0,0,0,0,0,0,8010.25
0,0,0,0.75,0,0,9,0,0,3,0,1,0,0.5625,81,0
0,0,0,0.5,0,0,0,2,4.09999990463257,0,1,0,0,0.25,0,16.8099994659424
0,0,0,0,0,0,0,0,0,3,0,0,1,0,0,0
0,0,0,1,0,0,0,4,130.5,0,0,0,1,1,0,17030.25
1,0,0,0.25,0,0,0,4,83.3000030517578,0,0,1,0,0.0625,0,6938.890625
0,0,0,0,0,0,0,4,116,0,1,0,0,0,0,13456
0,0,0,1,0,0,0,2,10.1999998092651,4,0,0,0,1,0,104.039993286133
0,0,0,1,0,0,0,2,38.4000015258789,1,0,1,0,1,0,1474.56005859375
0,0,0,1,0,0,0,1,10,6,0,0,0,1,0,100
1,0,0,0,0,0,0,3,23.1000003814697,0,0,1,1,0,0,533.610046386719
0,0,0,0,0,0,0,3,46.5,0,0,0,0,0,0,2162.25
0,0,0,1,0,0,0,0,0,8,0,1,1,1,0,0
0,0,0,1,0,0,0,4,23.1000003814697,0,0,0,0,1,0,533.610046386719
0,0,0,1,0,0,0,4,258.600006103516,0,0,0,0,1,0,66873.9609375
0,0,0,1,0,0,0,4,142.399993896484,0,0,0,0,1,0,20277.7578125
0,0,0,0,0,0,0,4,140.199996948242,0,0,0,0,0,0,19656.0390625
0,0,0,1,0,0,0,4,109.400001525879,0,0,0,0,1,0,11968.3603515625
0,0,0,0.5,1.39999997615814,1.39999997615814,0,3,4.5,0,0,0,0,0.25,0,20.25
0,0,0,0.5,0,0,0,4,88.3000030517578,0,0,0,0,0.25,0,7796.890625
0,0,0,0,0,0,0,2,15.8999996185303,1,0,0,0,0,0,252.809982299805
0,0,0,1,0,0,0,2,21.8999996185303,0,0,0,0,1,0,479.609985351562
0,0,0,1,0,0,0,3,42.5,1,0,0,0,1,0,1806.25
0,0,0,0,0,0,0,1,9.5,0,0,0,0,0,0,90.25
1,1,1,0.6700000166893,0,0,0,3,75.1999969482422,0,0,0,0,0.448900014162064,0,5655.03955078125
0,0,0,0,0,0,0,0,0,8,0,0,1,0,0,0
0,0,0,0.140000000596046,0,0,12,0,0,0,1,0,0,0.0196000002324581,144,0
0,0,0,0,0,0,0,4,108.699996948242,0,1,0,0,0,0,11815.689453125
1,0,0,0.6700000166893,0,0,0,0,0,19,1,0,0,0.448900014162064,0,0
0,0,0,0.5,0,0,0,4,89.5999984741211,0,0,1,0,0.25,0,8028.15966796875
0,0,0,1,0,0,0,1,1.89999997615814,3,1,0,0,1,0,3.60999989509583
0,0,0,1,0,0,0,4,75.1999969482422,0,0,0,0,1,0,5655.03955078125
0,0,0,0,0,0,0,2,27,0,0,0,0,0,0,729
0,0,0,0.230000004172325,0,0,7,0,0,2,1,0,0,0.0529000014066696,49,0
0,0,0,0.5,0,0,0,4,95.0999984741211,0,0,0,0,0.25,0,9044.009765625
0,0,0,0.5,0,0,0,0,0,17,0,0,0,0.25,0,0
0,0,0,0,0,0,0,3,72.5,0,0,1,0,0,0,5256.25
0,0,0,0,0,0,0,1,14.6000003814697,7,0,0,0,0,0,213.160003662109
0,0,0,0.5,0,0,0,4,143.100006103516,0,0,0,0,0.25,0,20477.611328125
1,0,0,0.379999995231628,0,0,0,2,12.6999998092651,0,0,0,1,0.144400000572205,0,161.289993286133
0,0,0,1,0,0,0,4,250.399993896484,0,0,0,0,1,0,62700.15625
0,0,0,0,0,0,0,4,108.400001525879,0,0,0,0,0,0,11750.560546875
1,0,0,0.25,0,0,0,4,102.199996948242,0,0,0,0,0.0625,0,10444.83984375
0,0,0,0,0,0,0,4,75.5999984741211,0,0,1,0,0,0,5715.35986328125
0,0,0,1,0,0,0,4,54.2000007629395,0,0,0,0,1,0,2937.64013671875
0,0,0,0.6700000166893,0,0,0,3,18.2999992370605,14,1,0,0,0.448900014162064,0,334.889984130859
0,0,0,0.5,0,0,0,3,41.7999992370605,5,1,0,1,0.25,0,1747.23999023438
0,0,0,0.6700000166893,0,0,0,4,92.5,0,1,0,1,0.448900014162064,0,8556.25
2,2,0,1,19.2999992370605,19.2999992370605,0,2,14.5,0,1,0,1,1,0,210.25
1,0,0,0.5,0,0,0,2,38.4000015258789,0,0,1,0,0.25,0,1474.56005859375
0,0,0,0.170000001788139,0,0,12,0,0,0,0,1,0,0.0289000011980534,144,0
0,0,0,1,0,0,0,0,0,7,0,1,0,1,0,0
1,1,0,0,0,0,0,1,1.20000004768372,3,0,0,0,0,0,1.44000005722046
0,0,0,0,0,0,0,0,0,1,0,0,1,0,0,0
2,1,0,0.360000014305115,0,0,2,0,0,13,1,0,1,0.129600003361702,4,0
0,0,0,0,0,0,0,4,61.9000015258789,0,0,1,0,0,0,3831.61010742188
0,0,0,0,0,0,0,4,174.300003051758,0,0,0,1,0,0,30380.490234375
0,0,0,0,0,0,0,1,6.90000009536743,0,0,0,1,0,0,47.6100006103516
1,0,1,0.330000013113022,0,0,0,0,0,2,0,0,0,0.108900010585785,0,0
0,0,0,1,0,0,0,3,56.9000015258789,1,0,0,0,1,0,3237.61010742188
2,0,0,0.5,0,0,0,2,2.29999995231628,2,0,1,0,0.25,0,5.28999996185303
0,0,0,1,0,0,0,4,89.5,0,0,1,1,1,0,8010.25
2,2,1,1,0,0,0,4,82.4000015258789,0,0,1,0,1,0,6789.76025390625
0,0,0,0.5,0,0,0,4,118,0,0,0,0,0.25,0,13924
0,0,0,0,0,0,0,4,41.7000007629395,0,0,0,0,0,0,1738.89001464844
0,0,0,0,0,0,0,4,175.100006103516,0,1,0,0,0,0,30660.01171875
0,0,0,0,0,0,0,0,0,3,0,0,0,0,0,0
0,0,0,0,0,0,0,4,114.300003051758,0,0,0,1,0,0,13064.490234375
0,0,0,0,0,0,0,4,115.400001525879,0,0,1,0,0,0,13317.16015625
0,0,0,0.5,0,0,0,4,12.3999996185303,0,0,0,0,0.25,0,153.759994506836
0,0,0,0.5,0,0,0,0,0,11,0,0,0,0.25,0,0
4,1,0,0.6700000166893,0,0,0,0,0,1,0,1,0,0.448900014162064,0,0
0,0,0,1,0,0,0,0,0,1,0,0,1,1,0,0
2,0,0,0.28999999165535,0,0,0,0,0,4,0,1,1,0.0840999931097031,0,0
0,0,0,0,0,0,0,0,0,5,0,0,0,0,0,0
0,0,0,0,0,0,0,4,71.4000015258789,0,0,0,0,0,0,5097.96044921875
0,0,0,0.400000005960464,0,0,0,0,0,8,0,1,0,0.160000011324883,0,0
0,0,0,0.5,0,0,0,3,30.7000007629395,0,0,0,0,0.25,0,942.490051269531
0,0,0,0,0,0,0,3,88,0,0,0,0,0,0,7744
1,1,1,0.25,0,0,0,0,0,6,0,1,0,0.0625,0,0
0,0,0,0,0,0,0,4,88.4000015258789,0,0,0,0,0,0,7814.56005859375
0,0,0,0,0,0,0,0,0,4,0,0,0,0,0,0
0,0,0,1,0,0,0,2,11.3000001907349,0,0,0,0,1,0,127.690002441406
0,0,0,0,0,0,0,3,83.6999969482422,9,0,0,0,0,0,7005.689453125
0,0,0,1,0,0,0,4,118.800003051758,0,0,1,0,1,0,14113.4404296875
1,1,0,0,0,0,0,2,73.8000030517578,0,0,1,0,0,0,5446.4404296875
1,0,1,0,0,0,0,2,20.2999992370605,0,0,0,0,0,0,412.089965820312
0,0,0,0.5,0,0,0,1,7.80000019073486,25,0,1,0,0.25,0,60.8400039672852
0,0,0,1,0,0,0,2,44.4000015258789,4,0,0,0,1,0,1971.36010742188
0,0,0,0,0,0,0,1,4.59999990463257,0,0,0,0,0,0,21.1599998474121
0,0,0,0,0,0,0,3,34.2999992370605,0,0,0,0,0,0,1176.48999023438
0,0,0,1,0,0,0,3,72.5999984741211,1,0,0,0,1,0,5270.759765625
0,0,0,1,0,0,0,4,171.100006103516,0,0,0,0,1,0,29275.212890625
2,2,1,0.5,0,0,0,0,0,7,1,0,0,0.25,0,0
0,0,0,0.5,0,0,0,4,271.5,0,0,0,0,0.25,0,73712.25
0,0,0,0,0,0,0,0,0,4,0,0,0,0,0,0
1,1,0,1,0,0,0,4,113.5,0,1,0,1,1,0,12882.25
0,0,0,0.330000013113022,0,0,0,2,5.59999990463257,1,0,0,0,0.108900010585785,0,31.3599987030029
0,0,0,0,0,0,0,1,4.09999990463257,1,0,0,1,0,0,16.8099994659424
0,0,0,1,0,0,0,4,250.899993896484,0,1,0,0,1,0,62950.80859375
0,0,0,1,0,0,0,0,0,6,0,0,0,1,0,0
0,0,0,1,0,0,0,0,0,6,0,0,0,1,0,0
0,0,0,0,0,0,0,4,133.5,0,1,0,1,0,0,17822.25
0,0,0,1,0,0,0,4,63.2000007629395,0,0,0,0,1,0,3994.23999023438
2,2,0,0.5,0,0,0,0,0,6,0,1,0,0.25,0,0
1,0,0,0,0,0,0,2,21.7999992370605,0,0,0,0,0,0,475.239959716797
0,0,0,0,0,0,0,4,147.300003051758,0,1,0,0,0,0,21697.291015625
0,0,0,0,0,0,0,4,69.3000030517578,0,0,0,0,0,0,4802.490234375
0,0,0,0.6700000166893,0,0,0,3,31.7999992370605,0,0,1,0,0.448900014162064,0,1011.23992919922
0,0,0,0,0,0,0,4,152.199996948242,0,0,1,1,0,0,23164.83984375
1,1,1,0.5,0,0,0,1,5.19999980926514,0,1,0,0,0.25,0,27.0399971008301
0,0,0,1,0,0,0,4,41.2999992370605,0,0,0,1,1,0,1705.68994140625
0,0,0,1,0,0,0,4,504.399993896484,0,0,0,0,1,0,254419.359375
0,0,0,0,0,0,0,2,11.8000001907349,1,1,0,1,0,0,139.240005493164
0,0,0,0.5,0,0,0,3,12.5,0,0,0,0,0.25,0,156.25
0,0,0,0.6700000166893,0,0,12,0,0,0,0,0,0,0.448900014162064,144,0
0,0,0,1,0,0,0,4,122.699996948242,0,0,0,0,1,0,15055.2890625
0,0,0,1,0,0,0,4,210.100006103516,0,0,0,0,1,0,44142.01171875
0,0,0,0.5,0,0,0,3,15.6999998092651,0,0,0,1,0.25,0,246.489990234375
0,0,0,1,0,0,0,2,27.1000003814697,6,0,0,0,1,0,734.410034179688
0,0,0,1,0,0,0,4,15.1999998092651,0,0,0,0,1,0,231.039993286133
0,0,0,1,0,0,0,4,153.199996948242,0,0,0,0,1,0,23470.23828125
0,0,0,0,0,0,0,4,104.599998474121,0,0,1,0,0,0,10941.16015625
0,0,0,1,0,0,0,1,3.79999995231628,0,0,0,0,1,0,14.4399995803833
0,0,0,1,0,0,0,0,0,5,1,0,1,1,0,0
0,0,0,0,0,0,0,3,59.7999992370605,0,0,1,1,0,0,3576.03979492188
0,0,0,1,0,0,0,1,0.5,0,0,0,1,1,0,0.25
0,0,0,1,0,0,0,2,26.3999996185303,0,0,0,0,1,0,696.9599609375
2,1,0,0,0,0,0,0,0,25,1,0,0,0,0,0
0,0,0,0,0,0,0,3,143.399993896484,0,0,0,0,0,0,20563.55859375
0,0,0,0,0,0,0,4,50,0,0,0,0,0,0,2500
0,0,0,0.5,0,0,0,1,2.09999990463257,11,0,0,0,0.25,0,4.40999937057495
1,0,0,0,0,0,0,3,75.4000015258789,0,0,0,0,0,0,5685.16015625
1,1,1,0.300000011920929,0,0,0,0,0,2,1,0,1,0.0900000035762787,0,0
1,0,0,0,0,0,0,0,0,2,0,0,0,0,0,0
0,0,0,0,0,0,0,3,161.800003051758,0,0,0,0,0,0,26179.240234375
0,0,0,0,0,0,0,4,219.100006103516,0,1,0,1,0,0,48004.8125
0,0,0,1,0,0,0,0,0,7,0,0,0,1,0,0
0,0,0,0.5,0,0,12,0,0,0,0,1,0,0.25,144,0
0,0,0,1,0,0,0,4,67.3000030517578,0,0,0,0,1,0,4529.29052734375
0,0,0,1,0,0,0,0,0,4,1,0,1,1,0,0
0,0,0,1,0,0,0,2,24.7000007629395,0,0,0,1,1,0,610.090026855469
0,0,0,0.5,0,0,10,0,0,1,0,0,0,0.25,100,0
0,0,0,0.25,0,0,0,4,124.099998474121,0,0,0,0,0.0625,0,15400.8095703125
0,0,0,0,0,0,0,4,67.1999969482422,0,0,1,0,0,0,4515.83935546875
0,0,0,0,0,0,0,4,55.5,0,0,1,0,0,0,3080.25
0,0,0,0,0,0,0,0,0,9,0,1,0,0,0,0
0,0,0,0,0,0,0,4,94.4000015258789,0,0,0,1,0,0,8911.3603515625
1,0,1,0.5,0,0,0,2,15.3999996185303,21,0,0,0,0.25,0,237.15998840332
0,0,0,0.5,0,0,0,3,86,1,0,0,0,0.25,0,7396
5,3,0,0.6700000166893,0,0,4,1.79999995231628,5.40000009536743,3,0,1,0,0.448900014162064,16,29.1600017547607
0,0,0,0,0,0,0,1,33.5,0,0,1,0,0,0,1122.25
0,0,0,1,0,0,0,0,0,2,1,0,1,1,0,0
0,0,0,0,0,0,0,2,25,7,0,0,1,0,0,625
0,0,0,0.5,0,0,0,3,135.100006103516,0,0,1,0,0.25,0,18252.01171875
0,0,0,0.5,0.300000011920929,0.300000011920929,12,0,0,0,0,0,1,0.25,144,0
0,0,0,1,0,0,0,3,155.899993896484,0,0,0,0,1,0,24304.80859375
0,0,0,0.200000002980232,0,0,0,1,2.59999990463257,1,0,0,0,0.0400000028312206,0,6.75999927520752
1,1,1,0.400000005960464,0,0,0,1,0.800000011920929,0,1,0,0,0.160000011324883,0,0.64000004529953
0,0,0,1,0,0,0,4,92.9000015258789,0,0,0,0,1,0,8630.41015625
1,1,0,0.5,0,0,0,0,0,20,1,0,0,0.25,0,0
0,0,0,1,0,0,0,0,0,4,0,0,1,1,0,0
0,0,0,0,0,0,0,0,0,9,0,0,0,0,0,0
0,0,0,0,0,0,0,4,157.100006103516,0,0,0,1,0,0,24680.412109375
0,0,0,0,0,0,0,0,0,6,0,0,1,0,0,0
0,0,0,0,0,0,0,4,248.199996948242,0,0,0,0,0,0,61603.23828125
0,0,0,0.5,0,0,0,0,0,5,0,1,0,0.25,0,0
0,0,0,0,0,0,0,3,10.6000003814697,2,0,0,0,0,0,112.360008239746
1,0,0,0.560000002384186,0,0,0,0,0,3,0,1,0,0.31360000371933,0,0
0,0,0,0,0,0,0,2,43.0999984741211,8,0,1,0,0,0,1857.60986328125
0,0,0,0,0,0,0,4,108.199996948242,0,0,0,1,0,0,11707.2392578125
0,0,0,0,0,0,0,4,216.100006103516,0,0,1,0,0,0,46699.2109375
0,0,0,0,0,0,0,0,0,4,0,0,0,0,0,0
0,0,0,1,0,0,0,2,68.5999984741211,2,1,0,0,1,0,4705.9599609375
0,0,0,0.6700000166893,0,0,0,0,0,3,1,0,1,0.448900014162064,0,0
0,0,0,0.5,0,0,0,4,97.8000030517578,0,0,0,0,0.25,0,9564.8408203125
0,0,0,1,0,0,0,3,55.7000007629395,0,0,0,1,1,0,3102.48999023438
0,0,0,0,0,0,0,2,5.5,0,0,0,0,0,0,30.25
0,0,0,0.330000013113022,0,0,0,4,143.699996948242,0,0,1,0,0.108900010585785,0,20649.689453125
0,0,0,0.129999995231628,0,0,12,0,0,0,0,1,0,0.0168999992311001,144,0
0,0,0,0.5,0,0,0,1,8.39999961853027,0,0,0,0,0.25,0,70.5599899291992
0,0,0,1,0,0,0,0,0,8,0,0,1,1,0,0
0,0,0,0,0,0,0,0,0,7,1,0,0,0,0,0
0,0,0,0,0,0,0,4,95.9000015258789,0,0,1,0,0,0,9196.810546875
0,0,0,0.5,0,0,0,4,174.800003051758,0,0,1,0,0.25,0,30555.041015625
0,0,0,0,0,0,0,3,85,0,0,0,0,0,0,7225
1,1,0,1,0,0,0,0,0,5,0,0,1,1,0,0
0,0,0,1,0,0,0,0,0,1,0,0,0,1,0,0
0,0,0,1,0,0,0,4,95.9000015258789,0,0,0,1,1,0,9196.810546875
5,5,0,0,0,0,0,0,0,1,0,0,0,0,0,0
0,0,0,1,0,0,0,3,51.5999984741211,0,0,0,0,1,0,2662.55981445312
0,0,0,0.5,0,0,0,3,45.4000015258789,1,0,0,0,0.25,0,2061.16015625
0,0,0,1,0,0,0,2,9.89999961853027,0,0,1,0,1,0,98.0099945068359
0,0,0,0.6700000166893,0,0,0,1,18.1000003814697,5,0,0,0,0.448900014162064,0,327.610015869141
0,0,0,1,0,0,0,3,113,0,0,0,0,1,0,12769
0,0,0,1,0,0,0,4,180.699996948242,0,0,0,1,1,0,32652.48828125
0,0,0,0.5,1.10000002384186,1.10000002384186,12,0,0,0,0,1,0,0.25,144,0
0,0,0,1,0,0,0,2,13.1999998092651,6,0,0,1,1,0,174.239990234375
0,0,0,1,0,0,0,3,17.3999996185303,0,0,1,0,1,0,302.759979248047
1,0,0,0.330000013113022,0,0,0,1,7.30000019073486,0,1,0,0,0.108900010585785,0,53.2900009155273
0,0,0,0,0,0,0,0,0,8,0,0,0,0,0,0
0,0,0,0,0,0,0,3,28.8999996185303,0,0,0,0,0,0,835.2099609375
0,0,0,0.330000013113022,0,0,0,0,0,4,1,0,1,0.108900010585785,0,0
1,1,1,0,0,0,0,0,0,5,1,0,0,0,0,0
1,1,0,1,0,0,0,4,202,0,0,0,0,1,0,40804
1,1,0,0,0,0,0,2,15.1000003814697,0,0,1,0,0,0,228.010009765625
0,0,0,0,0,0,0,2,25.6000003814697,3,1,0,1,0,0,655.360046386719
1,1,0,0.25,0,0,0,0,0,8,0,1,0,0.0625,0,0
2,1,0,0.5,0,0,0,1,1,13,0,0,1,0.25,0,1
1,0,0,0.5,0,0,0,4,97.6999969482422,0,0,1,0,0.25,0,9545.2890625
0,0,0,0,0,0,0,2,25.2000007629395,0,0,0,0,0,0,635.0400390625
0,0,0,0.5,0,0,0,4,201,0,0,1,0,0.25,0,40401
0,0,0,0,0,0,0,4,146.100006103516,0,0,0,1,0,0,21345.2109375
0,0,0,1,0,0,0,2,6.69999980926514,0,0,0,0,1,0,44.8899955749512
0,0,0,1,0,0,0,4,59,0,0,0,0,1,0,3481
1,1,1,0,0,0,8,1,12.1000003814697,0,1,0,1,0,64,146.410003662109
1,0,0,0.5,0,0,0,3,6.19999980926514,0,0,0,0,0.25,0,38.439998626709
0,0,0,1,0,0,0,4,101.599998474121,0,0,1,0,1,0,10322.5595703125
0,0,0,0,0,0,0,4,170.199996948242,0,0,0,1,0,0,28968.0390625
0,0,0,1,9.80000019073486,9.80000019073486,0,2,14,3,0,0,0,1,0,196
2,0,0,0.5,0,0,0,4,212,0,0,0,1,0.25,0,44944
0,0,0,0,0,0,0,4,220.300003051758,0,0,0,0,0,0,48532.08984375
0,0,0,0,0,0,0,0,0,7,0,0,0,0,0,0
0,0,0,0,0,0,0,4,85.4000015258789,0,0,0,1,0,0,7293.16015625
0,0,0,0,0,0,0,0,0,6,0,0,0,0,0,0
0,0,0,0,0,0,0,4,96.9000015258789,0,0,0,0,0,0,9389.6103515625
0,0,0,0,0,0,0,4,87.5999984741211,0,0,1,1,0,0,7673.759765625
0,0,0,0.6700000166893,0,0,0,4,57.2999992370605,0,0,0,0,0.448900014162064,0,3283.28979492188
0,0,0,0,0,0,0,4,73.5999984741211,0,0,0,1,0,0,5416.9599609375
0,0,0,0.6700000166893,0,0,12,0,0,0,0,1,0,0.448900014162064,144,0
2,2,2,0.430000007152557,0,0,0,1,0.200000002980232,1,0,0,0,0.184900000691414,0,0.0400000028312206
0,0,0,0,0,0,0,4,154.300003051758,0,0,0,0,0,0,23808.490234375
0,0,0,0,0,0,0,3,48.7999992370605,0,1,0,0,0,0,2381.43994140625
0,0,0,0.330000013113022,0,0,0,3,91.9000015258789,0,0,0,0,0.108900010585785,0,8445.6103515625
0,0,0,1,0,0,0,4,80.4000015258789,0,0,0,0,1,0,6464.16015625
1,0,0,0,0,0,0,4,61.0999984741211,0,0,0,0,0,0,3733.20971679688
0,0,0,0,0,0,0,0,0,5,0,0,0,0,0,0
0,0,0,0,0,0,0,2,33.2000007629395,2,0,0,0,0,0,1102.23999023438
2,2,1,0.6700000166893,0,0,0,0,0,13,1,0,0,0.448900014162064,0,0
1,1,1,0.330000013113022,0,0,0,2,6.69999980926514,0,0,0,0,0.108900010585785,0,44.8899955749512
1,1,1,0,0,0,0,3,26.2000007629395,0,0,0,0,0,0,686.440063476562
0,0,0,0.25,0,0,0,3,19.1000003814697,0,0,0,0,0.0625,0,364.810028076172
0,0,0,1,0,0,0,1,0.5,2,0,0,0,1,0,0.25
1,1,0,0.400000005960464,0,0,0,0,0,1,0,1,0,0.160000011324883,0,0
0,0,0,1,0,0,0,4,96.6999969482422,0,0,0,0,1,0,9350.8896484375
5,4,4,0.5,0,0,4,0,0,4,0,0,0,0.25,16,0
1,0,1,0,0,0,0,4,158.100006103516,0,0,0,1,0,0,24995.611328125
1,1,0,0,0,0,0,4,108.300003051758,0,0,0,0,0,0,11728.890625
0,0,0,0,0,0,0,4,151.399993896484,0,0,0,0,0,0,22921.958984375
0,0,0,0,0,0,0,4,161.600006103516,0,0,1,0,0,0,26114.5625
0,0,0,0,0,0,0,4,58.2000007629395,0,0,0,1,0,0,3387.23999023438
0,0,0,0,0,0,0,4,108.699996948242,0,1,0,0,0,0,11815.689453125
0,0,0,0.330000013113022,0,0,0,0,0,5,0,1,1,0.108900010585785,0,0
0,0,0,0,0,0,0,4,113.099998474121,0,0,0,1,0,0,12791.609375
0,0,0,1,0,0,0,4,26,0,0,0,1,1,0,676
0,0,0,0,0,0,0,1,1.70000004768372,0,0,0,0,0,0,2.89000010490417
1,1,0,0,0,0,0,3,14.8000001907349,0,0,0,1,0,0,219.040008544922
0,0,0,0.170000001788139,0,0,0,2,3.90000009536743,6,0,1,0,0.0289000011980534,0,15.2100009918213
0,0,0,0.5,0,0,0,4,142.399993896484,0,1,0,0,0.25,0,20277.7578125
0,0,0,1,0,0,0,4,157.100006103516,0,0,0,0,1,0,24680.412109375
0,0,0,0,0,0,0,4,112.099998474121,0,0,1,1,0,0,12566.4091796875
0,0,0,0,0,0,0,0,0,2,0,0,0,0,0,0
0,0,0,0,0,0,0,4,79.1999969482422,0,0,0,1,0,0,6272.6396484375
1,0,1,0.6700000166893,0,0,0,3,23.8999996185303,0,1,0,0,0.448900014162064,0,571.2099609375
0,0,0,0,0,0,0,3,170.399993896484,0,0,1,1,0,0,29036.158203125
0,0,0,0,0,0,0,0,0,8,0,1,0,0,0,0
0,0,0,1,0,0,0,0,0,5,0,1,1,1,0,0
0,0,0,1,0,0,0,4,234.699996948242,0,0,0,0,1,0,55084.08984375
0,0,0,1,12.1999998092651,12.1999998092651,9,0,0,5,1,0,0,1,81,0
0,0,0,0.6700000166893,0,0,0,3,7.09999990463257,0,0,1,0,0.448900014162064,0,50.4099998474121
0,0,0,0.5,0,0,0,4,175.800003051758,0,0,0,1,0.25,0,30905.640625
0,0,0,0,0,0,0,2,2.90000009536743,11,0,0,0,0,0,8.41000080108643
0,0,0,0.5,0,0,0,4,90.5999984741211,0,0,0,0,0.25,0,8208.359375
0,0,0,0,0,0,0,4,247.899993896484,0,1,0,1,0,0,61454.40625
0,0,0,0,0,0,0,4,117.400001525879,0,0,0,0,0,0,13782.7607421875
1,1,1,0,0,0,0,2,25.1000003814697,0,1,0,1,0,0,630.010009765625
0,0,0,0,0,0,0,4,44.2000007629395,0,0,0,0,0,0,1953.64001464844
0,0,0,0,0,0,0,4,61.7999992370605,0,0,0,1,0,0,3819.23999023438
0,0,0,1,0,0,0,4,60.7999992370605,0,1,0,0,1,0,3696.63989257812
0,0,0,1,0,0,0,4,149.600006103516,0,0,0,0,1,0,22380.162109375
0,0,0,0.5,0,0,0,0,0,4,0,0,1,0.25,0,0
0,0,0,1,0,0,0,0,0,9,0,1,1,1,0,0
0,0,0,0,0,0,0,4,167.600006103516,0,0,0,0,0,0,28089.76171875
0,0,0,1,0,0,0,4,102.099998474121,0,0,0,0,1,0,10424.41015625
1,1,1,0.330000013113022,0,0,0,1,1,6,0,0,0,0.108900010585785,0,1
0,0,0,0,0,0,0,4,116.800003051758,0,0,0,0,0,0,13642.240234375
0,0,0,1,0,0,0,0,0,2,0,0,1,1,0,0
0,0,0,0,0,0,0,1,19.2999992370605,2,0,0,1,0,0,372.489959716797
0,0,0,1,0,0,0,4,169.5,0,0,0,1,1,0,28730.25
0,0,0,1,0,0,0,4,114.599998474121,0,0,0,0,1,0,13133.1591796875
0,0,0,1,0,0,0,4,60.5999984741211,0,0,0,0,1,0,3672.35986328125
0,0,0,0,0,0,0,2,21.1000003814697,4,0,0,1,0,0,445.210021972656
0,0,0,1,0,0,0,0,0,3,0,0,0,1,0,0
0,0,0,0,0,0,0,3,87.4000015258789,2,0,0,0,0,0,7638.76025390625
0,0,0,0,0,0,0,4,56.7999992370605,0,1,0,0,0,0,3226.23999023438
0,0,0,0,0,0,0,4,41.2999992370605,0,0,1,0,0,0,1705.68994140625
0,0,0,0,0,0,0,1,14.1999998092651,0,0,0,0,0,0,201.639999389648
2,0,1,0.25,0,0,0,1,0.800000011920929,1,0,0,0,0.0625,0,0.64000004529953
0,0,0,0.25,0,0,0,0,0,2,1,0,1,0.0625,0,0
0,0,0,0.330000013113022,0,0,0,0,0,15,0,0,0,0.108900010585785,0,0
1,1,1,1,0,0,3,0,0,10,0,0,1,1,9,0
0,0,0,1,0,0,0,4,242,0,0,0,0,1,0,58564
1,1,0,0,0,0,0,2,36.4000015258789,1,0,0,0,0,0,1324.96008300781
0,0,0,0,0,0,0,4,42.7999992370605,0,1,0,1,0,0,1831.83996582031
0,0,0,0,0,0,0,4,151.300003051758,0,0,0,1,0,0,22891.69140625
0,0,0,0,0,0,0,4,29.5,0,0,0,0,0,0,870.25
1,1,0,0.6700000166893,2.20000004768372,2.20000004768372,0,0,0,4,0,0,0,0.448900014162064,0,0
0,0,0,0.5,0,0,0,1,0.200000002980232,0,0,1,0,0.25,0,0.0400000028312206
0,0,0,0,0,0,0,4,258.299987792969,0,0,0,0,0,0,66718.8828125
0,0,0,0,0,0,0,1,27.2999992370605,3,0,0,0,0,0,745.289978027344
1,1,0,0.330000013113022,0,0,0,0,0,2,0,1,0,0.108900010585785,0,0
0,0,0,0,0,0,0,4,16.7000007629395,0,0,0,0,0,0,278.890014648438
1,0,0,1,0,0,0,4,140.800003051758,0,0,0,0,1,0,19824.640625
0,0,0,0,0,0,0,4,203,0,0,0,1,0,0,41209
0,0,0,0.330000013113022,1.10000002384186,1.10000002384186,0,4,57,0,0,0,0,0.108900010585785,0,3249
0,0,0,0,0,0,0,0,0,6,1,0,1,0,0,0
0,0,0,0.600000023841858,0,0,0,4,88.6999969482422,0,0,0,0,0.360000014305115,0,7867.689453125
1,1,0,0.600000023841858,0,0,0,3,41.4000015258789,0,0,1,1,0.360000014305115,0,1713.96008300781
0,0,0,0.330000013113022,0,0,0,0,0,3,0,0,0,0.108900010585785,0,0
0,0,0,0.5,0,0,0,4,43.5999984741211,0,1,0,0,0.25,0,1900.95983886719
0,0,0,1,0,0,0,0,0,5,0,0,0,1,0,0
0,0,0,0.5,0,0,0,1,18.1000003814697,0,0,1,0,0.25,0,327.610015869141
0,0,0,0,0,0,0,1,5.30000019073486,2,0,0,0,0,0,28.0900020599365
0,0,0,1,0,0,0,3,53.2999992370605,2,0,0,0,1,0,2840.88989257812
0,0,0,1,0,0,7,0,0,3,0,0,1,1,49,0
1,1,0,1,0,0,0,4,12.8000001907349,0,0,1,0,1,0,163.84001159668
0,0,0,1,0,0,0,4,183.899993896484,0,0,1,1,1,0,33819.20703125
0,0,0,1,0,0,0,4,231.199996948242,0,0,0,1,1,0,53453.4375
0,0,0,0.5,0,0,0,4,123.5,0,0,0,1,0.25,0,15252.25
0,0,0,0,0,0,0,0,0,3,0,0,0,0,0,0
0,0,0,0,0,0,0,1,0.400000005960464,1,0,0,0,0,0,0.160000011324883
0,0,0,1,0,0,0,0,0,9,0,0,0,1,0,0
0,0,0,1,0,0,7,0,0,1,0,0,1,1,49,0
0,0,0,0,0,0,0,4,48.5999984741211,0,0,0,0,0,0,2361.9599609375
0,0,0,0.5,0,0,12,0,0,0,0,0,0,0.25,144,0
0,0,0,0.5,0,0,0,4,113.300003051758,0,0,0,0,0.25,0,12836.890625
2,2,0,0.5,0,0,3,2,14.1999998092651,0,0,0,1,0.25,9,201.639999389648
0,0,0,1,0,0,0,4,84.0999984741211,0,0,0,0,1,0,7072.8095703125
0,0,0,0,0,0,0,3,51.0999984741211,0,0,0,1,0,0,2611.2099609375
1,0,0,0,0,0,0,4,61.9000015258789,0,0,1,0,0,0,3831.61010742188
0,0,0,1,0,0,0,4,53,0,0,0,0,1,0,2809
0,0,0,0,0,0,0,2,8.10000038146973,0,0,0,0,0,0,65.6100082397461
0,0,0,1,0,0,0,4,306.600006103516,0,0,0,0,1,0,94003.5625
3,1,1,0.600000023841858,0,0,0,2,5.30000019073486,0,0,0,1,0.360000014305115,0,28.0900020599365
0,0,0,0,0,0,0,4,163.800003051758,0,0,0,0,0,0,26830.44140625
0,0,0,0,0,0,0,0,0,1,0,0,0,0,0,0
0,0,0,1,0,0,0,4,25.5,0,0,1,0,1,0,650.25
0,0,0,0,0,0,0,4,97,0,0,0,0,0,0,9409
0,0,0,0,0,0,0,4,184.5,0,0,0,1,0,0,34040.25
0,0,0,0,0,0,0,0,0,2,0,1,0,0,0,0
1,0,0,1,0,0,0,3,12.1999998092651,0,1,0,0,1,0,148.839996337891
0,0,0,0.5,0,0,0,3,45.5,1,0,0,0,0.25,0,2070.25
0,0,0,0,0,0,0,4,252.100006103516,0,0,1,0,0,0,63554.4140625
0,0,0,0,0,0,0,3,47.0999984741211,0,0,0,0,0,0,2218.40991210938
0,0,0,0.5,0,0,0,4,111,0,0,1,1,0.25,0,12321
0,0,0,0,0,0,0,4,215.100006103516,0,0,1,1,0,0,46268.01171875
0,0,0,0,0,0,0,3,53.7000007629395,0,0,0,0,0,0,2883.69018554688
0,0,0,0,0,0,0,2,11.1000003814697,7,0,0,0,0,0,123.210006713867
0,0,0,0,0,0,0,4,34.2000007629395,0,0,0,0,0,0,1169.64001464844
0,0,0,0.6700000166893,0,0,0,2,15.3999996185303,0,0,0,0,0.448900014162064,0,237.15998840332
0,0,0,0,0,0,0,4,39.7000007629395,0,0,1,0,0,0,1576.09008789062
0,0,0,0.5,0,0,0,4,1.89999997615814,0,0,1,0,0.25,0,3.60999989509583
0,0,0,0.25,0,0,0,1,2.20000004768372,0,0,0,0,0.0625,0,4.84000015258789
0,0,0,0,0,0,0,4,167.800003051758,0,0,0,1,0,0,28156.841796875
0,0,0,0,0,0,0,4,135.100006103516,0,0,0,1,0,0,18252.01171875
1,1,0,0.75,0,0,0,0,0,19,1,0,0,0.5625,0,0
0,0,0,0.5,0,0,0,4,164.199996948242,0,0,0,0,0.25,0,26961.638671875
0,0,0,1,0,0,0,4,108.400001525879,0,0,0,0,1,0,11750.560546875
0,0,0,1,0,0,0,4,12.6999998092651,0,0,0,1,1,0,161.289993286133
0,0,0,1,0,0,0,3,90.8000030517578,1,0,0,0,1,0,8244.640625
0,0,0,0,0,0,0,0,0,2,0,0,0,0,0,0
4,4,3,0,0,0,6,0,0,6,0,1,1,0,36,0
1,0,0,1,0,0,0,1,13.3000001907349,1,0,1,1,1,0,176.889999389648
1,0,0,0.569999992847443,0,0,0,0,0,5,0,1,1,0.32490000128746,0,0
0,0,0,0.219999998807907,0,0,12,0,0,0,0,0,1,0.0483999997377396,144,0
0,0,0,0.6700000166893,0,0,10,0,0,4,1,0,1,0.448900014162064,100,0
3,1,1,0.629999995231628,0,0,0,1,0.699999988079071,0,1,0,0,0.396899998188019,0,0.489999979734421
0,0,0,0.330000013113022,0,0,0,4,102.199996948242,0,0,1,0,0.108900010585785,0,10444.83984375
0,0,0,0,0,0,0,4,76.5999984741211,0,0,0,0,0,0,5867.5595703125
0,0,0,0,0,0,0,4,137.300003051758,0,0,1,0,0,0,18851.291015625
0,0,0,0,0,0,0,2,5.69999980926514,0,0,0,0,0,0,32.4899978637695
0,0,0,1,17.1000003814697,17.1000003814697,0,3,20.2999992370605,1,1,0,0,1,0,412.089965820312
0,0,0,0.379999995231628,0,0,0,0,0,1,0,0,0,0.144400000572205,0,0
0,0,0,1,0,0,0,4,41.2000007629395,0,0,0,0,1,0,1697.44006347656
0,0,0,0,0,0,0,0,0,4,0,0,1,0,0,0
0,0,0,1,0,0,0,4,62.4000015258789,0,0,0,0,1,0,3893.76025390625
0,0,0,0,0,0,0,1,17.7000007629395,2,0,0,1,0,0,313.2900390625
0,0,0,0,0,0,0,3,2.29999995231628,0,0,1,0,0,0,5.28999996185303
0,0,0,0,0,0,0,3,3.90000009536743,0,0,0,0,0,0,15.2100009918213
0,0,0,1,0,0,0,4,34.5,0,0,0,0,1,0,1190.25
0,0,0,0,0,0,0,4,43.7000007629395,0,0,1,0,0,0,1909.69006347656
0,0,0,1,0,0,0,3,129.100006103516,4,0,0,1,1,0,16666.8125
0,0,0,1,0,0,0,3,192.199996948242,0,0,0,1,1,0,36940.83984375
0,0,0,1,0,0,0,2,20.7000007629395,11,0,1,1,1,0,428.490020751953
0,0,0,1,0,0,0,1,6,0,0,0,0,1,0,36
1,1,0,0,0,0,0,4,35,0,0,0,0,0,0,1225
0,0,0,0,0,0,0,4,23.5,0,0,0,0,0,0,552.25
0,0,0,0,0,0,0,4,139.399993896484,0,0,1,0,0,0,19432.357421875
0,0,0,0,0,0,0,3,72.5,0,0,0,0,0,0,5256.25
1,0,0,0.5,0,0,0,2,23.8999996185303,0,0,1,0,0.25,0,571.2099609375
0,0,0,0.5,0,0,0,4,85.0999984741211,0,0,1,0,0.25,0,7242.009765625
0,0,0,0,0,0,0,1,5,14,0,1,1,0,0,25
0,0,0,0,0,0,0,3,26.8999996185303,0,0,1,0,0,0,723.609985351562
1,1,1,0.5,0,0,0,0,0,13,1,0,0,0.25,0,0
0,0,0,1,0,0,0,3,58,1,0,1,1,1,0,3364
0,0,0,0,0,0,0,4,178.300003051758,0,0,0,1,0,0,31790.890625
0,0,0,0,0,0,0,4,160.100006103516,0,0,0,1,0,0,25632.01171875
0,0,0,1,0,0,0,4,35,0,0,0,0,1,0,1225
0,0,0,0,0,0,0,1,32,1,0,0,1,0,0,1024
0,0,0,0,0,0,0,1,0.100000001490116,0,0,0,0,0,0,0.0100000007078052
0,0,0,0,0,0,0,4,116.599998474121,0,1,0,1,0,0,13595.5595703125
0,0,0,1,0,0,0,3,78.3000030517578,0,0,1,0,1,0,6130.890625
0,0,0,0.5,0,0,0,3,46.5,0,0,0,0,0.25,0,2162.25
0,0,0,1,0,0,0,4,37.7000007629395,0,1,0,1,1,0,1421.2900390625
0,0,0,0,0,0,0,1,3.20000004768372,3,1,0,0,0,0,10.2400007247925
0,0,0,0,0,0,0,4,123.199996948242,0,0,0,0,0,0,15178.2392578125
1,0,0,0,0,0,0,3,43.9000015258789,1,0,0,0,0,0,1927.21008300781
0,0,0,0,0,0,0,3,136.199996948242,1,0,0,0,0,0,18550.439453125
0,0,0,0,0,0,0,4,130.399993896484,0,0,1,0,0,0,17004.158203125
0,0,0,0,0,0,0,4,143.399993896484,0,0,0,0,0,0,20563.55859375
0,0,0,0,0,0,0,2,14,0,0,0,0,0,0,196
0,0,0,0,0,0,0,4,188,0,0,0,0,0,0,35344
1,0,0,0,0,0,0,2,40.7000007629395,0,0,0,0,0,0,1656.49011230469
0,0,0,0,0,0,0,1,21.2000007629395,3,0,0,0,0,0,449.440032958984
0,0,0,0.5,0,0,0,4,102.699996948242,0,0,0,0,0.25,0,10547.2890625
0,0,0,0.25,0,0,0,3,49,2,0,0,0,0.0625,0,2401
4,2,1,0.28999999165535,0,0,0,0,0,12,1,0,0,0.0840999931097031,0,0
0,0,0,0.5,0,0,0,3,31,0,0,0,0,0.25,0,961
0,0,0,0.5,0,0,0,3,40.5999984741211,2,0,1,0,0.25,0,1648.35986328125
0,0,0,0,0,0,0,4,173.800003051758,0,0,0,0,0,0,30206.44140625
0,0,0,0,0,0,0,4,105.199996948242,0,0,1,0,0,0,11067.0390625
0,0,0,0,0,0,0,2,10.8000001907349,3,1,0,0,0,0,116.640007019043
1,0,0,0,0,0,0,0,0,1,0,1,1,0,0,0
2,2,1,0.330000013113022,0,0,0,2,9.69999980926514,0,0,0,0,0.108900010585785,0,94.0899963378906
1,0,0,0,0,0,0,3,107,0,0,1,0,0,0,11449
2,0,1,1,0,0,0,1,1.89999997615814,3,0,1,1,1,0,3.60999989509583
1,1,0,0,0,0,0,4,103.199996948242,0,0,0,0,0,0,10650.2392578125
0,0,0,0,0,0,0,4,101.099998474121,0,0,0,1,0,0,10221.2099609375
0,0,0,0,0,0,0,4,210.5,0,0,1,0,0,0,44310.25
0,0,0,0,0,0,0,4,74.3000030517578,0,0,0,0,0,0,5520.490234375
0,0,0,0,0,0,0,4,148.100006103516,0,0,0,0,0,0,21933.611328125
1,1,0,0,0,0,0,3,27.3999996185303,0,1,0,0,0,0,750.759948730469
0,0,0,0,0,0,0,4,105.300003051758,0,0,0,0,0,0,11088.0908203125
0,0,0,0,0,0,0,0,0,11,0,0,0,0,0,0
0,0,0,0,0,0,0,3,23,0,0,0,0,0,0,529
0,0,0,1,0,0,0,0,0,7,0,0,0,1,0,0
2,2,0,0,0,0,0,0,0,4,0,1,0,0,0,0
0,0,0,1,0,0,0,3,35.5,0,0,0,1,1,0,1260.25
1,1,1,0.5,0,0,0,0,0,3,0,0,0,0.25,0,0
0,0,0,0.330000013113022,0,0,0,3,26.7999992370605,0,0,0,0,0.108900010585785,0,718.239929199219
0,0,0,0.330000013113022,0,0,0,4,74.0999984741211,0,1,0,1,0.108900010585785,0,5490.8095703125
0,0,0,0.330000013113022,0,0,0,4,35,0,0,0,1,0.108900010585785,0,1225
0,0,0,0,0,0,0,3,79.5999984741211,0,0,0,0,0,0,6336.15966796875
0,0,0,1,0,0,0,4,95.8000030517578,0,1,0,0,1,0,9177.640625
0,0,0,0.5,0,0,0,0,0,9,0,0,1,0.25,0,0
0,0,0,1,0,0,0,0,0,1,1,0,0,1,0,0
0,0,0,0.6700000166893,0,0,0,4,126.800003051758,0,0,0,0,0.448900014162064,0,16078.2412109375
0,0,0,0.5,0,0,0,0,0,6,0,0,0,0.25,0,0
1,0,1,0,0,0,0,1,8.19999980926514,1,0,0,0,0,0,67.2399978637695
0,0,0,1,0,0,0,4,22.3999996185303,0,0,0,0,1,0,501.759979248047
0,0,0,0,0,0,0,1,21.2999992370605,5,0,0,0,0,0,453.689971923828
0,0,0,0,0,0,0,3,33.7999992370605,3,0,0,0,0,0,1142.43994140625
1,1,0,0,0,0,0,1,1.29999995231628,0,0,0,0,0,0,1.68999981880188
0,0,0,1,0,0,0,3,32.4000015258789,2,0,0,0,1,0,1049.76013183594
0,0,0,0.5,0,0,0,3,116.199996948242,0,0,0,0,0.25,0,13502.439453125
0,0,0,1,0,0,0,2,32.7000007629395,4,0,0,0,1,0,1069.2900390625
0,0,0,0,0,0,0,1,2.40000009536743,0,0,0,0,0,0,5.76000022888184
0,0,0,0,0,0,0,3,3.5,0,1,0,1,0,0,12.25
0,0,0,0.5,0,0,0,4,74,0,1,0,1,0.25,0,5476
1,1,0,0.6700000166893,0,0,2,1,0.200000002980232,0,1,0,1,0.448900014162064,4,0.0400000028312206
0,0,0,0,0,0,0,0,0,20,1,0,0,0,0,0
0,0,0,1,0,0,0,2,42.2999992370605,0,0,0,0,1,0,1789.28991699219
0,0,0,0,0,0,0,4,38.2000007629395,0,0,0,0,0,0,1459.24011230469
0,0,0,0,0,0,0,3,71.8000030517578,0,0,0,0,0,0,5155.240234375
0,0,0,0,0,0,0,0,0,2,0,0,0,0,0,0
1,1,0,0,0,0,0,3,128.399993896484,1,0,0,0,0,0,16486.55859375
1,0,0,0,0,0,0,4,115.800003051758,0,0,0,0,0,0,13409.640625
0,0,0,0.5,0,0,0,0,0,5,0,0,0,0.25,0,0
0,0,0,1,0,0,0,2,44.2000007629395,0,0,0,0,1,0,1953.64001464844
0,0,0,1,0,0,0,4,53.5,0,0,1,0,1,0,2862.25
0,0,0,1,0,0,0,0,0,6,0,0,0,1,0,0
0,0,0,1,0,0,0,1,2.79999995231628,11,0,0,0,1,0,7.83999967575073
1,0,0,0.5,0,0,0,2,2.70000004768372,3,1,0,0,0.25,0,7.29000043869019
0,0,0,1,0,0,0,3,30.7000007629395,2,0,1,1,1,0,942.490051269531
0,0,0,0.5,0,0,0,4,74.0999984741211,0,0,0,1,0.25,0,5490.8095703125
0,0,0,0,0,0,0,4,44.9000015258789,0,0,0,0,0,0,2016.01013183594
0,0,0,0,0,0,0,2,20.6000003814697,0,0,0,0,0,0,424.360015869141
2,1,0,0,0,0,0,2,41.2999992370605,0,0,0,0,0,0,1705.68994140625
0,0,0,0.330000013113022,0,0,0,4,43.0999984741211,0,0,1,1,0.108900010585785,0,1857.60986328125
0,0,0,1,0,0,0,4,104.099998474121,0,0,0,0,1,0,10836.8095703125
0,0,0,1,0,0,0,4,141.899993896484,0,0,0,1,1,0,20135.607421875
0,0,0,0.5,0,0,0,3,20.8999996185303,5,0,0,0,0.25,0,436.809997558594
1,1,0,1,0,0,0,4,78.3000030517578,0,0,0,1,1,0,6130.890625
0,0,0,0.330000013113022,0,0,0,0,0,1,0,0,1,0.108900010585785,0,0
0,0,0,0.5,0,0,0,0,0,6,0,0,0,0.25,0,0
0,0,0,0,0,0,0,3,44.7000007629395,0,0,0,0,0,0,1998.09008789062
0,0,0,0,0,0,0,3,13.8000001907349,0,0,0,1,0,0,190.440002441406
0,0,0,0,0,0,0,4,88.8000030517578,0,0,1,1,0,0,7885.4404296875
7,1,0,1,0,0,0,0,0,1,0,1,0,1,0,0
1,1,0,0,0,0,0,0,0,4,1,0,1,0,0,0
0,0,0,1,0,0,0,2,22.7999992370605,0,0,0,0,1,0,519.839965820312
0,0,0,1,0,0,0,0,0,3,0,0,0,1,0,0
0,0,0,0,0,0,0,0,0,10,0,1,0,0,0,0
0,0,0,0,0,0,0,3,36.7000007629395,0,0,0,0,0,0,1346.89001464844
0,0,0,0,0,0,0,4,256.200012207031,0,0,0,0,0,0,65638.4453125
0,0,0,0,0,0,0,4,90.1999969482422,0,0,0,0,0,0,8136.03955078125
0,0,0,0,0,0,0,0,0,10,0,0,1,0,0,0
0,0,0,1,0,0,0,3,30.2999992370605,1,0,0,0,1,0,918.089965820312
0,0,0,0.5,0,0,0,4,154.199996948242,0,0,0,0,0.25,0,23777.638671875
0,0,0,0,0,0,0,2,28.7000007629395,0,0,0,1,0,0,823.690063476562
0,0,0,1,0,0,0,0,0,1,0,0,1,1,0,0
0,0,0,1,0,0,0,1,0.300000011920929,2,0,0,1,1,0,0.0900000035762787
0,0,0,0,0,0,0,1,0.699999988079071,7,0,1,0,0,0,0.489999979734421
0,0,0,1,0,0,0,0,0,3,0,0,0,1,0,0
0,0,0,0,0,0,0,4,97.3000030517578,0,0,0,0,0,0,9467.291015625
0,0,0,0,0,0,0,0,0,3,0,0,0,0,0,0
0,0,0,0,0,0,0,0,0,2,0,0,0,0,0,0
0,0,0,0,0,0,0,4,47.7000007629395,0,0,0,0,0,0,2275.2900390625
0,0,0,1,0,0,0,1,5.59999990463257,5,1,0,0,1,0,31.3599987030029
4,1,1,0.6700000166893,0,0,0,4,70.1999969482422,0,0,1,0,0.448900014162064,0,4928.03955078125
0,0,0,0,0,0,0,0,0,8,0,0,1,0,0,0
0,0,0,0,0,0,0,4,159.399993896484,0,1,0,0,0,0,25408.357421875
0,0,0,1,0,0,0,4,60.5999984741211,0,0,0,0,1,0,3672.35986328125
0,0,0,0.5,0,0,0,4,89.9000015258789,0,0,0,0,0.25,0,8082.01025390625
0,0,0,0,0,0,0,0,0,9,0,0,0,0,0,0
0,0,0,0,0,0,0,0,0,12,0,0,1,0,0,0
0,0,0,0,0,0,0,3,76.5999984741211,0,0,0,0,0,0,5867.5595703125
0,0,0,1,0,0,0,4,55.5,0,0,0,0,1,0,3080.25
0,0,0,0,0,0,0,4,85.0999984741211,0,0,0,0,0,0,7242.009765625
0,0,0,0,0,0,0,3,41.7000007629395,1,0,0,0,0,0,1738.89001464844
0,0,0,0,0,0,0,0,0,3,0,0,0,0,0,0
0,0,0,0,0,0,0,2,6.69999980926514,1,0,1,0,0,0,44.8899955749512
3,3,0,1,0,0,2,2,17.5,0,1,0,0,1,4,306.25
1,0,0,0,0,0,0,4,121.199996948242,0,0,1,1,0,0,14689.439453125
0,0,0,0,0,0,0,1,9.5,1,0,0,1,0,0,90.25
0,0,0,0,0,0,0,4,369.100006103516,0,1,0,0,0,0,136234.8125
0,0,0,0,0,0,0,4,131.300003051758,0,0,0,0,0,0,17239.69140625
0,0,0,0,0,0,0,0,0,1,0,0,0,0,0,0
0,0,0,1,0,0,0,3,19.3999996185303,0,0,0,1,1,0,376.359985351562
0,0,0,1,0,0,0,3,56.5,0,0,0,0,1,0,3192.25
1,0,0,0.25,0,0,0,2,10.6999998092651,4,0,1,0,0.0625,0,114.48999786377
0,0,0,0,0,0,0,2,107,0,0,0,1,0,0,11449
0,0,0,1,0,0,0,1,57.9000015258789,1,0,0,0,1,0,3352.41015625
0,0,0,0,0,0,0,3,47.2999992370605,0,0,0,0,0,0,2237.2900390625
1,0,1,0.6700000166893,0,0,0,1,18.6000003814697,18,0,0,0,0.448900014162064,0,345.960021972656
0,0,0,0.330000013113022,0,0,0,0,0,9,0,0,1,0.108900010585785,0,0
1,1,0,0.6700000166893,0,0,0,1,1.70000004768372,0,0,0,1,0.448900014162064,0,2.89000010490417
0,0,0,1,0,0,0,4,123.800003051758,0,0,0,0,1,0,15326.4404296875
1,1,1,0,0,0,0,1,3.09999990463257,8,0,0,0,0,0,9.60999965667725
1,0,0,0,0,0,0,3,57.7999992370605,0,1,0,0,0,0,3340.83984375
1,0,0,0.5,0,0,0,0,0,8,0,0,0,0.25,0,0
5,3,5,0.75,0,0,0,0,0,3,1,0,1,0.5625,0,0
4,4,1,0.430000007152557,0,0,1,0,0,15,0,0,0,0.184900000691414,1,0
0,0,0,0,0,0,0,4,252,0,0,0,1,0,0,63504
0,0,0,0,0,0,0,0,0,1,0,0,1,0,0,0
0,0,0,0,0,0,0,0,0,12,0,0,1,0,0,0
0,0,0,0.75,0,0,0,0,0,5,0,0,0,0.5625,0,0
0,0,0,1,0,0,0,3,25.8999996185303,1,0,0,0,1,0,670.809997558594
2,0,0,0.600000023841858,0,0,0,3,10.6999998092651,0,0,0,0,0.360000014305115,0,114.48999786377
0,0,0,0,0,0,0,0,0,20,0,1,0,0,0,0
0,0,0,0,0,0,0,0,0,7,0,0,0,0,0,0
0,0,0,0,0,0,0,0,0,13,0,0,0,0,0,0
0,0,0,0.5,0,0,0,2,12.1000003814697,0,1,0,1,0.25,0,146.410003662109
0,0,0,1,0,0,0,4,165.899993896484,0,0,0,1,1,0,27522.80859375
0,0,0,1,2.59999990463257,2.59999990463257,0,2,3.70000004768372,4.5,0,0,0,1,0,13.6900005340576
0,0,0,0,0,0,0,4,190.100006103516,0,0,0,0,0,0,36138.01171875
2,1,2,1,0,0,0,0,0,5,0,0,0,1,0,0
0,0,0,0,0,0,0,4,166.100006103516,0,0,0,1,0,0,27589.212890625
0,0,0,0,0,0,0,3,120.5,1,0,1,0,0,0,14520.25
0,0,0,0,0,0,0,0,0,1,0,0,0,0,0,0
0,0,0,0,0,0,0,0,0,5,0,0,0,0,0,0
0,0,0,0,0,0,0,0,0,3,0,0,0,0,0,0
0,0,0,0,0,0,0,0,0,7,0,0,0,0,0,0
0,0,0,0,0,0,0,4,33.0999984741211,0,0,0,0,0,0,1095.60986328125
1,0,0,0,0,0,0,2,37.5,1,0,1,0,0,0,1406.25
0,0,0,1,0,0,0,2,15.1000003814697,0,0,0,0,1,0,228.010009765625
0,0,0,0,0,0,0,1,3.20000004768372,4,0,1,0,0,0,10.2400007247925
0,0,0,0.330000013113022,0,0,0,4,219.899993896484,0,0,0,0,0.108900010585785,0,48356.0078125
0,0,0,1,0,0,0,0,0,15,0,0,0,1,0,0
0,0,0,0,0,0,0,4,89.0999984741211,0,1,0,1,0,0,7938.8095703125
0,0,0,1,0,0,0,2,18.7000007629395,1,0,0,0,1,0,349.690032958984
1,1,0,0.5,0,0,0,0,0,2,0,0,1,0.25,0,0
0,0,0,0.5,0,0,0,0,0,6,0,1,0,0.25,0,0
0,0,0,0.5,0,0,0,1,3.59999990463257,5,0,1,0,0.25,0,12.9599990844727
2,1,1,0,0,0,0,0,0,25,0,0,0,0,0,0
0,0,0,0,0,0,0,4,35.7999992370605,0,0,0,0,0,0,1281.63989257812
0,0,0,0,0,0,0,1,1,0,0,0,0,0,0,1
0,0,0,1,0,0,12,0,0,0,0,1,0,1,144,0
1,0,0,0,0,0,0,3,15.3000001907349,1,0,1,0,0,0,234.09001159668
0,0,0,0.6700000166893,0,0,0,4,94.4000015258789,0,0,1,0,0.448900014162064,0,8911.3603515625
0,0,0,0,0,0,0,4,138,0,0,0,0,0,0,19044
1,0,1,0.75,0,0,0,3,28.2999992370605,2,0,0,0,0.5625,0,800.889953613281
0,0,0,0,0,0,0,2,24.1000003814697,0,0,0,1,0,0,580.809997558594
0,0,0,1,0,0,10,0.600000023841858,2.70000004768372,0,0,0,0,1,100,7.29000043869019
1,0,0,1,0,0,0,4,210.899993896484,0,0,0,1,1,0,44478.80859375
0,0,0,0,0,0,0,3,73.9000015258789,2,0,0,0,0,0,5461.21044921875
0,0,0,0,0,0,0,4,113.300003051758,0,1,0,0,0,0,12836.890625
0,0,0,0,0,0,0,2,16.7999992370605,2,0,0,0,0,0,282.239959716797
0,0,0,0,0,0,0,4,170,0,0,0,0,0,0,28900
1,0,0,0,12.5,12.5,0,3,35.2000007629395,0,0,1,1,0,0,1239.0400390625
0,0,0,1,0,0,0,4,98.1999969482422,0,1,0,0,1,0,9643.2392578125
0,0,0,0,0,0,0,0,0,9,0,1,1,0,0,0
0,0,0,1,0,0,0,0,0,9,1,0,1,1,0,0
0,0,0,1,0,0,0,3,11.1999998092651,0,0,0,1,1,0,125.439994812012
0,0,0,0,0,0,0,4,130.600006103516,0,0,0,1,0,0,17056.361328125
1,1,0,0.330000013113022,0,0,4,1.60000002384186,1,0,0,0,1,0.108900010585785,16,1
3,3,1,0.330000013113022,0,0,0,1,0.800000011920929,1,1,0,0,0.108900010585785,0,0.64000004529953
0,0,0,0,0,0,0,3,31.1000003814697,1,0,0,0,0,0,967.210021972656
0,0,0,1,0,0,0,4,58.5,0,0,0,0,1,0,3422.25
0,0,0,0,0,0,0,0,0,6,1,0,1,0,0,0
0,0,0,0,0,0,0,0,0,6,0,1,0,0,0,0
0,0,0,0,0,0,0,0,0,5,0,0,1,0,0,0
1,0,0,0,0,0,0,4,191.800003051758,0,0,0,1,0,0,36787.2421875
1,0,0,0,0,0,0,1,0.300000011920929,0,1,0,0,0,0,0.0900000035762787
0,0,0,1,0,0,0,4,431.700012207031,0,0,0,1,1,0,186364.90625
0,0,0,0.5,0,0,0,3,31,0,0,1,0,0.25,0,961
0,0,0,0,0,0,0,0,0,6,0,0,1,0,0,0
0,0,0,0.330000013113022,0,0,0,4,114.800003051758,0,1,0,0,0.108900010585785,0,13179.041015625
0,0,0,0,0,0,0,4,174.300003051758,0,0,1,0,0,0,30380.490234375
0,0,0,0.6700000166893,0,0,0,4,90.0999984741211,0,0,1,1,0.448900014162064,0,8118.009765625
0,0,0,1,0,0,0,4,95.6999969482422,0,0,0,0,1,0,9158.4892578125
0,0,0,0.5,0,0,0,4,64.5999984741211,0,0,0,0,0.25,0,4173.15966796875
2,0,2,0,0,0,0,4,94.4000015258789,0,1,0,0,0,0,8911.3603515625
0,0,0,0,0,0,0,3,52.2999992370605,1,0,1,0,0,0,2735.2900390625
0,0,0,0,0,0,0,4,128.800003051758,0,0,0,1,0,0,16589.44140625
0,0,0,0,0,0,0,2,22.7000007629395,0,0,0,0,0,0,515.2900390625
0,0,0,0,0,0,0,2,11.3999996185303,2,0,0,0,0,0,129.959991455078
0,0,0,0,0,0,0,0,0,1,0,0,0,0,0,0
0,0,0,0,0,0,0,0,0,11,0,1,1,0,0,0
0,0,0,1,0,0,12,0,0,0,0,0,0,1,144,0
0,0,0,1,0,0,0,4,76.3000030517578,0,0,0,1,1,0,5821.6904296875
0,0,0,0,0,0,0,4,65.8000030517578,0,1,0,1,0,0,4329.640625
0,0,0,0,0,0,0,4,212.899993896484,0,1,0,1,0,0,45326.40625
0,0,0,1,0,0,0,3,22.1000003814697,0,0,1,0,1,0,488.410003662109
1,0,0,0,0,0,0,0,0,22,1,0,0,0,0,0
0,0,0,0,0,0,0,3,126.400001525879,0,0,0,0,0,0,15976.9599609375
2,1,0,0,0,0,0,3,75.8000030517578,0,1,0,0,0,0,5745.640625
0,0,0,0,0,0,0,4,94.5999984741211,0,1,0,0,0,0,8949.16015625
1,1,1,0.5,0,0,0,1,6.30000019073486,7,0,0,0,0.25,0,39.6900024414062
2,2,0,0,0,0,0,0,0,3,0,1,0,0,0,0
1,0,0,0,0,0,0,4,119.300003051758,0,0,1,0,0,0,14232.4912109375
0,0,0,0,0,0,0,1,19.6000003814697,0,0,0,0,0,0,384.160003662109
2,1,1,0.5,0,0,1,0,0,6,0,1,0,0.25,1,0
0,0,0,0,0,0,0,0,0,3,0,0,0,0,0,0
0,0,0,0,0,0,0,4,58.2999992370605,0,0,0,0,0,0,3398.88989257812
0,0,0,1,0,0,0,4,161.600006103516,0,0,1,0,1,0,26114.5625
0,0,0,1,0,0,0,1,14.3000001907349,0,0,0,0,1,0,204.490005493164
1,1,0,0.5,0,0,0,2,11.1999998092651,0,0,0,0,0.25,0,125.439994812012
1,1,0,0.379999995231628,0,0,0,0,0,21,0,0,0,0.144400000572205,0,0
0,0,0,0,0,0,0,4,168.5,0,0,0,1,0,0,28392.25
0,0,0,0,0,0,0,4,171.699996948242,0,0,1,1,0,0,29480.888671875
0,0,0,0,0,0,0,0,0,19,0,0,0,0,0,0
0,0,0,0,0,0,0,2,49.4000015258789,0,0,0,0,0,0,2440.36010742188
0,0,0,0,0,0,0,2,8.60000038146973,0,1,0,1,0,0,73.9600067138672
0,0,0,0,0,0,0,4,109.800003051758,0,0,0,1,0,0,12056.041015625
0,0,0,0.5,0,0,0,4,43.7999992370605,0,0,0,1,0.25,0,1918.43994140625
3,1,1,0.5,0,0,0,0,0,6,0,1,1,0.25,0,0
0,0,0,0,0,0,0,0,0,4,0,0,0,0,0,0
0,0,0,1,0,0,0,4,198.699996948242,0,0,0,0,1,0,39481.6875
0,0,0,1,0,0,0,3,61.2999992370605,0,0,0,1,1,0,3757.68994140625
0,0,0,0,0,0,0,4,268.700012207031,0,0,0,0,0,0,72199.6953125
0,0,0,0,0,0,0,4,50.5,0,0,0,0,0,0,2550.25
0,0,0,0,0,0,0,4,52,0,0,0,1,0,0,2704
0,0,0,0,0,0,0,4,29.5,0,0,1,0,0,0,870.25
1,1,0,0,0,0,0,2,37.2000007629395,1,0,0,0,0,0,1383.84008789062
1,1,0,0.330000013113022,0,0,0,1,1.39999997615814,3,0,0,1,0.108900010585785,0,1.95999991893768
0,0,0,1,0,0,0,4,47.2999992370605,0,0,0,1,1,0,2237.2900390625
0,0,0,0,0,0,0,2,8.69999980926514,6,0,0,1,0,0,75.6899948120117
0,0,0,1,0,0,0,4,102.300003051758,0,0,0,1,1,0,10465.291015625
0,0,0,1,0,0,0,4,152,0,0,0,0,1,0,23104
0,0,0,0,0,0,0,3,70.6999969482422,0,0,0,0,0,0,4998.48974609375
0,0,0,0,0,0,0,0,0,25,1,0,0,0,0,0
0,0,0,0,0,0,0,0,0,6,0,0,1,0,0,0
0,0,0,0.5,0,0,0,3,86.4000015258789,1,1,0,0,0.25,0,7464.96044921875
0,0,0,0,0,0,0,3,39.4000015258789,25,0,0,0,0,0,1552.36010742188
0,0,0,0,0,0,0,4,146.899993896484,0,0,0,0,0,0,21579.607421875
0,0,0,1,0,0,0,4,52.0999984741211,0,0,0,0,1,0,2714.40991210938
0,0,0,0,0,0,0,3,113.199996948242,0,0,0,0,0,0,12814.2392578125
1,0,0,0,0,0,0,3,13.5,1,1,0,0,0,0,182.25
0,0,0,0,0,0,0,4,150.699996948242,0,0,0,0,0,0,22710.48828125
0,0,0,1,0,0,0,2,20.6000003814697,0,0,0,0,1,0,424.360015869141
1,1,1,0,0,0,0,3,29.7000007629395,0,1,0,0,0,0,882.090026855469
0,0,0,0,0,0,0,3,59.9000015258789,0,1,0,0,0,0,3588.01025390625
0,0,0,1,0,0,0,0,0,5,0,0,0,1,0,0
0,0,0,1,0,0,0,4,95.5,0,0,1,0,1,0,9120.25
1,0,0,1,0,0,0,4,127.599998474121,0,1,0,0,1,0,16281.759765625
1,0,0,0,0,0,0,2,9.60000038146973,0,0,0,1,0,0,92.1600036621094
0,0,0,0,0,0,0,0,0,1,1,0,0,0,0,0
0,0,0,1,0,0,0,0,0,1,0,0,0,1,0,0
0,0,0,0,0,0,0,0,0,1,0,0,0,0,0,0
0,0,0,1,0,0,0,2,42.5,13,0,0,0,1,0,1806.25
0,0,0,1,0,0,0,4,139.699996948242,0,0,0,0,1,0,19516.08984375
0,0,0,0.5,0,0,0,0,0,5,1,0,0,0.25,0,0
0,0,0,0,0,0,0,1,1,10,0,0,0,0,0,1
0,0,0,0,0,0,0,4,64.6999969482422,0,0,0,0,0,0,4186.08984375
0,0,0,0,0,0,0,4,92.5,0,0,0,0,0,0,8556.25
2,1,0,1,0,0,0,0,0,12,0,0,0,1,0,0
0,0,0,0,0,0,0,4,31,0,0,0,0,0,0,961
0,0,0,0,0,0,0,4,50,0,0,1,0,0,0,2500
1,1,0,0,0,0,0,3,59,0,0,0,0,0,0,3481
0,0,0,0,0,0,0,2,19.2999992370605,0,0,0,0,0,0,372.489959716797
0,0,0,0,0,0,0,4,135.600006103516,0,1,0,0,0,0,18387.361328125
0,0,0,0,0,0,0,0,0,13,0,0,0,0,0,0
0,0,0,0,0,0,0,4,114.699996948242,0,1,0,1,0,0,13156.0888671875
0,0,0,1,0,0,0,0,0,5,0,0,0,1,0,0
0,0,0,0,0,0,0,3,31.7000007629395,0,0,1,1,0,0,1004.89007568359
0,0,0,0,0,0,0,0,0,2,0,0,1,0,0,0
0,0,0,0,0,0,0,0,0,7,0,1,0,0,0,0
1,1,0,0,0,0,0,4,16.7999992370605,0,1,0,0,0,0,282.239959716797
0,0,0,0,0,0,0,4,137.800003051758,0,0,0,1,0,0,18988.841796875
0,0,0,0,0,0,0,0,0,3,1,0,0,0,0,0
0,0,0,1,0,0,0,3,25.7999992370605,5,0,0,1,1,0,665.639953613281
1,1,0,1,0,0,0,3,76.0999984741211,5,0,0,0,1,0,5791.2099609375
0,0,0,0,0,0,0,0,0,3,0,1,0,0,0,0
0,0,0,1,0,0,0,4,123.900001525879,0,0,1,0,1,0,15351.2099609375
0,0,0,0,0,0,0,4,121.099998474121,0,0,0,0,0,0,14665.2099609375
6,0,0,0,0,0,0,2,10.5,1,1,0,0,0,0,110.25
0,0,0,0,0,0,0,3,45.4000015258789,0,0,1,0,0,0,2061.16015625
0,0,0,1,0,0,0,0,0,3,0,1,1,1,0,0
0,0,0,1,0,0,0,3,54,0,0,0,0,1,0,2916
0,0,0,1,0,0,0,4,118.900001525879,0,0,1,0,1,0,14137.2099609375
0,0,0,0,0,0,0,2,83.6999969482422,6,0,1,0,0,0,7005.689453125
0,0,0,1,0,0,0,3,63.5999984741211,0,0,0,0,1,0,4044.95971679688
0,0,0,0,0,0,0,0,0,7,0,1,0,0,0,0
0,0,0,0,0,0,0,4,55,0,0,0,1,0,0,3025
0,0,0,0,0,0,0,0,0,7,0,0,0,0,0,0
0,0,0,0.600000023841858,0,0,0,0,0,13,0,0,0,0.360000014305115,0,0
0,0,0,0,0,0,0,0,0,5,1,0,1,0,0,0
0,0,0,1,0,0,0,4,67.4000015258789,0,0,1,0,1,0,4542.76025390625
1,1,0,0,0,0,0,3,34.2999992370605,0,0,0,0,0,0,1176.48999023438
0,0,0,1,0,0,0,4,145.600006103516,0,0,0,1,1,0,21199.361328125
0,0,0,0,0,0,0,4,21.7999992370605,0,0,0,1,0,0,475.239959716797
1,0,0,0,0,0,0,4,170,0,0,0,0,0,0,28900
0,0,0,1,0,0,0,3,41.2999992370605,0,0,1,0,1,0,1705.68994140625
0,0,0,0,0,0,0,4,94,0,1,0,1,0,0,8836
1,1,0,0.5,0,0,0,4,98.5,0,0,0,0,0.25,0,9702.25
0,0,0,1,0,0,0,2,25.1000003814697,0,0,0,0,1,0,630.010009765625
1,1,1,0.170000001788139,0,0,0,3,33.5,1,0,0,0,0.0289000011980534,0,1122.25
0,0,0,0,0,0,0,4,110,0,0,0,0,0,0,12100
0,0,0,1,0,0,0,4,57.7999992370605,0,0,0,0,1,0,3340.83984375
0,0,0,1,0,0,0,3,5.90000009536743,0,0,0,1,1,0,34.810001373291
0,0,0,0,0,0,0,0,0,17,0,1,1,0,0,0
0,0,0,0.5,0,0,0,4,155.399993896484,0,0,0,1,0.25,0,24149.158203125
0,0,0,1,0,0,0,2,92.1999969482422,4,0,0,0,1,0,8500.83984375
0,0,0,0,0,0,0,4,67.9000015258789,0,0,0,1,0,0,4610.41015625
1,1,0,0,0,0,0,4,85.8000030517578,0,0,0,1,0,0,7361.640625
0,0,0,0.6700000166893,0,0,0,3,109.599998474121,0,0,0,1,0.448900014162064,0,12012.1591796875
0,0,0,0,0,0,0,2,8.30000019073486,1,0,0,0,0,0,68.8899993896484
0,0,0,0,0,0,0,4,96.1999969482422,0,0,0,1,0,0,9254.439453125
0,0,0,0.600000023841858,0,0,0,0,0,5,1,0,1,0.360000014305115,0,0
0,0,0,0.5,0,0,0,1,36.4000015258789,0,0,0,0,0.25,0,1324.96008300781
0,0,0,0,0,0,0,4,146.600006103516,0,0,0,0,0,0,21491.5625
3,1,0,1,0,0,0,3,17,1,0,1,0,1,0,289
0,0,0,0,0,0,0,1,18.8999996185303,0,1,0,1,0,0,357.209991455078
0,0,0,1,0,0,0,4,83.9000015258789,0,0,0,0,1,0,7039.21044921875
0,0,0,0,0,0,0,4,179.399993896484,0,0,0,0,0,0,32184.357421875
0,0,0,0,0,0,0,4,20.7000007629395,0,0,0,1,0,0,428.490020751953
0,0,0,1,0,0,0,4,94.6999969482422,0,0,1,0,1,0,8968.08984375
0,0,0,0,0,0,0,4,153.300003051758,0,0,0,0,0,0,23500.890625
0,0,0,0.5,0,0,12,0,0,0,0,0,0,0.25,144,0
1,1,0,1,0,0,0,2,19.1000003814697,0,0,1,0,1,0,364.810028076172
0,0,0,0,0,0,0,1,2.20000004768372,4,0,0,0,0,0,4.84000015258789
0,0,0,1,0,0,0,3,18.1000003814697,0,1,0,0,1,0,327.610015869141
0,0,0,1,0,0,0,4,92,0,0,0,0,1,0,8464
0,0,0,0,0,0,0,4,115.099998474121,0,0,0,0,0,0,13248.009765625
0,0,0,1,0,0,0,4,121,0,0,1,1,1,0,14641
0,0,0,0,0,0,0,0,0,1,0,1,0,0,0,0
0,0,0,0,0,0,0,4,167.300003051758,0,0,0,0,0,0,27989.291015625
0,0,0,0,0,0,0,1,4.09999990463257,1,0,1,1,0,0,16.8099994659424
0,0,0,0,0,0,0,3,6.5,0,1,0,0,0,0,42.25
0,0,0,1,0,0,0,0,0,4,0,0,0,1,0,0
0,0,0,1,0,0,0,0,0,5,0,1,0,1,0,0
0,0,0,0,0,0,0,4,105.199996948242,0,0,1,0,0,0,11067.0390625
0,0,0,0.5,0,0,0,0,0,7,0,0,0,0.25,0,0
0,0,0,1,0,0,0,3,103.800003051758,0,0,1,0,1,0,10774.4404296875
0,0,0,0,0,0,0,4,54.9000015258789,0,0,1,0,0,0,3014.01025390625
0,0,0,0,0,0,0,4,63.2000007629395,0,0,0,0,0,0,3994.23999023438
1,1,1,0.330000013113022,0,0,0,2,10.5,1,1,0,1,0.108900010585785,0,110.25
0,0,0,0.330000013113022,0,0,0,2,6.40000009536743,0,0,1,0,0.108900010585785,0,40.9600028991699
0,0,0,1,0,0,0,4,53.9000015258789,0,0,0,0,1,0,2905.21020507812
0,0,0,0,0,0,0,4,164.899993896484,0,0,0,0,0,0,27192.0078125
0,0,0,0,0,0,0,2,1.20000004768372,1,0,1,0,0,0,1.44000005722046
0,0,0,0,0,0,0,4,124.400001525879,0,0,0,1,0,0,15475.3603515625
0,0,0,0.25,0,0,12,0,0,0,0,1,1,0.0625,144,0
0,0,0,1,0,0,0,4,163.199996948242,0,0,0,0,1,0,26634.23828125
0,0,0,0,0,0,0,4,36.2000007629395,0,0,0,0,0,0,1310.44006347656
0,0,0,0.330000013113022,0,0,0,3,64.5999984741211,0,0,0,0,0.108900010585785,0,4173.15966796875
1,1,1,0,0,0,0,0,0,10,0,0,1,0,0,0
0,0,0,1,0,0,0,0,0,5,0,0,1,1,0,0
0,0,0,0,0,0,0,1,1.89999997615814,3,1,0,1,0,0,3.60999989509583
0,0,0,0,0,0,0,4,173.699996948242,0,0,0,0,0,0,30171.689453125
1,0,1,0.5,0,0,0,4,60.5999984741211,0,0,0,0,0.25,0,3672.35986328125
0,0,0,0,0,0,0,4,150.5,0,0,1,0,0,0,22650.25
0,0,0,1,0,0,0,4,190.699996948242,0,0,0,0,1,0,36366.48828125
3,1,3,0.5,0,0,0,4,33,0,0,0,0,0.25,0,1089
2,1,1,0.5,0,0,0,0,0,1,0,0,1,0.25,0,0
0,0,0,0.5,0,0,0,4,103.699996948242,0,0,0,0,0.25,0,10753.689453125
0,0,0,0,0,0,0,4,74.6999969482422,0,0,1,0,0,0,5580.08935546875
0,0,0,0.5,0,0,0,0,0,3,0,0,1,0.25,0,0
0,0,0,0,0,0,0,4,43.7999992370605,0,0,0,0,0,0,1918.43994140625
0,0,0,0,0,0,0,0,0,5,0,0,0,0,0,0
0,0,0,0.439999997615814,0,0,10,0,0,5,1,0,0,0.193599998950958,100,0
0,0,0,0,0,0,0,4,83.4000015258789,0,0,1,1,0,0,6955.56005859375
0,0,0,0,0,0,0,4,130.600006103516,0,0,0,1,0,0,17056.361328125
2,0,0,0,0,0,0,3,55.7999992370605,0,1,0,0,0,0,3113.63989257812
0,0,0,1,0,0,0,4,123.800003051758,0,0,0,1,1,0,15326.4404296875
0,0,0,0,0,0,0,0,0,4,0,0,1,0,0,0
0,0,0,0,0,0,0,1,19.7999992370605,4,1,0,0,0,0,392.039978027344
1,1,0,0,0,0,0,4,88.5999984741211,0,0,0,0,0,0,7849.9599609375
0,0,0,1,0,0,0,4,75.4000015258789,0,0,0,1,1,0,5685.16015625
0,0,0,0,0,0,0,2,15.1999998092651,1,0,1,1,0,0,231.039993286133
0,0,0,0.5,0,0,0,0,0,4,0,1,1,0.25,0,0
1,1,0,0,0,0,0,1,20.2999992370605,5,0,0,0,0,0,412.089965820312
1,0,0,0,0,0,0,4,136.300003051758,0,0,0,0,0,0,18577.69140625
0,0,0,0,0,0,0,3,15.5,25,0,0,1,0,0,240.25
0,0,0,1,0,0,0,0,0,2,0,0,0,1,0,0
0,0,0,0,0,0,0,4,135.399993896484,0,0,0,1,0,0,18333.158203125
0,0,0,0.5,0,0,0,3,57.5999984741211,1,0,0,1,0.25,0,3317.759765625
0,0,0,0,0,0,0,4,204.699996948242,0,0,1,1,0,0,41902.08984375
0,0,0,0,0,0,0,4,81.4000015258789,0,0,0,0,0,0,6625.96044921875
0,0,0,0,0,0,0,4,70.5999984741211,0,0,1,0,0,0,4984.35986328125
0,0,0,0,0,0,0,0,0,1,1,0,1,0,0,0
0,0,0,0,0,0,0,4,138.100006103516,0,0,0,0,0,0,19071.611328125
0,0,0,1,0,0,0,3,30.7999992370605,6,0,0,1,1,0,948.639953613281
0,0,0,0,0,0,0,2,25.2000007629395,2,0,0,0,0,0,635.0400390625
0,0,0,0,0,0,0,3,112.400001525879,1,0,0,0,0,0,12633.7607421875
1,1,0,0,0,0,0,3,28.2000007629395,0,0,0,0,0,0,795.240051269531
1,0,0,0,0,0,0,3,27.3999996185303,0,0,0,1,0,0,750.759948730469
0,0,0,0,0,0,0,3,51.2000007629395,0,0,0,0,0,0,2621.44018554688
0,0,0,0,0,0,0,4,120.400001525879,0,0,1,0,0,0,14496.16015625
0,0,0,1,0,0,12,0,0,0,0,0,0,1,144,0
0,0,0,0.5,0,0,0,0,0,1,1,0,0,0.25,0,0
0,0,0,0,0,0,0,0,0,18,0,1,0,0,0,0
0,0,0,1,0,0,0,4,86.4000015258789,0,0,0,0,1,0,7464.96044921875
0,0,0,0,0,0,0,3,25.8999996185303,0,0,0,0,0,0,670.809997558594
0,0,0,0,0,0,0,1,0.800000011920929,4,0,0,0,0,0,0.64000004529953
5,4,3,0.330000013113022,0,0,0,2,1.5,0,0,0,1,0.108900010585785,0,2.25
0,0,0,0,0,0,0,2,16.8999996185303,1,1,0,0,0,0,285.609985351562
0,0,0,1,0,0,0,2,12.1000003814697,1,0,0,0,1,0,146.410003662109
0,0,0,1,0,0,0,0,0,2,0,0,0,1,0,0
0,0,0,0,0,0,0,3,13.1999998092651,0,1,0,0,0,0,174.239990234375
0,0,0,0,0,0,0,3,9.10000038146973,0,1,0,0,0,0,82.8100051879883
0,0,0,0,0,0,0,0,0,2,0,0,1,0,0,0
0,0,0,0,0,0,0,0,0,4,1,0,0,0,0,0
0,0,0,1,0,0,0,4,163.800003051758,0,1,0,1,1,0,26830.44140625
0,0,0,0,0,0,0,3,93.1999969482422,0,0,0,0,0,0,8686.2392578125
0,0,0,1,0,0,0,3,92.6999969482422,0,0,0,0,1,0,8593.2890625
0,0,0,0,0,0,0,0,0,1,0,1,1,0,0,0
0,0,0,0,0,0,0,4,57.9000015258789,0,0,0,1,0,0,3352.41015625
1,1,0,0,0,0,0,1,13.3999996185303,0,1,0,0,0,0,179.559982299805
0,0,0,0,0,0,0,0,0,14,0,0,1,0,0,0
0,0,0,0,0,0,0,0,0,2,1,0,0,0,0,0
0,0,0,1,0,0,0,3,82.5,2,0,0,1,1,0,6806.25
0,0,0,0,0,0,0,0,0,5,1,0,0,0,0,0
0,0,0,1,0,0,0,4,186.300003051758,0,0,0,1,1,0,34707.69140625
1,0,1,0,0,0,0,3,28.3999996185303,0,1,0,1,0,0,806.559997558594
0,0,0,1,0,0,0,3,188.5,0,0,0,0,1,0,35532.25
0,0,0,0,0,0,0,4,164.800003051758,0,0,0,1,0,0,27159.041015625
0,0,0,1,0,0,0,4,151,0,0,1,0,1,0,22801
0,0,0,0,0,0,0,0,0,1,0,0,0,0,0,0
0,0,0,1,0,0,0,4,118.699996948242,0,0,0,0,1,0,14089.689453125
0,0,0,0,0,0,0,0,0,1,0,1,0,0,0,0
0,0,0,0.330000013113022,0,0,12,0,0,0,0,0,0,0.108900010585785,144,0
0,0,0,1,0,0,0,3,84.0999984741211,0,0,0,1,1,0,7072.8095703125
0,0,0,0.5,0,0,0,2,3.70000004768372,2,0,0,1,0.25,0,13.6900005340576
0,0,0,0,0,0,0,2,4.40000009536743,0,0,1,0,0,0,19.3600006103516
1,0,0,0.5,0,0,0,3,21.5,0,0,1,0,0.25,0,462.25
0,0,0,0,0,0,0,2,16.2000007629395,0,0,0,0,0,0,262.440032958984
0,0,0,0.5,0,0,0,4,142,0,0,1,1,0.25,0,20164
0,0,0,1,0,0,0,2,30.8999996185303,6,0,0,0,1,0,954.809997558594
0,0,0,0.5,0,0,0,3,12.3000001907349,0,0,0,0,0.25,0,151.290008544922
1,1,0,1,0,0,0,4,107.5,0,0,0,1,1,0,11556.25
0,0,0,0,0,0,0,4,181.399993896484,0,0,0,0,0,0,32905.95703125
1,1,0,0,0,0,0,4,164.699996948242,0,0,1,0,0,0,27126.08984375
1,1,1,1,0,0,0,1,1.60000002384186,5,0,1,0,1,0,2.56000018119812
0,0,0,0,0,0,0,3,37.5999984741211,6,0,1,0,0,0,1413.75988769531
0,0,0,0,0,0,0,3,90.4000015258789,0,0,0,0,0,0,8172.16015625
0,0,0,1,0,0,0,0,0,2,1,0,0,1,0,0
0,0,0,0,0,0,0,4,121.800003051758,0,0,0,1,0,0,14835.2412109375
0,0,0,0,0,0,0,1,1.70000004768372,2,0,0,0,0,0,2.89000010490417
0,0,0,1,0,0,0,3,14.6000003814697,0,0,0,0,1,0,213.160003662109
0,0,0,0,0,0,0,1,4.80000019073486,4,0,0,1,0,0,23.0400009155273
0,0,0,0,0,0,0,0,0,3,0,0,1,0,0,0
0,0,0,1,0,0,0,4,75.9000015258789,0,0,0,0,1,0,5760.81005859375
0,0,0,0,0,0,0,0,0,1,0,0,0,0,0,0
0,0,0,1,0,0,12,0,0,0,1,0,1,1,144,0
0,0,0,1,0,0,0,3,51.2999992370605,1,0,0,0,1,0,2631.68994140625
0,0,0,1,0,0,0,4,56.2999992370605,0,0,0,0,1,0,3169.68994140625
0,0,0,1,0,0,0,3,12.8000001907349,4,1,0,0,1,0,163.84001159668
0,0,0,1,0,0,0,0,0,2,0,0,0,1,0,0
0,0,0,0,0,0,0,1,4.19999980926514,0,0,0,0,0,0,17.6399974822998
0,0,0,1,0,0,0,3,81.4000015258789,0,0,0,0,1,0,6625.96044921875
0,0,0,1,0,0,0,3,47.5,0,0,1,1,1,0,2256.25
0,0,0,1,0,0,0,4,95.6999969482422,0,0,0,1,1,0,9158.4892578125
0,0,0,0,0,0,0,0,0,1,1,0,1,0,0,0
0,0,0,0,0,0,0,3,81.9000015258789,0,0,0,1,0,0,6707.6103515625
0,0,0,0,0,0,0,4,72.5999984741211,0,0,0,1,0,0,5270.759765625
0,0,0,0,0,0,0,3,43.5999984741211,0,0,0,0,0,0,1900.95983886719
0,0,0,0,0,0,0,4,83.1999969482422,0,0,0,0,0,0,6922.2392578125
0,0,0,0,0,0,0,3,58.7000007629395,0,0,0,1,0,0,3445.69018554688
0,0,0,0,0,0,0,4,91.8000030517578,0,0,0,1,0,0,8427.240234375
0,0,0,0.5,0,0,0,1,1,0,0,0,1,0.25,0,1
0,0,0,1,0,0,0,4,73.6999969482422,0,0,1,0,1,0,5431.689453125
0,0,0,0,0,0,0,1,2.59999990463257,2,0,0,0,0,0,6.75999927520752
0,0,0,1,0,0,0,0,0,2,0,0,0,1,0,0
3,2,0,0,0,0,0,2,16.3999996185303,0,0,0,0,0,0,268.959991455078
0,0,0,0,0,0,0,4,38.5,0,1,0,0,0,0,1482.25
0,0,0,1,0,0,0,4,64.9000015258789,0,0,0,0,1,0,4212.01025390625
1,1,0,1,0,0,0,4,26.1000003814697,0,0,0,0,1,0,681.210021972656
0,0,0,1,0,0,0,0,0,1,1,0,0,1,0,0
0,0,0,1,0,0,0,0,0,6,0,0,0,1,0,0
0,0,0,1,0,0,0,0,0,8,0,0,0,1,0,0
0,0,0,1,0,0,0,4,171.600006103516,0,0,1,1,1,0,29446.5625
0,0,0,0,0,0,0,3,21.7000007629395,0,0,0,0,0,0,470.890045166016
0,0,0,0,0,0,0,0,0,3,0,0,0,0,0,0
0,0,0,0,0,0,0,0,0,1,0,0,0,0,0,0
0,0,0,0,0,0,0,2,5.59999990463257,0,1,0,0,0,0,31.3599987030029
0,0,0,0,0,0,0,0,0,2,1,0,0,0,0,0
0,0,0,0,0,0,0,4,48.9000015258789,0,0,0,0,0,0,2391.21020507812
0,0,0,0,0,0,0,0,0,2,0,0,1,0,0,0
0,0,0,0,0,0,0,4,65.8000030517578,0,0,0,1,0,0,4329.640625
0,0,0,1,0,0,0,3,31.8999996185303,0,0,0,0,1,0,1017.60998535156
0,0,0,0,0,0,0,4,122.300003051758,0,0,1,0,0,0,14957.291015625
0,0,0,0,0,0,0,3,9.19999980926514,1,0,0,0,0,0,84.6399993896484
0,0,0,0,0,0,0,2,50.0999984741211,1,1,0,1,0,0,2510.009765625
0,0,0,0,0,0,0,3,70,0,0,0,0,0,0,4900
0,0,0,0.5,0,0,0,1,7.09999990463257,1,0,0,0,0.25,0,50.4099998474121
0,0,0,1,0,0,0,4,99.9000015258789,0,1,0,0,1,0,9980.0107421875
2,1,0,0.5,0,0,0,0,0,3,0,0,0,0.25,0,0
0,0,0,1,0,0,0,2,12.8000001907349,0,0,0,0,1,0,163.84001159668
1,0,1,0.6700000166893,0,0,0,2,11.1000003814697,0,0,0,1,0.448900014162064,0,123.210006713867
1,1,0,0,0,0,0,1,11.6999998092651,8,0,0,0,0,0,136.889999389648
0,0,0,0,0,0,0,4,333.799987792969,0,0,0,0,0,0,111422.4296875
0,0,0,1,0,0,0,0,0,6,0,0,0,1,0,0
0,0,0,0,0,0,0,4,41.7000007629395,0,0,0,0,0,0,1738.89001464844
0,0,0,0,0,0,0,2,87.6999969482422,8,0,0,1,0,0,7691.28955078125
1,0,1,1,0,0,0,4,38.7000007629395,0,0,0,1,1,0,1497.69006347656
0,0,0,1,0,0,0,4,40.7999992370605,0,0,0,1,1,0,1664.63989257812
0,0,0,1,0,0,0,1,1.70000004768372,0,0,1,0,1,0,2.89000010490417
0,0,0,0,0,0,0,4,94.6999969482422,0,0,1,0,0,0,8968.08984375
0,0,0,0,0,0,0,2,4,0,1,0,0,0,0,16
0,0,0,1,0,0,0,0,0,1,0,0,0,1,0,0
0,0,0,0,0,0,0,4,82.9000015258789,0,0,1,0,0,0,6872.41015625
0,0,0,0,0,0,0,3,68.5,0,0,0,0,0,0,4692.25
0,0,0,0,0,0,0,4,52.7000007629395,0,0,0,0,0,0,2777.2900390625
0,0,0,0,0,0,0,1,8.19999980926514,25,0,0,0,0,0,67.2399978637695
0,0,0,0,0,0,0,3,54,0,0,0,0,0,0,2916
0,0,0,0,0,0,0,3,27.6000003814697,0,0,1,0,0,0,761.760009765625
0,0,0,0,0,0,0,0,0,2,0,0,0,0,0,0
0,0,0,0,0,0,0,4,201.300003051758,0,0,0,1,0,0,40521.69140625
0,0,0,1,0,0,0,0,0,1,0,0,0,1,0,0
1,0,0,0.5,0,0,0,2,11.8000001907349,0,1,0,1,0.25,0,139.240005493164
0,0,0,0,0,0,0,1,5.30000019073486,0,0,0,1,0,0,28.0900020599365
0,0,0,0,0,0,0,4,42.2999992370605,0,0,0,0,0,0,1789.28991699219
0,0,0,0,0,0,0,3,17.7999992370605,0,0,0,0,0,0,316.839965820312
0,0,0,0,0,0,0,3,91.1999969482422,1,0,1,0,0,0,8317.439453125
0,0,0,0,0,0,0,4,162,0,0,0,0,0,0,26244
0,0,0,1,0,0,0,3,102.300003051758,1,0,1,0,1,0,10465.291015625
0,0,0,1,0,0,0,1,7.5,2,0,0,1,1,0,56.25
0,0,0,0,0,0,0,4,112.5,0,0,0,0,0,0,12656.25
0,0,0,0,0,0,0,1,4.69999980926514,0,1,0,0,0,0,22.0899982452393
0,0,0,0,0,0,0,3,31.2000007629395,4,0,0,0,0,0,973.440063476562
0,0,0,0,0,0,0,0,0,1,1,0,0,0,0,0
0,0,0,1,0,0,0,4,32,0,1,0,0,1,0,1024
0,0,0,0,0,0,0,4,74.5,0,0,1,0,0,0,5550.25
0,0,0,0.5,0,0,12,0,0,0,0,1,0,0.25,144,0
0,0,0,1,0,0,0,0,0,8,1,0,1,1,0,0
0,0,0,1,0,0,0,3,11.1999998092651,1,0,0,1,1,0,125.439994812012
4,3,0,0.5,0,0,0,0,0,1,1,0,0,0.25,0,0
0,0,0,0,0,0,0,3,55.4000015258789,0,0,0,0,0,0,3069.16015625
0,0,0,0,0,0,0,4,99.6999969482422,0,0,0,0,0,0,9940.08984375
1,1,0,0,0,0,0,3,2.90000009536743,0,1,0,0,0,0,8.41000080108643
0,0,0,0,0,0,0,4,116,0,0,0,0,0,0,13456
0,0,0,1,0,0,0,4,105.400001525879,0,1,0,0,1,0,11109.16015625
0,0,0,0,0,0,0,0,0,7,0,0,1,0,0,0
0,0,0,0,0,0,0,4,99.9000015258789,0,0,1,1,0,0,9980.0107421875
0,0,0,1,0,0,0,4,74.6999969482422,0,0,0,0,1,0,5580.08935546875
1,0,0,0,0,0,0,3,41,0,1,0,0,0,0,1681
1,1,1,1,0,0,0,0,0,1,0,0,0,1,0,0
1,1,1,0,0,0,0,1,4,2,1,0,0,0,0,16
0,0,0,0,0,0,0,4,149.699996948242,0,0,0,1,0,0,22410.08984375
0,0,0,1,0,0,0,0,0,11,0,0,0,1,0,0
0,0,0,1,0,0,0,3,30.7999992370605,0,0,0,0,1,0,948.639953613281
1,0,0,1,0,0,0,1,0.200000002980232,6,0,0,1,1,0,0.0400000028312206
1,0,0,0,0,0,0,2,62.4000015258789,0,0,0,0,0,0,3893.76025390625
1,0,1,0,0,0,0,4,37.2999992370605,0,0,0,1,0,0,1391.28991699219
0,0,0,0,0,0,0,3,19.7999992370605,9,0,1,0,0,0,392.039978027344
1,0,0,0,0,0,0,2,3,0,1,0,0,0,0,9
0,0,0,1,0,0,0,4,75.0999984741211,0,0,1,0,1,0,5640.009765625
0,0,0,0,0,0,0,0,0,5,0,0,0,0,0,0
0,0,0,1,0,0,0,0,0,1,0,0,0,1,0,0
0,0,0,0,0,0,0,4,76.5999984741211,0,0,0,1,0,0,5867.5595703125
0,0,0,0,0,0,0,4,21.7999992370605,0,0,0,0,0,0,475.239959716797
0,0,0,0,0,0,0,0,0,2,0,1,1,0,0,0
0,0,0,0,0,0,0,4,124.800003051758,0,0,0,0,0,0,15575.041015625
1,1,1,0,0,0,0,1,9.19999980926514,1,0,0,1,0,0,84.6399993896484
0,0,0,0,0,0,0,2,18.5,0,0,1,0,0,0,342.25
0,0,0,0,0,0,0,4,54.2000007629395,0,0,1,0,0,0,2937.64013671875
0,0,0,0,0,0,0,1,9.10000038146973,5,1,0,0,0,0,82.8100051879883
0,0,0,0.5,0,0,0,2,11.6999998092651,25,0,0,0,0.25,0,136.889999389648
0,0,0,1,0,0,0,3,20.5,1,0,1,0,1,0,420.25
0,0,0,0,0,0,0,3,32.7999992370605,0,0,0,1,0,0,1075.83996582031
1,1,0,0,0,0,0,4,49.7999992370605,0,0,0,0,0,0,2480.0400390625
0,0,0,0,0,0,0,0,0,2,0,0,1,0,0,0
0,0,0,0,0,0,0,0,0,3,0,0,0,0,0,0
0,0,0,1,0,0,0,3,14.1000003814697,0,0,1,0,1,0,198.810012817383
0,0,0,0.5,0,0,0,0,0,2,1,0,0,0.25,0,0
0,0,0,0,0,0,0,3,65.5,0,0,1,0,0,0,4290.25
1,0,0,1,0,0,0,4,58.0999984741211,0,0,1,0,1,0,3375.60986328125
0,0,0,0,0,0,0,3,67.1999969482422,0,1,0,1,0,0,4515.83935546875
0,0,0,0,0,0,0,2,49.7999992370605,0,0,0,0,0,0,2480.0400390625
0,0,0,0,0,0,0,1,19.6000003814697,0,0,0,1,0,0,384.160003662109
0,0,0,1,0,0,0,0,0,6,0,0,0,1,0,0
0,0,0,1,0,0,0,3,99.6999969482422,3,0,0,1,1,0,9940.08984375
0,0,0,0,0,0,0,4,127.5,0,0,0,0,0,0,16256.25
0,0,0,0,0,0,0,4,77.0999984741211,0,0,0,1,0,0,5944.40966796875
1,0,0,0,0,0,0,3,33,1,0,0,0,0,0,1089
0,0,0,1,0,0,0,1,1.29999995231628,0,1,0,0,1,0,1.68999981880188
0,0,0,1,0,0,0,3,54.7999992370605,0,0,0,0,1,0,3003.03979492188
2,2,0,0,0,0,2,0,0,5,0,0,0,0,4,0
0,0,0,0,0,0,0,4,146.5,0,0,0,0,0,0,21462.25
1,1,0,0,0,0,0,0,0,3,1,0,0,0,0,0
0,0,0,0,0,0,0,0,0,15,1,0,0,0,0,0
3,2,2,1,0,0,1,0,0,2,0,0,0,1,1,0
0,0,0,0,0,0,0,0,0,2,0,0,0,0,0,0
0,0,0,1,0,0,0,0,0,9,0,0,0,1,0,0
2,1,0,0,0,0,0,0,0,1,0,0,1,0,0,0
1,0,1,1,0,0,0,3,26.6000003814697,0,0,1,0,1,0,707.559997558594
0,0,0,0,0,0,0,1,5.69999980926514,3,0,0,0,0,0,32.4899978637695
0,0,0,1,0,0,0,4,134.600006103516,0,1,0,0,1,0,18117.162109375
0,0,0,1,0,0,0,4,66.8000030517578,0,0,1,1,1,0,4462.240234375
3,3,2,1,0,0,0,4,31.5,0,0,1,0,1,0,992.25
1,0,0,0,0,0,0,4,135.600006103516,0,0,0,0,0,0,18387.361328125
1,1,0,0,0,0,0,4,83.3000030517578,0,0,0,0,0,0,6938.890625
0,0,0,1,0,0,0,0,0,1,0,0,0,1,0,0
1,1,0,0,0,0,0,4,45.5,0,0,0,0,0,0,2070.25
0,0,0,1,0,0,0,4,118.699996948242,0,0,1,1,1,0,14089.689453125
1,0,1,0,0,0,0,4,23.7000007629395,0,0,0,0,0,0,561.690063476562
1,0,1,0,0,0,0,2,34.5,0,0,0,1,0,0,1190.25
1,1,1,0,0,0,0,3,23.7000007629395,7,0,0,0,0,0,561.690063476562
1,1,0,0,0,0,7,0,0,1,0,1,0,0,49,0
1,1,0,0,0,0,0,3,8.39999961853027,0,0,1,0,0,0,70.5599899291992
1,1,0,0,0,0,0,3,44.2000007629395,4,0,0,0,0,0,1953.64001464844
1,1,0,0,0,0,0,0,0,25,0,0,1,0,0,0
0,0,0,0,0,0,0,4,189.199996948242,0,0,0,0,0,0,35796.640625
0,0,0,0,0,0,0,4,61.5999984741211,0,0,1,0,0,0,3794.55981445312
0,0,0,0,0,0,0,4,171.300003051758,0,1,0,1,0,0,29343.69140625
1,0,1,0,0,0,0,4,13.6999998092651,0,0,0,1,0,0,187.689987182617
1,1,1,0,0,0,0,1,13.3000001907349,0,1,0,0,0,0,176.889999389648
0,0,0,0,0,0,0,0,0,12,0,0,1,0,0,0
1,1,0,0,0,0,0,0,0,1,0,0,1,0,0,0
1,1,0,0,0,0,0,4,179.100006103516,0,0,1,1,0,0,32076.8125
1,1,0,0,0,0,0,4,124.199996948242,0,0,1,0,0,0,15425.6396484375
1,0,0,0,0,0,0,2,20.2000007629395,3,0,1,0,0,0,408.0400390625
1,0,0,0,0,0,0,2,52.0999984741211,0,1,0,1,0,0,2714.40991210938
2,2,0,0,0,0,0,2,7.19999980926514,1,1,0,0,0,0,51.8399963378906
1,0,0,0,0,0,0,2,16.8999996185303,2,1,0,0,0,0,285.609985351562
1,0,0,0,0,0,0,0,0,2,0,0,1,0,0,0
1,0,1,0,0,0,0,4,141,0,0,0,1,0,0,19881
1,0,0,0,0,0,0,2,1.29999995231628,0,0,0,0,0,0,1.68999981880188
1,1,0,0,0,0,0,4,197.399993896484,0,0,0,1,0,0,38966.7578125
1,1,0,0,0,0,0,2,40.0999984741211,2,0,1,1,0,0,1608.00988769531
1,1,1,0,0,0,0,4,39.2999992370605,0,0,0,0,0,0,1544.48999023438
1,1,0,0,0,0,0,4,146.199996948242,0,0,1,0,0,0,21374.439453125
1,1,0,0,0,0,0,1,0.300000011920929,0,1,0,0,0,0,0.0900000035762787
1,1,0,0,0,0,0,4,85.9000015258789,0,0,0,1,0,0,7378.81005859375
1,0,0,0,0,0,0,3,16.5,0,0,0,0,0,0,272.25
1,1,0,0,0,0,0,4,129.600006103516,0,0,0,1,0,0,16796.162109375
1,0,0,0,0,0,0,3,18,0,0,0,0,0,0,324
1,1,0,0,0,0,0,1,1.20000004768372,3,1,0,0,0,0,1.44000005722046
0,0,0,0,0,0,0,4,133.699996948242,0,0,0,0,0,0,17875.689453125
2,1,2,0,0,0,0,2,67.5999984741211,1,0,0,0,0,0,4569.759765625
1,1,0,0,0,0,0,2,37.2999992370605,0,1,0,1,0,0,1391.28991699219
1,1,0,0,0,0,0,2,9.89999961853027,0,0,0,0,0,0,98.0099945068359
1,1,1,0,0,0,0,3,16.7999992370605,1,0,0,0,0,0,282.239959716797
0,0,0,1,0,0,0,2,1.89999997615814,7,0,0,0,1,0,3.60999989509583
1,1,0,0,0,0,0,0,0,1,1,0,0,0,0,0
5,4,2,0,0,0,0,1,2.59999990463257,2,1,0,0,0,0,6.75999927520752
1,0,0,0,0,0,0,4,178.100006103516,0,0,0,0,0,0,31719.611328125
2,0,0,0,0,0,0,0,0,6,0,1,1,0,0,0
1,0,0,0,0,0,0,1,37,7,0,1,1,0,0,1369
1,1,0,0,0,0,0,4,263.200012207031,0,0,1,0,0,0,69274.25
1,1,1,0,0,0,0,2,85.0999984741211,1,0,0,0,0,0,7242.009765625
1,1,1,0,0,0,0,4,200.5,0,0,0,1,0,0,40200.25
2,0,0,0,0,0,0,3,27.7999992370605,0,1,0,0,0,0,772.839965820312
2,2,1,0,0,0,0,3,30.1000003814697,0,0,0,1,0,0,906.010009765625
1,1,0,0,0,0,0,1,6.40000009536743,0,0,0,0,0,0,40.9600028991699
1,0,0,0,0,0,0,4,184.100006103516,0,0,0,1,0,0,33892.8125
1,1,0,0,0,0,0,2,3.70000004768372,0,0,0,0,0,0,13.6900005340576
1,0,0,0,0,0,0,4,81.4000015258789,0,1,0,0,0,0,6625.96044921875
1,1,1,0,0,0,0,0,0,1,1,0,0,0,0,0
0,0,0,0,0,0,0,4,170.399993896484,0,0,0,1,0,0,29036.158203125
2,2,0,0,0,0,0,2,35.7000007629395,4,1,0,0,0,0,1274.49011230469
0,0,0,1,0,0,0,4,86.1999969482422,0,0,0,1,1,0,7430.439453125
1,0,0,0,0,0,0,4,79.5999984741211,0,1,0,0,0,0,6336.15966796875
1,0,0,0,0,0,0,4,108.400001525879,0,0,0,1,0,0,11750.560546875
4,0,2,0,0,0,0,1,1.70000004768372,0,0,0,1,0,0,2.89000010490417
1,1,1,0,0,0,0,4,140.899993896484,0,1,0,1,0,0,19852.80859375
0,0,0,1,0,0,0,0,0,1,0,0,0,1,0,0
1,1,0,0,0,0,0,3,21.3999996185303,2,0,1,0,0,0,457.959991455078
1,1,0,0,0,0,0,0,0,2,0,0,0,0,0,0
1,1,0,0,0,0,0,4,54.2999992370605,0,0,1,1,0,0,2948.48999023438
1,1,1,0,0,0,0,1,2.09999990463257,25,1,0,0,0,0,4.40999937057495
3,1,3,0,0,0,0,2,38.5999984741211,0,0,0,0,0,0,1489.95983886719
1,1,0,0,0,0,0,4,225,0,0,0,1,0,0,50625
1,1,0,0,0,0,0,3,50.7000007629395,0,0,1,0,0,0,2570.48999023438
6,3,5,0,0,0,0,0,0,1,0,0,0,0,0,0
1,1,0,0,0,0,0,4,72.8000030517578,0,0,0,1,0,0,5299.84033203125
1,1,0,0,0,0,0,4,165.399993896484,0,0,0,0,0,0,27357.158203125
1,1,0,0,0,0,0,4,110.400001525879,0,0,0,1,0,0,12188.16015625
1,1,1,0,0,0,0,3,139.300003051758,1,0,0,1,0,0,19404.490234375
1,0,0,0,0,0,0,4,109.699996948242,0,0,0,0,0,0,12034.0888671875
1,1,1,0,0,0,0,0,0,7,0,0,0,0,0,0
1,1,0,0,0,0,0,1,3.40000009536743,3,0,0,1,0,0,11.5600004196167
3,0,0,0,0,0,0,3,4.80000019073486,0,0,1,0,0,0,23.0400009155273
1,0,0,0,0,0,0,4,111.400001525879,0,0,1,0,0,0,12409.9599609375
1,1,0,0,0,0,0,3,48.5,1,0,1,0,0,0,2352.25
1,0,0,0,0,0,0,4,92.3000030517578,0,0,0,0,0,0,8519.291015625
1,0,0,0,0,0,0,2,26.7000007629395,1,0,0,0,0,0,712.890014648438
0,0,0,0,0,0,0,1,0.600000023841858,3,0,1,0,0,0,0.360000014305115
1,1,1,0,0,0,0,2,21.6000003814697,0,0,1,0,0,0,466.560028076172
1,0,1,0,0,0,0,0,0,25,0,0,1,0,0,0
1,1,0,0,0,0,0,4,77.4000015258789,0,1,0,0,0,0,5990.76025390625
1,1,1,0,0,0,0,1,3.59999990463257,25,0,0,1,0,0,12.9599990844727
0,0,0,0,0,0,0,2,32.2999992370605,1,0,1,0,0,0,1043.28991699219
1,0,0,0,0,0,0,0,0,3,0,0,0,0,0,0
1,1,1,0,0,0,0,4,122.900001525879,0,1,0,1,0,0,15104.41015625
1,1,0,0,0,0,0,2,12.8000001907349,0,0,0,0,0,0,163.84001159668
1,1,0,0,0,0,0,4,52.5999984741211,0,0,0,0,0,0,2766.759765625
1,0,1,0,0,0,0,4,94,0,0,0,0,0,0,8836
1,1,0,0,0,0,0,3,52.4000015258789,12,0,0,0,0,0,2745.76025390625
1,1,1,0,0,0,0,4,64.1999969482422,0,0,0,1,0,0,4121.6396484375
1,0,0,0,0,0,0,2,23,0,0,0,0,0,0,529
2,2,0,0,0,0,0,2,44.7999992370605,0,1,0,1,0,0,2007.03991699219
2,1,1,0,0,0,0,4,15.3999996185303,0,1,0,0,0,0,237.15998840332
1,1,0,0,0,0,0,2,9.19999980926514,3,0,0,0,0,0,84.6399993896484
1,1,0,0,0,0,0,0,0,3,0,0,1,0,0,0
1,0,1,0,0,0,0,3,17.6000003814697,0,0,0,0,0,0,309.760009765625
2,0,0,0,0,0,0,1,0.300000011920929,2,0,0,0,0,0,0.0900000035762787
1,0,0,0,0,0,0,2,43.5,0,0,1,0,0,0,1892.25
1,0,1,0,0,0,0,0,0,2,0,0,1,0,0,0
1,1,0,0,0,0,0,4,57.4000015258789,0,1,0,0,0,0,3294.76025390625
1,1,0,0,0,0,0,4,133.5,0,0,0,0,0,0,17822.25
1,0,0,0,0,0,0,4,113.5,0,0,0,0,0,0,12882.25
1,0,0,0,0,0,0,2,24.2999992370605,0,0,0,0,0,0,590.489990234375
1,0,0,0,0,0,0,4,23.7000007629395,0,1,0,0,0,0,561.690063476562
2,0,1,0,0,0,0,0,0,1,0,0,1,0,0,0
1,1,0,0,0,0,0,1,29,1,0,0,0,0,0,841
1,1,0,0,0,0,0,4,60.4000015258789,0,0,0,0,0,0,3648.16015625
1,0,1,0,0,0,0,3,12.6000003814697,25,1,0,1,0,0,158.760009765625
1,1,1,0,0,0,0,2,81.8000030517578,0,0,0,0,0,0,6691.24072265625
1,0,0,0,0,0,0,0,0,5,0,0,1,0,0,0
1,1,0,0,0,0,0,1,0.899999976158142,3,0,0,0,0,0,0.809999942779541
1,1,0,0,0,0,0,2,10.3999996185303,25,1,0,0,0,0,108.15998840332
1,1,0,0,0,0,0,1,12,1,0,0,0,0,0,144
1,1,0,0,0,0,0,3,28.6000003814697,0,0,1,0,0,0,817.960021972656
1,1,1,0,0,0,0,2,15.6000003814697,0,0,0,0,0,0,243.360015869141
2,1,0,0,0,0,0,2,1.70000004768372,0,0,1,1,0,0,2.89000010490417
1,0,0,0,0,0,0,0,0,6,1,0,1,0,0,0
1,0,0,0,0,0,0,0,0,2,0,0,0,0,0,0
1,1,0,0,0,0,0,2,25,1,0,0,0,0,0,625
1,0,0,0,0,0,0,4,25.2999992370605,0,0,0,0,0,0,640.089965820312
1,1,1,0,0,0,0,3,30.7999992370605,0,0,1,0,0,0,948.639953613281
1,1,0,0,0,0,0,4,62.7999992370605,0,0,1,0,0,0,3943.83984375
1,1,0,0,0,0,0,3,42.9000015258789,0,0,0,1,0,0,1840.41015625
1,1,0,0,0,0,0,0,0,4,0,0,1,0,0,0
1,1,1,0,0,0,0,4,57.4000015258789,0,0,1,1,0,0,3294.76025390625
1,0,0,0,0,0,0,4,44,0,0,0,0,0,0,1936
1,0,0,0,0,0,0,4,66.1999969482422,0,0,1,0,0,0,4382.439453125
1,0,0,0,0,0,0,2,9.60000038146973,1,1,0,1,0,0,92.1600036621094
1,0,1,0,0,0,0,0,0,1,1,0,0,0,0,0
1,1,0,0,0,0,0,4,96.8000030517578,0,0,0,0,0,0,9370.240234375
1,1,0,0,0,0,0,4,71.9000015258789,0,0,0,1,0,0,5169.6103515625
1,0,0,0,0,0,0,3,37.2999992370605,3,0,0,0,0,0,1391.28991699219
1,1,0,0,0,0,0,3,26.5,0,0,1,0,0,0,702.25
2,0,1,0,0,0,0,4,81.3000030517578,0,0,0,0,0,0,6609.6904296875
1,1,0,0,0,0,0,4,61.7999992370605,0,0,1,0,0,0,3819.23999023438
1,0,0,0,0,0,0,3,33.2999992370605,0,1,0,0,0,0,1108.88989257812
1,1,0,0,0,0,0,1,9.80000019073486,25,0,0,0,0,0,96.0400009155273
1,1,0,0,0,0,0,1,3.59999990463257,0,0,0,1,0,0,12.9599990844727
1,1,0,0,0,0,0,3,5.5,8,0,1,0,0,0,30.25
1,1,0,0,0,0,0,4,276.299987792969,0,0,0,1,0,0,76341.6796875
1,1,0,0,0,0,0,1,8.89999961853027,3,0,0,0,0,0,79.2099914550781
1,1,1,0,0,0,0,1,1.79999995231628,6,1,0,0,0,0,3.23999977111816
1,1,0,0,0,0,3,0,0,6,0,0,1,0,9,0
1,0,1,0,0,0,0,1,3.29999995231628,0,0,0,0,0,0,10.8899993896484
1,0,0,0,0,0,0,4,138.100006103516,0,0,0,0,0,0,19071.611328125
1,0,0,0,0,0,0,4,26.8999996185303,0,0,0,1,0,0,723.609985351562
1,0,0,0,0,0,0,4,86.4000015258789,0,0,0,0,0,0,7464.96044921875
1,0,0,0,0,0,0,4,84.9000015258789,0,0,1,0,0,0,7208.01025390625
1,1,0,0,0,0,0,2,4.09999990463257,4,0,0,0,0,0,16.8099994659424
1,1,0,0,0,0,0,1,12.6999998092651,13,0,1,1,0,0,161.289993286133
1,0,0,0,0,0,0,1,0.400000005960464,25,0,0,0,0,0,0.160000011324883
1,0,0,0,0,0,0,4,104.800003051758,0,0,0,0,0,0,10983.041015625
1,0,0,0,0,0,0,1,1.70000004768372,3,0,0,1,0,0,2.89000010490417
1,0,0,0,0,0,0,4,38.0999984741211,0,0,0,0,0,0,1451.60986328125
1,1,0,0,0,0,0,4,70.9000015258789,0,0,0,0,0,0,5026.81005859375
1,0,0,0,0,0,0,4,229.800003051758,0,0,0,0,0,0,52808.04296875
1,0,0,0,0,0,0,4,32.2999992370605,0,1,0,0,0,0,1043.28991699219
1,0,1,0,0,0,0,1,6.30000019073486,25,0,0,0,0,0,39.6900024414062
1,0,0,0,0,0,0,0,0,9,0,1,0,0,0,0
2,0,0,0,0,0,0,1,0.400000005960464,25,0,0,1,0,0,0.160000011324883
2,1,1,0,0,0,0,2,22.8999996185303,0,0,1,0,0,0,524.409973144531
1,1,0,0,0,0,0,4,106.5,0,0,0,0,0,0,11342.25
1,0,1,0,0,0,0,4,63.9000015258789,0,0,0,0,0,0,4083.21020507812
1,1,0,0,0,0,0,2,71.6999969482422,1,0,1,0,0,0,5140.8896484375
1,1,0,0,0,0,0,4,191.100006103516,0,0,1,0,0,0,36519.2109375
1,0,0,0,0,0,0,4,96.4000015258789,0,1,0,0,0,0,9292.9599609375
1,0,0,0,0,0,0,3,147.800003051758,1,0,0,0,0,0,21844.841796875
1,0,0,0,0,0,0,0,0,2,0,0,0,0,0,0
1,0,0,0,0,0,0,4,89.9000015258789,0,0,0,0,0,0,8082.01025390625
1,1,1,0,0,0,0,4,91.5999984741211,0,0,0,1,0,0,8390.5595703125
1,1,0,0,0,0,0,4,74.1999969482422,0,0,0,0,0,0,5505.6396484375
1,1,1,0,0,0,0,4,82.9000015258789,0,0,0,1,0,0,6872.41015625
1,0,0,0,0,0,0,4,162,0,0,0,0,0,0,26244
1,0,0,0,0,0,0,1,0.400000005960464,25,0,0,1,0,0,0.160000011324883
1,0,0,0,0,0,0,4,93.9000015258789,0,0,0,0,0,0,8817.2099609375
1,1,0,0,0,0,0,3,55.7000007629395,0,0,0,1,0,0,3102.48999023438
1,0,0,0,0,0,0,4,79.0999984741211,0,0,0,1,0,0,6256.8095703125
1,1,0,0,0,0,0,1,0.400000005960464,8,0,1,0,0,0,0.160000011324883
1,1,0,0,0,0,0,2,8.30000019073486,3,0,1,0,0,0,68.8899993896484
1,1,0,0,0,0,0,3,37.7000007629395,2,0,0,0,0,0,1421.2900390625
1,1,0,0,0,0,0,4,37.5,0,0,0,0,0,0,1406.25
1,0,0,0,0,0,0,4,151.600006103516,0,0,0,0,0,0,22982.5625
2,2,0,0,0,0,0,1,6,25,0,0,0,0,0,36
1,1,0,0,0,0,0,4,57.9000015258789,0,0,1,0,0,0,3352.41015625
1,0,1,0,0,0,0,2,23.5,1,0,0,0,0,0,552.25
1,1,0,0,0,0,0,0,0,10,1,0,0,0,0,0
1,1,1,0,0,0,0,2,30.7999992370605,2,0,1,0,0,0,948.639953613281
1,1,1,0,0,0,0,0,0,2,1,0,1,0,0,0
1,1,1,0,0,0,0,4,162.899993896484,0,0,0,0,0,0,26536.408203125
1,1,1,0,0,0,0,1,4,1,1,0,0,0,0,16
1,0,0,0,0,0,0,4,43.4000015258789,0,0,0,1,0,0,1883.56018066406
1,0,1,0,0,0,0,2,4.30000019073486,2,0,1,1,0,0,18.4900016784668
1,1,1,0,0,0,0,4,48.7000007629395,0,0,1,0,0,0,2371.69018554688
1,1,0,0,0,0,0,4,129.199996948242,0,0,0,0,0,0,16692.638671875
1,0,0,0,0,0,0,4,71.5,0,0,0,0,0,0,5112.25
1,0,0,0,0,0,0,2,7.69999980926514,0,0,1,1,0,0,59.2899971008301
1,0,0,0,0,0,0,3,39.7999992370605,0,0,0,1,0,0,1584.03991699219
1,0,0,0,0,0,0,0,0,18,0,0,0,0,0,0
1,1,0,0,0,0,0,0,0,9,0,0,0,0,0,0
1,1,1,0,0,0,0,4,73.3000030517578,0,0,1,0,0,0,5372.890625
0,0,0,0,0,0,0,4,107.5,0,0,0,0,0,0,11556.25
1,1,0,0,0,0,0,3,87.3000030517578,0,0,0,0,0,0,7621.29052734375
1,1,0,0,0,0,0,1,10.3999996185303,25,0,0,1,0,0,108.15998840332
1,0,0,0,0,0,0,4,60.7999992370605,0,0,0,0,0,0,3696.63989257812
1,1,0,0,0,0,0,4,147.100006103516,0,0,0,0,0,0,21638.412109375
1,1,0,0,0,0,0,1,21.2999992370605,25,0,0,1,0,0,453.689971923828
1,0,0,0,0,0,0,1,8.30000019073486,4,0,1,1,0,0,68.8899993896484
1,0,0,0,0,0,0,4,25,0,0,0,0,0,0,625
1,1,0,0,0,0,0,0,0,25,0,0,0,0,0,0
1,1,1,0,0,0,0,0,0,1,0,1,0,0,0,0
1,0,1,0,0,0,0,0,0,25,1,0,0,0,0,0
1,1,0,0,0,0,0,4,118.099998474121,0,0,0,1,0,0,13947.609375
1,0,0,0,0,0,0,2,46.5,2,0,0,0,0,0,2162.25
1,1,0,0,0,0,0,4,145.100006103516,0,0,1,1,0,0,21054.01171875
1,0,0,0,0,0,0,4,57,0,1,0,0,0,0,3249
1,1,1,0,0,0,0,4,69,0,1,0,0,0,0,4761
0,0,0,0,0,0,0,4,98.0999984741211,0,0,0,0,0,0,9623.609375
1,1,1,0,0,0,0,4,82.0999984741211,0,1,0,0,0,0,6740.40966796875
1,1,0,0,0,0,0,3,67.3000030517578,0,0,0,0,0,0,4529.29052734375
0,0,0,0,0,0,0,2,37.7999992370605,13,0,0,0,0,0,1428.83996582031
1,1,1,0,0,0,0,4,49.9000015258789,0,0,0,1,0,0,2490.01025390625
1,1,0,0,0,0,0,3,24.3999996185303,4,0,0,0,0,0,595.359985351562
0,0,0,0,0,0,0,4,211.199996948242,0,0,1,0,0,0,44605.4375
0,0,0,0,0,0,0,4,32.7999992370605,0,0,0,0,0,0,1075.83996582031
2,0,0,0,0,0,0,2,6.90000009536743,0,0,0,1,0,0,47.6100006103516
0,0,0,0,0,0,0,3,73.3000030517578,0,0,1,0,0,0,5372.890625
1,1,0,0,0,0,0,0,0,3,1,0,0,0,0,0
1,1,0,0,0,0,0,3,58.0999984741211,1,0,0,0,0,0,3375.60986328125
1,1,0,0,0,0,0,0,0,4,0,0,1,0,0,0
0,0,0,0,0,0,0,1,5.90000009536743,7,0,0,0,0,0,34.810001373291
1,0,0,0,0,0,0,4,186.5,0,0,0,0,0,0,34782.25
0,0,0,0,0,0,0,2,47.4000015258789,25,0,0,0,0,0,2246.76025390625
0,0,0,0,0,0,0,4,151.899993896484,0,0,0,0,0,0,23073.607421875
0,0,0,0,0,0,0,4,206.5,0,0,1,0,0,0,42642.25
0,0,0,0,0,0,0,0,0,9,0,0,0,0,0,0
0,0,0,0,0,0,0,1,19.3999996185303,0,0,0,0,0,0,376.359985351562
0,0,0,0,0,0,0,4,252,0,0,1,1,0,0,63504
1,0,1,0,0,0,0,2,13.3999996185303,0,0,0,1,0,0,179.559982299805
0,0,0,0,0,0,0,3,39.4000015258789,0,0,0,0,0,0,1552.36010742188
0,0,0,0,0,0,0,3,78.5999984741211,0,1,0,0,0,0,6177.9599609375
0,0,0,0,0,0,0,0,0,4,0,0,0,0,0,0
0,0,0,0,0,0,0,1,2.90000009536743,25,0,0,0,0,0,8.41000080108643
0,0,0,0,0,0,0,3,123.099998474121,0,1,0,0,0,0,15153.609375
1,1,0,0,0,0,0,4,53,0,0,0,0,0,0,2809
0,0,0,0,0,0,0,4,131.699996948242,0,1,0,0,0,0,17344.888671875
0,0,0,0,0,0,0,4,112,0,0,0,0,0,0,12544
0,0,0,0,0,0,0,4,169.100006103516,0,1,0,0,0,0,28594.8125
0,0,0,0,0,0,0,0,0,5,1,0,1,0,0,0
0,0,0,0,0,0,0,1,1.89999997615814,3,0,0,1,0,0,3.60999989509583
0,0,0,0,0,0,0,3,27.5,0,1,0,0,0,0,756.25
0,0,0,0,0,0,0,3,119.400001525879,0,1,0,1,0,0,14256.3603515625
1,1,0,0,0,0,0,0,0,3,0,0,0,0,0,0
0,0,0,0,0,0,0,3,11.5,1,0,1,1,0,0,132.25
0,0,0,0,0,0,0,1,1.89999997615814,1,0,0,0,0,0,3.60999989509583
1,1,0,0,0,0,0,0,0,19,1,0,0,0,0,0
0,0,0,0,0,0,0,4,191.300003051758,0,0,0,1,0,0,36595.69140625
