SSDSE-B-2026,Code,Prefecture,A1101,A110101,A110102,A1102,A110201,A110202,A1301,A130101,A130102,A1302,A130201,A130202,A1303,A130301,A130302,A4101,A410101,A410102,A4103,A4200,A420001,A420002,A5101,A510101,A510102,A5102,A510201,A510202,A9101,A9201,B4101,B4102,B4103,B4106,B4109,C3301,C3302,C3801,C3802,C5401,C5403,E1101,E1301,E1501,E2101,E2401,E2501,E3101,E3401,E3501,E3701,E3702,E4101,E4401,E4501,E4601,E4602,E6101,E6102,E6201,E6202,E6301,E6302,E6501,E650110,E6502,E650210,E7101,E7102,E7201,E7202,F3101,F3102,F3103,F3104,F3105,G5105,G7101,G7102,H1800,H1801,H1802,H1803,H2600,H2601,H2602,H2603,H5609,H5610,H5614,I510120,I5102,I5103,J2503,J2505,J250502,J2506,J2526,L3221,L322101,L322102,L322103,L322104,L322105,L322106,L322107,L322108,L322109,L322110
îNìx,ínàÊÉRÅ[Éh,ìsìπï{åß,ëçêlå˚,ëçêlå˚ÅiíjÅj,ëçêlå˚ÅièóÅj,ì˙ñ{êlêlå˚,ì˙ñ{êlêlå˚ÅiíjÅj,ì˙ñ{êlêlå˚ÅièóÅj,15çŒñ¢ñûêlå˚,15çŒñ¢ñûêlå˚ÅiíjÅj,15çŒñ¢ñûêlå˚ÅièóÅj,15Å`64çŒêlå˚,15Å`64çŒêlå˚ÅiíjÅj,15Å`64çŒêlå˚ÅièóÅj,65çŒà»è„êlå˚,65çŒà»è„êlå˚ÅiíjÅj,65çŒà»è„êlå˚ÅièóÅj,èoê∂êî,èoê∂êîÅiíjÅj,èoê∂êîÅièóÅj,çáåvì¡éÍèoê∂ó¶,éÄñSêî,éÄñSêîÅiíjÅj,éÄñSêîÅièóÅj,ì]ì¸é“êîÅiì˙ñ{êlà⁄ìÆé“Åj,ì]ì¸é“êîÅiì˙ñ{êlà⁄ìÆé“ÅjÅiíjÅj,ì]ì¸é“êîÅiì˙ñ{êlà⁄ìÆé“ÅjÅièóÅj,ì]èoé“êîÅiì˙ñ{êlà⁄ìÆé“Åj,ì]èoé“êîÅiì˙ñ{êlà⁄ìÆé“ÅjÅiíjÅj,ì]èoé“êîÅiì˙ñ{êlà⁄ìÆé“ÅjÅièóÅj,ç•à˜åèêî,ó£ç•åèêî,îNïΩãœãCâ∑,ç≈çÇãCâ∑Åiì˙ç≈çÇãCâ∑ÇÃåéïΩãœÇÃç≈çÇílÅj,ç≈í·ãCâ∑Åiì˙ç≈í·ãCâ∑ÇÃåéïΩãœÇÃç≈í·ílÅj,ç~êÖì˙êîÅiîNä‘Åj,ç~êÖó ÅiîNä‘Åj,íÖçHåöízï®êî,íÖçHåöízï®è∞ñ êœ,ó∑äŸâcã∆é{ê›êîÅiÉzÉeÉãÇä‹ÇﬁÅj,ó∑äŸâcã∆é{ê›ãqé∫êîÅiÉzÉeÉãÇä‹ÇﬁÅj,ïWèÄâøäiÅiïΩãœâøäiÅjÅièZëÓínÅj,ïWèÄâøäiÅiïΩãœâøäiÅjÅiè§ã∆ínÅj,ócítâÄêî,ócítâÄã≥àıêî,ócítâÄç›âÄé“êî,è¨äwçZêî,è¨äwçZã≥àıêî,è¨äwçZéôì∂êî,íÜäwçZêî,íÜäwçZã≥àıêî,íÜäwçZê∂ìkêî,íÜäwçZë≤ã∆é“êî,íÜäwçZë≤ã∆é“ÇÃÇ§Çøêiäwé“êî,çÇìôäwçZêî,çÇìôäwçZã≥àıêî,çÇìôäwçZê∂ìkêî,çÇìôäwçZë≤ã∆é“êî,çÇìôäwçZë≤ã∆é“ÇÃÇ§Çøêiäwé“êî,íZä˙ëÂäwêî,ëÂäwêî,íZä˙ëÂäwã≥àıêî,ëÂäwã≥àıêî,íZä˙ëÂäwäwê∂êî,ëÂäwäwê∂êî,íZä˙ëÂäwë≤ã∆é“êî,íZä˙ëÂäwë≤ã∆é“ÇÃÇ§Çøêiäwé“êî,ëÂäwë≤ã∆é“êî,ëÂäwë≤ã∆é“ÇÃÇ§Çøêiäwé“êî,êÍèCäwçZêî,äeéÌäwçZêî,êÍèCäwçZê∂ìkêî,äeéÌäwçZê∂ìkêî,êVãKãÅêEê\çûåèêîÅiàÍî Åj,åéä‘óLå¯ãÅêEé“êîÅiàÍî Åj,åéä‘óLå¯ãÅêlêîÅiàÍî Åj,è[ë´êîÅiàÍî Åj,èAêEåèêîÅiàÍî Åj,àÍî ó∑åîî≠çsåèêî,âÑÇ◊èhîëé“êî,äOçëêlâÑÇ◊èhîëé“êî,íÖçHêVê›èZëÓåÀêî,íÖçHêVê›éùâ∆êî,íÖçHêVê›ë›â∆êî,íÖçHêVê›ï™è˜èZëÓêî,íÖçHêVê›èZëÓè∞ñ êœ,íÖçHêVê›éùâ∆è∞ñ êœ,íÖçHêVê›ï™è˜èZëÓè∞ñ êœ,íÖçHêVê›ë›â∆è∞ñ êœ,Ç≤Ç›ëçîrèoó Åiëçó Åj,1êl1ì˙ìñÇΩÇËÇÃîrèoó ,Ç≤Ç›ÇÃÉäÉTÉCÉNÉãó¶,àÍî ïaâ@êî,àÍî êfó√èäêî,éïâ»êfó√èäêî,ï€àÁèäìôêî,ï€àÁèäìôíËàıêî,ï€àÁèäìôóòópë“ã@éôì∂êî,ï€àÁèäìôç›èäéôêî,ï€àÁèäìôï€àÁémêî,è¡îÔéxèoÅiìÒêlà»è„ÇÃê¢ë—Åj,êHóøîÔÅiìÒêlà»è„ÇÃê¢ë—Åj,èZãèîÔÅiìÒêlà»è„ÇÃê¢ë—Åj,åıîMÅEêÖìπîÔÅiìÒêlà»è„ÇÃê¢ë—Åj,â∆ãÔÅEâ∆éñópïiîÔÅiìÒêlà»è„ÇÃê¢ë—Åj,îÌïûãyÇ—óöï®îÔÅiìÒêlà»è„ÇÃê¢ë—Åj,ï€åíà„ó√îÔÅiìÒêlà»è„ÇÃê¢ë—Åj,åí ÅEí êMîÔÅiìÒêlà»è„ÇÃê¢ë—Åj,ã≥àÁîÔÅiìÒêlà»è„ÇÃê¢ë—Åj,ã≥ó{å‚äyîÔÅiìÒêlà»è„ÇÃê¢ë—Åj,ÇªÇÃëºÇÃè¡îÔéxèoÅiìÒêlà»è„ÇÃê¢ë—Åj
2023,R01000,ñkäCìπ,5092000,2405000,2688000,5041000,2380000,2661000,514000,263000,251000,2897000,1440000,1457000,1681000,702000,979000,24430,12628,11802,1.06,75120,37340,37780,47388,28305,19083,52915,29899,23016,17281,8629,11.0,30.9,-7.4,125,966.0,15872,3811486,2901,121688,23600,107800,331,4236,29964,950,18691,221397,563,11333,119115,40250,37052,270,9704,109290,34467,18177,14,37,261,6677,3137,79983,1528,227,17604,2299,159,49,25399,2993,156458,708391,762659,27923,28314,77666,32783470,6184810,28469,8168,15872,3878,2224377,958660,383849,836712,1704071,912,22.8,464,3403,2742,790,65417,62,48159,9194,296888,74341,26730,28337,10193,10396,15491,50133,6911,25661,48694
2022,R01000,ñkäCìπ,5140000,2427000,2714000,5098000,2407000,2692000,530000,271000,259000,2924000,1451000,1473000,1686000,705000,982000,26407,13605,12802,1.12,74437,37083,37354,49084,29353,19731,53107,29912,23195,18665,8398,10.2,27.3,-6.3,137,1154.0,18026,4142876,2942,123430,22000,97300,347,4454,33715,966,18900,227372,573,11390,120587,40553,37789,272,9853,112146,36375,18726,15,37,269,6668,3531,80309,1714,278,17611,2329,159,48,25974,3183,166170,720500,836962,29461,29643,27026,24664930,741410,29576,9499,14251,5324,2447072,1136716,513648,766384,1763487,937,22.9,465,3436,2784,1099,88268,22,79262,9863,277737,73037,24873,30010,10156,8928,12080,35403,9551,27234,46466
2021,R01000,ñkäCìπ,5183000,2446000,2737000,5147000,2429000,2717000,544000,278000,266000,2953000,1463000,1490000,1686000,705000,981000,28762,14724,14038,1.20,69023,34652,34371,48832,29331,19501,50979,29341,21638,19326,8662,10.2,29.0,-8.2,122,1089.0,20951,4832268,2951,122008,20800,90800,366,4816,38009,984,19028,231714,579,11549,122742,41404,39009,272,9980,115335,38179,19180,15,37,285,6617,4069,79729,2054,425,17071,2245,159,48,25852,3115,166966,733364,773360,30196,30233,10839,15812120,46380,32091,11616,14536,5377,2723810,1400286,531307,765061,1781315,941,23.5,471,3400,2818,1075,85202,68,76885,9713,268396,71448,22013,26676,9912,8816,13788,30483,9913,23762,51583
2020,R01000,ñkäCìπ,5224614,2465088,2759526,5151366,2429697,2721669,555804,284510,271294,2945727,1451491,1494236,1664023,696197,967826,29523,15187,14336,1.21,65078,32794,32284,48494,29310,19184,50418,29029,21389,20904,9070,10.0,28.1,-5.3,151,905.0,19917,4907150,2877,117115,20000,88500,385,4896,41743,999,19071,236396,586,11576,123129,40691,38715,276,10158,119773,39200,18902,15,37,294,6636,4463,79409,2128,354,17011,2241,159,47,24798,3439,174993,727242,723725,32105,32099,30570,17555910,1798840,31772,11068,15262,5110,2677390,1344364,509203,802650,1810945,949,23.4,479,3351,2840,1045,84821,134,79404,9949,301683,77680,27305,27309,12255,9227,14251,41407,9394,26539,56316
2019,R01000,ñkäCìπ,5259000,2480000,2780000,5223000,2464000,2759000,565000,289000,276000,3012000,1484000,1528000,1673000,699000,973000,31020,15988,15032,1.24,65498,33134,32364,47737,28614,19123,55467,31526,23941,23417,9833,9.8,26.5,-5.9,131,814.0,21463,4943285,2863,115751,19200,83700,404,4914,45449,1027,19145,239792,595,11679,124575,42181,40456,277,10337,123112,39976,19067,15,37,296,6683,4705,78612,2294,330,16702,2128,164,49,24958,3564,185268,696212,851533,39557,40059,119613,32197700,7975750,32486,11821,15625,4707,2776067,1444004,465364,843404,1850519,960,23.2,484,3397,2884,1020,82008,152,76397,9837,294682,72912,20862,26332,9895,10466,16466,42277,8848,29335,57289
2018,R01000,ñkäCìπ,5293000,2495000,2798000,5262000,2482000,2780000,577000,295000,282000,3052000,1502000,1551000,1656000,692000,964000,32642,16681,15961,1.27,64187,32757,31430,47269,28263,19006,55222,31407,23815,22916,9971,9.5,25.7,-7.6,157,1282.0,21437,5192636,2868,111049,19000,78200,422,4995,48586,1045,19108,243511,597,11673,126986,43997,42428,280,10444,125164,40223,18569,16,38,293,6707,5013,78122,2415,344,16831,2112,168,49,25820,3780,200363,734530,870195,43961,44510,111793,30401200,7689550,35761,11740,19535,4067,2934844,1445452,415385,1041957,1875810,969,23.9,486,3392,2905,1003,80564,129,76931,10221,281054,69044,19089,27012,8845,11517,11437,39308,10825,26991,56984
2017,R01000,ñkäCìπ,5325000,2510000,2815000,5298000,2499000,2799000,588000,301000,288000,3099000,1523000,1576000,1632000,683000,950000,34058,17511,16547,1.29,62451,32012,30439,48561,29134,19427,55130,31448,23682,23969,10151,9.1,27.7,-7.0,146,1158.0,21430,5480381,2897,108959,18800,68800,438,4929,51182,1061,19078,245504,611,11907,131051,44746,43333,283,10484,126799,40859,18570,16,38,294,6745,5112,77841,2375,264,16707,2176,169,52,26928,4119,211045,772601,856866,47555,48178,107166,30867650,7265810,37062,11466,21052,4134,3014254,1417542,438020,1132127,1873027,961,24.3,493,3384,2934,979,77751,65,73231,10393,286698,69640,24217,25633,10550,11222,12242,39559,9837,26797,57003
2016,R01000,ñkäCìπ,5355000,2523000,2831000,5330000,2514000,2817000,600000,306000,294000,3150000,1545000,1605000,1602000,670000,932000,35129,17890,17239,1.29,61920,32079,29841,48544,29032,19512,55418,31974,23444,24640,10477,9.3,28.3,-5.9,152,1360.0,21294,5286695,2891,107973,18300,62800,459,4991,54361,1074,19066,248124,622,12159,134328,45568,44298,284,10598,129006,42484,18897,17,37,292,6726,5150,77556,2444,250,17198,2173,171,54,28512,4181,228449,827073,839594,51494,52194,98811,29125450,6165450,37515,11312,21810,4018,3080563,1421197,430776,1201056,1902079,970,24.3,493,3380,2968,908,73405,94,70119,10202,287325,69445,17071,24438,9533,11106,12431,43681,10751,29305,59564
2015,R01000,ñkäCìπ,5381733,2537089,2844644,5348768,2522980,2825788,608296,310387,297909,3190804,1561879,1628925,1558387,651286,907101,36696,18838,17858,1.31,60667,31391,29276,47584,28603,18981,56446,32734,23712,25465,11212,10.0,26.4,-4.6,144,1274.5,20268,5008776,2964,108364,18000,58900,490,5133,58100,1106,19258,252482,633,12283,135857,45414,44198,286,10691,131682,42836,18561,17,37,306,6715,5272,77760,2471,256,16946,2171,171,54,29996,4500,247779,893513,821367,55940,56428,85840,28415760,5413800,34329,10904,19539,3608,2864467,1372115,376182,1093954,1944416,984,24.3,497,3370,2983,927,74333,182,70802,10805,272124,65912,22201,26068,9253,11984,12381,35895,9302,26930,52197
2014,R01000,ñkäCìπ,5410000,2551000,2859000,5390000,2543000,2847000,621000,316000,304000,3261000,1595000,1666000,1519000,633000,885000,37058,19010,18048,1.27,60019,31333,28686,46554,27741,18813,55496,32085,23411,26021,11003,9.3,27.0,-7.4,144,1203.5,19936,5002609,3080,109365,18100,57700,542,5571,64743,1127,19335,256601,641,12318,137026,45886,44790,290,10909,134616,43567,18448,17,37,309,6681,5434,77917,2608,266,16925,2142,175,56,31388,5039,270617,958243,788728,59225,59954,88179,26526110,3705430,32225,10604,17809,3586,2762202,1347232,396378,998698,1963290,990,24.6,499,3377,2978,852,68980,473,68452,10681,285154,65450,22611,27824,9061,12007,11702,36067,9160,27168,64105
2013,R01000,ñkäCìπ,5438000,2565000,2873000,5419000,2558000,2861000,630000,321000,309000,3332000,1628000,1704000,1469000,612000,857000,38190,19558,18632,1.28,59432,30976,28456,47783,28308,19475,55937,32388,23549,26330,11285,9.2,27.1,-8.0,161,1347.0,22963,5690164,3163,111005,18100,57200,547,5511,65150,1154,19530,261370,652,12392,138959,47546,46413,292,11030,135859,43503,17923,17,36,328,6581,5400,78805,2456,328,17397,2113,179,56,32590,5038,290823,1048428,773704,65119,65291,94152,26225590,2821940,34967,13304,17502,3900,3186608,1731039,433195,1000642,2019207,1013,24.0,505,3396,3003,828,67730,532,66763,10468,279190,63975,26159,26210,9283,10375,11833,38039,8205,26697,58414
2012,R01000,ñkäCìπ,5465000,2580000,2886000,5446000,2572000,2874000,640000,326000,314000,3398000,1658000,1739000,1422000,592000,830000,38686,19750,18936,1.26,58066,30834,27232,49367,28896,20471,56112,32880,23232,26538,11594,9.3,27.2,-7.8,148,1279.0,21966,5347660,3246,112181,18400,58400,558,5418,65725,1176,19603,265023,662,12406,141516,47965,46865,297,11152,139147,45817,18265,18,35,348,6498,5622,79242,2786,395,17196,2150,180,57,32578,4822,312730,1168445,659257,66696,67022,112212,24499270,1848450,35523,12055,18901,4387,3155047,1574389,478137,1087221,2012577,1004,23.6,504,3386,3014,813,65412,1075,65350,10132,281574,63444,16668,26077,8369,11414,13248,40937,10137,29009,62271
2023,R02000,ê¬êXåß,1184000,559000,626000,1177000,556000,622000,118000,61000,58000,649000,326000,323000,417000,172000,245000,5696,2916,2780,1.23,20835,10237,10598,15226,9156,6070,20792,11694,9098,3326,1665,12.6,32.8,-3.5,170,1316.0,5043,809602,557,19152,16100,33400,85,657,3404,249,4361,52437,153,2910,28541,9779,9403,63,2631,28286,9011,4887,5,10,118,1370,885,15121,389,8,3542,341,25,10,2203,137,43713,180369,214619,12762,13473,9922,3880720,255240,4680,2638,1387,627,441477,305512,61270,73064,427952,967,12.6,72,850,481,230,15881,0,12482,2358,263371,77899,14433,30475,11208,6791,12072,34225,6713,20630,48925
2022,R02000,ê¬êXåß,1204000,568000,636000,1198000,565000,633000,123000,63000,60000,663000,333000,330000,419000,172000,246000,5985,3055,2930,1.24,20117,9754,10363,16247,9830,6417,20624,11535,9089,3656,1664,11.3,27.9,-3.9,158,1721.5,5678,898307,580,19340,15900,33400,85,672,3820,259,4444,53644,156,2945,29042,9915,9589,71,2712,29349,9804,5227,5,10,122,1371,913,15398,416,12,3543,320,26,10,2298,157,44051,182107,218576,12895,13576,3376,3440670,28190,5178,3011,1296,792,512389,358683,75935,71984,444849,991,14.0,73,859,493,472,34055,0,29676,2685,249660,73725,10541,32356,9873,7036,9411,34214,5540,20068,46897
2021,R02000,ê¬êXåß,1221000,575000,646000,1216000,573000,642000,127000,65000,62000,676000,338000,337000,419000,172000,247000,6513,3386,3127,1.31,18785,9230,9555,16169,9667,6502,20396,11459,8937,3736,1783,11.5,28.4,-4.4,152,1382.5,6280,961661,605,19645,15900,33600,86,695,4287,263,4464,54460,157,2970,29940,10184,9903,77,2847,30543,10337,5370,5,10,119,1372,950,15419,452,15,3524,284,26,10,2286,163,45601,185683,205010,13096,13708,1519,2788990,13240,5398,3496,1094,760,569661,422394,75282,68368,455539,1002,14.2,76,870,505,472,34007,0,30738,2466,245117,69503,13232,28051,10523,6520,10781,32379,5273,19092,49762
2020,R02000,ê¬êXåß,1237984,583402,654582,1224334,577003,647331,129112,65898,63214,676167,336887,339280,412943,169631,243312,6837,3493,3344,1.33,17905,8942,8963,16413,9873,6540,21145,11889,9256,4032,1915,11.6,29.5,-1.7,159,1417.0,7374,1041662,613,19765,16100,33700,87,662,4632,269,4536,55717,159,3001,30206,10067,9828,77,2953,32155,10798,5319,5,10,122,1389,1018,15400,494,11,3486,282,27,11,2215,184,48078,196848,185096,13690,14240,4580,2541590,73820,5651,3416,1230,934,579581,415369,90654,69671,457849,993,14.0,77,862,511,475,34236,0,30723,2594,251881,75325,18537,27837,10651,7340,11863,29385,3841,18924,48177
2019,R02000,ê¬êXåß,1253000,590000,663000,1247000,588000,659000,133000,68000,65000,699000,348000,351000,415000,170000,245000,7170,3682,3488,1.38,18424,9286,9138,16527,9920,6607,22874,12731,10143,4601,2009,11.4,29.8,-3.1,140,1093.0,6699,1094701,630,19987,16200,33700,88,654,4877,282,4677,56886,160,3030,31052,10757,10541,76,2993,33653,11314,5272,5,10,125,1382,1053,15344,475,10,3429,258,28,11,2227,219,50947,185486,211089,16102,17067,17318,3897630,337620,5922,3764,1372,687,626521,470898,68697,81834,469430,1003,14.3,77,877,520,480,35388,0,33675,3114,243609,66593,14278,28089,10404,7237,10276,37287,5095,20596,43755
2018,R02000,ê¬êXåß,1268000,597000,671000,1263000,595000,668000,137000,70000,67000,714000,355000,359000,412000,169000,243000,7803,3980,3823,1.43,17936,8925,9011,16744,10010,6734,23196,12764,10432,4737,2022,11.0,27.4,-5.1,172,1553.0,6994,1223042,680,20575,16300,33600,88,635,5078,287,4749,58394,162,3068,32137,11250,11030,77,3034,34902,11474,5298,5,10,130,1394,1115,15196,552,15,3349,254,28,11,2360,233,53679,191713,229705,17190,18331,16565,3697290,296240,6727,3861,2159,695,673249,485091,67622,119571,473715,1002,14.5,79,885,528,479,35300,0,33169,3033,251459,68455,17656,28448,9079,8361,11139,38005,4836,20251,45229
2017,R02000,ê¬êXåß,1282000,603000,679000,1277000,601000,676000,141000,72000,69000,731000,362000,368000,407000,166000,241000,8035,4104,3931,1.43,17575,8868,8707,17454,10449,7005,23529,12997,10532,5122,2092,10.7,28.6,-3.2,172,1388.0,6731,1143670,693,20461,16300,33600,94,695,5734,289,4753,59233,161,3148,33921,11830,11599,78,3061,35865,11717,5491,5,10,142,1356,1287,15055,651,24,3368,257,28,11,2373,286,58225,203753,227618,18233,19476,15396,3650910,242980,6454,3725,2105,561,653599,473907,53278,120944,479621,1002,15.0,78,881,534,467,34493,0,32943,3252,246650,69216,13980,27751,8785,7371,11031,30689,5877,21813,50136
2016,R02000,ê¬êXåß,1295000,609000,686000,1291000,607000,684000,145000,74000,71000,748000,370000,377000,401000,164000,238000,8626,4380,4246,1.48,17309,8777,8532,17061,10203,6858,23384,12901,10483,5135,2164,11.0,28.7,-3.0,170,1389.5,6704,1214427,704,20380,16400,33900,100,711,6013,293,4770,60644,165,3250,35505,12357,12136,80,3078,36620,12094,5385,5,10,147,1332,1429,14972,683,18,3432,271,29,11,2367,302,63536,218954,209505,19427,20773,14904,3571080,143590,6513,3670,2346,471,648888,467813,49208,128824,486063,1004,15.3,80,884,548,464,34434,0,33236,3416,236801,69202,9368,26793,9614,7771,9884,30923,5689,18255,49302
2015,R02000,ê¬êXåß,1308265,614694,693571,1302132,612113,690019,148208,75661,72547,757867,373796,384071,390940,158837,232103,8621,4400,4221,1.43,17148,8694,8454,17724,10596,7128,24284,13598,10686,5432,2267,11.5,27.9,-2.7,131,1003.5,6333,1147399,768,20684,16700,34500,107,672,6533,302,4854,62719,166,3262,36719,12452,12219,80,3093,37409,12242,5342,5,10,153,1300,1643,14736,757,25,3203,257,30,12,2495,291,70454,243951,188078,20839,22136,13298,3620530,109900,5826,3363,1824,621,595631,428742,64628,101106,503390,1026,15.0,81,889,550,465,33728,0,33174,3813,226214,61805,10343,27941,10105,6888,9631,28664,6719,17920,46196
2014,R02000,ê¬êXåß,1323000,622000,701000,1320000,620000,699000,155000,79000,76000,784000,388000,396000,383000,154000,229000,8853,4508,4345,1.42,17042,8856,8186,17792,10622,7170,24252,13594,10658,5481,2195,10.7,27.8,-4.4,158,1483.5,6086,1132021,823,21107,17100,35400,119,755,7946,310,4921,64876,168,3272,37540,12666,12431,82,3163,38266,12547,5517,5,10,151,1314,1731,14635,771,16,3283,248,31,12,2500,328,77139,267573,176531,22318,24002,13559,3782210,69670,5530,3353,1735,436,581210,438073,44096,98394,517384,1046,13.5,81,895,555,448,30765,0,33107,5167,243627,63139,9693,30606,9222,8087,12354,32782,4986,19572,53187
2013,R02000,ê¬êXåß,1337000,628000,708000,1334000,627000,706000,159000,81000,78000,804000,397000,407000,373000,150000,223000,9126,4725,4401,1.40,17112,8738,8374,18472,10989,7483,24528,13808,10720,5723,2335,10.5,29.3,-4.7,164,1664.0,6849,1218028,852,21535,17700,36700,120,823,8150,316,5072,67394,169,3310,38452,13256,12929,82,3188,38878,12594,5378,6,10,165,1300,1849,14658,805,26,3377,270,31,13,2504,427,83221,292194,170283,23237,24835,14969,3551720,57130,6454,4206,1940,285,702051,558134,29998,110925,534819,1069,13.7,85,896,556,459,31342,0,33427,5328,246445,62383,13864,29311,8995,8959,9992,32405,12268,19961,48308
2012,R02000,ê¬êXåß,1350000,635000,716000,1347000,634000,714000,164000,83000,80000,822000,406000,416000,364000,145000,219000,9168,4771,4397,1.36,17294,8953,8341,19305,11454,7851,24648,13871,10777,5846,2408,10.5,29.6,-5.1,173,1295.5,6008,1177329,890,22040,19200,38200,122,816,8602,323,5148,69759,170,3322,39374,13314,12997,85,3258,40037,13330,5518,6,10,177,1320,1910,14636,846,30,3341,276,34,14,2664,422,88269,309813,151798,23847,25368,18765,3544480,39390,5578,3363,1844,348,585937,443657,35199,104809,539977,1069,14.2,86,893,563,446,30406,0,32655,5142,251153,61839,13668,29040,10381,9811,10989,28739,8907,23000,54779
2023,R03000,ä‚éËåß,1163000,562000,602000,1154000,558000,596000,120000,62000,59000,636000,326000,310000,407000,174000,233000,5432,2766,2666,1.16,19612,9668,9944,14903,8696,6207,19690,10720,8970,3376,1488,12.5,33.6,-4.8,125,1453.0,5731,1185835,743,21140,26100,44700,64,483,3294,271,4441,52972,149,2799,29109,9891,9500,79,2821,28501,9020,4499,4,6,60,1356,663,10909,332,54,2523,389,32,7,4484,442,40955,164263,208622,13247,13976,10931,4980740,262880,6427,2723,3023,670,496289,302855,63983,128527,376721,875,16.4,76,879,542,265,19965,27,15199,3156,298536,81997,18598,29851,11727,10122,14615,45826,6748,28499,50554
2022,R03000,ä‚éËåß,1181000,570000,611000,1173000,566000,606000,125000,64000,61000,648000,332000,316000,408000,174000,235000,5788,3029,2759,1.21,19342,9388,9954,15555,9095,6460,19933,10963,8970,3508,1492,11.2,29.7,-6.4,138,1402.5,6349,1469227,774,21665,25600,44300,70,520,3902,289,4586,54373,151,2798,29625,10006,9647,79,2854,29237,9604,4564,4,6,68,1352,726,11100,354,56,2484,391,34,6,4584,279,41815,163170,217348,13343,14076,3659,4268160,22640,6649,3133,2596,868,553971,356772,83161,111087,392513,901,16.8,77,889,548,391,31489,35,27461,3347,285815,77251,18814,31653,11801,8645,13492,39732,7786,25733,50909
2021,R03000,ä‚éËåß,1196000,577000,620000,1189000,574000,615000,129000,66000,63000,659000,337000,322000,409000,173000,235000,6472,3290,3182,1.30,17631,8686,8945,16149,9399,6750,19022,10428,8594,3673,1459,11.4,29.8,-6.5,131,1268.5,6935,1204169,787,21990,25400,44600,74,540,4462,298,4699,55597,154,2833,30269,10321,10033,79,2889,29980,10017,4673,4,6,68,1364,726,11340,349,48,2546,399,34,6,4620,300,39280,158869,205434,13374,14006,1515,3660190,11470,6805,3553,2562,676,592647,413092,70832,107315,401035,908,17.1,77,888,557,393,31657,12,28580,3411,272911,73738,17181,26994,10978,8884,12014,37341,9422,22302,54058
2020,R03000,ä‚éËåß,1210534,582952,627582,1194745,575610,619135,132447,67763,64684,658816,335037,323779,404359,170879,233480,6718,3415,3303,1.32,17204,8443,8761,15663,9180,6483,19530,10685,8845,3918,1679,11.4,30.4,-3.3,131,1462.0,6480,1076202,792,21972,24900,44800,85,630,5498,304,4759,56822,155,2868,30388,10027,9791,79,2921,31229,10345,4692,5,6,70,1376,751,11489,372,60,2571,352,34,7,4663,357,40879,165320,171677,13267,14009,4533,3625960,80680,5901,3476,1844,544,547938,405977,56270,84027,405527,908,17.5,77,877,566,390,31709,58,28895,3664,270902,74023,24850,27129,10443,7879,13034,40561,6573,20179,46232
2019,R03000,ä‚éËåß,1226000,590000,636000,1218000,587000,631000,137000,70000,67000,684000,350000,334000,406000,172000,234000,6974,3582,3392,1.35,17826,8816,9010,16555,9818,6737,21223,11429,9794,4489,1754,11.3,30.5,-4.9,107,1029.5,7455,1218348,811,22164,24800,45100,92,671,6351,312,4821,57949,162,2956,30973,10610,10392,80,2988,32580,10876,4910,5,6,84,1402,782,11362,392,64,2341,355,35,7,4813,368,45373,166511,206985,16570,17530,19305,5303880,325450,7862,3797,3124,922,689789,453514,91196,143029,420164,927,17.6,76,879,576,382,31491,175,30017,3734,295396,75776,14899,27385,10945,10431,13890,44216,10722,27779,59354
2018,R03000,ä‚éËåß,1240000,597000,643000,1234000,594000,639000,140000,72000,68000,697000,356000,341000,403000,170000,234000,7615,3853,3762,1.41,17390,8657,8733,16285,9491,6794,21285,11408,9877,4439,1843,11.0,29.4,-6.9,120,1322.0,8093,1658999,817,21661,24800,44900,97,707,6902,316,4858,59253,164,3010,31732,11069,10843,80,3010,33689,11172,4878,5,6,85,1395,879,11373,459,73,2408,375,36,7,5021,416,47324,168658,233200,18590,19706,17700,5183550,245590,8496,4165,3542,704,749949,501126,71321,172101,424967,930,18.2,78,882,583,379,30264,145,28639,3731,286710,75110,11459,25872,9274,10551,12318,48015,7923,25982,60205
2017,R03000,ä‚éËåß,1254000,603000,651000,1249000,602000,647000,144000,74000,70000,711000,363000,348000,400000,168000,232000,8175,4132,4043,1.47,17232,8658,8574,16658,9512,7146,21019,11393,9626,4775,1861,10.6,29.2,-4.7,131,1409.5,8070,1485889,826,21983,24800,45300,102,748,7387,326,4911,60141,165,3051,33023,11302,11123,80,3029,34446,11162,4975,5,6,89,1400,999,11319,500,77,2413,352,36,7,5127,412,48998,175221,236325,19552,20647,16615,5041850,182810,8024,4204,3233,540,736734,510899,54540,166926,426270,922,18.4,78,874,587,370,29056,178,28301,3971,276258,71755,15542,25384,9352,10428,13667,34538,10128,25039,60424
2016,R03000,ä‚éËåß,1268000,610000,658000,1262000,608000,654000,147000,75000,72000,726000,370000,356000,395000,165000,230000,8342,4296,4046,1.45,16959,8459,8500,17113,9842,7271,20983,11375,9608,4873,1877,11.2,30.5,-3.6,124,1318.0,8138,1380149,837,21789,24700,45900,106,732,7810,334,4979,61184,167,3111,34239,11839,11630,80,3067,35110,11558,5034,5,5,97,1371,1118,11278,518,91,2408,356,36,7,5143,425,52561,189671,225437,20999,22549,15156,5180760,125330,7974,4361,3029,476,745606,538905,47244,153201,430106,921,18.1,78,898,592,368,28888,194,28156,4019,288989,71061,14922,25048,10591,10948,14803,42315,7422,26790,65088
2015,R03000,ä‚éËåß,1279594,615584,664010,1272745,613118,659627,150992,77222,73770,734886,373365,361521,386573,160565,226008,8814,4473,4341,1.49,16502,8275,8227,17636,10158,7478,21758,11818,9940,5243,1956,11.6,29.3,-3.8,119,1094.0,8288,1507568,847,21641,24500,46200,113,763,8687,342,5082,63101,171,3187,35404,12081,11889,81,3086,35313,11390,5032,5,5,97,1355,1125,11466,501,56,2457,331,36,7,5266,390,56312,202179,218857,22222,23729,15066,4949860,99360,8422,4463,3520,412,806968,564956,41485,198140,440812,933,18.5,76,904,594,361,27961,128,27807,4036,286439,70729,18443,26961,9502,11143,12291,39066,9212,25138,63955
2014,R03000,ä‚éËåß,1290000,620000,670000,1285000,618000,667000,156000,80000,76000,749000,378000,370000,380000,156000,224000,8803,4536,4267,1.44,16274,8266,8008,17845,10244,7601,21045,11568,9477,5482,1855,10.6,28.8,-5.8,133,1280.0,8188,1610262,859,21594,24300,46400,141,956,11709,347,5093,64512,172,3235,36137,12083,11937,81,3091,35879,11705,4991,5,5,100,1365,1164,11610,550,77,2467,400,34,8,5547,479,62898,225517,221324,25165,26738,16443,4769050,73220,9006,4433,3847,643,860473,562547,66024,224906,449548,945,17.4,76,902,594,350,26018,193,26681,4229,273964,68915,22237,28701,9363,11393,11924,37866,7110,23066,53390
2013,R03000,ä‚éËåß,1299000,623000,676000,1294000,621000,672000,159000,82000,77000,764000,385000,378000,372000,152000,220000,9231,4766,4465,1.46,15970,8186,7784,18529,10675,7854,20960,11335,9625,5398,2003,10.6,29.4,-7.1,133,1643.0,9370,1949583,910,21752,24500,46400,142,974,11962,362,5221,66328,178,3290,36764,12530,12348,81,3099,36252,11892,5034,5,5,105,1351,1173,11680,508,79,2482,405,33,8,5904,487,67848,247765,232325,27196,28950,16733,4685240,61330,9870,5176,3926,689,982420,674537,68998,235216,452666,945,18.5,77,923,602,348,25544,168,26214,4090,276415,65103,13991,28262,8664,9829,12342,44567,7771,25646,60240
2012,R03000,ä‚éËåß,1306000,625000,680000,1302000,624000,677000,162000,83000,79000,777000,392000,386000,364000,148000,216000,9277,4776,4501,1.44,16072,8269,7803,19306,11201,8105,21691,11892,9799,5629,1975,10.8,32.0,-7.2,111,1029.5,8691,1694783,923,21260,25300,49800,142,965,12287,372,5303,68004,189,3346,37079,12377,12238,81,3109,37533,12581,5088,5,5,100,1353,1153,11600,534,89,2347,332,33,8,5900,501,73936,275175,228714,31510,32925,20756,4927140,42790,8121,4522,2978,539,807571,587995,55565,160338,455076,943,18.7,77,918,590,354,26121,135,27256,4147,275001,67891,19574,26990,9875,10115,13264,32743,5851,24827,63872
2023,R04000,ã{èÈåß,2264000,1105000,1160000,2239000,1092000,1147000,250000,128000,122000,1352000,686000,666000,662000,290000,372000,12328,6316,6012,1.07,28640,14525,14115,42940,24393,18547,43957,24835,19122,7899,3138,15.0,33.2,-1.3,89,1046.0,9639,2072530,685,33819,48400,297600,208,2161,19248,361,7940,108637,200,4837,57116,19362,18148,96,4474,53555,16818,9353,5,14,185,5042,2620,48747,1004,17,11248,1637,67,22,16110,1981,64047,282750,404068,15877,15636,36253,9178210,514580,15661,3733,8738,3178,1141522,431537,320674,388080,758541,923,15.3,108,1724,1038,411,32499,41,28610,6304,305541,83835,21914,25288,12028,10211,16836,48168,11245,27380,48636
2022,R04000,ã{èÈåß,2280000,1112000,1168000,2256000,1100000,1156000,258000,132000,126000,1363000,691000,672000,659000,289000,371000,12852,6544,6308,1.09,28040,14013,14027,44528,25489,19039,43566,25145,18421,8431,3046,13.5,29.4,-1.4,100,1224.5,11082,2260807,704,34267,46000,275100,212,2210,21180,367,7941,111148,203,4875,58247,19751,18683,95,4492,54112,17714,9775,5,14,182,5043,2662,49397,1103,20,11389,1603,68,23,16977,1319,62696,277647,408747,15899,15820,11763,7625860,59120,17599,4337,8243,4978,1357933,509242,480928,363572,801656,972,15.0,108,1749,1054,515,44422,75,38360,6266,287781,78589,22951,25150,11163,9293,14403,41056,5625,26516,53033
2021,R04000,ã{èÈåß,2290000,1117000,1174000,2269000,1107000,1162000,264000,135000,129000,1371000,695000,677000,655000,287000,368000,13761,7023,6738,1.15,25897,12935,12962,44079,25185,18894,43962,25236,18726,8595,3228,13.7,28.7,-2.3,106,1183.0,11616,2457318,712,34258,44100,263000,222,2277,23722,374,7909,112246,205,4916,58748,19556,18625,95,4539,55329,18434,9936,5,14,179,5071,2701,49580,1068,19,11253,1554,69,22,17510,1183,62198,280039,392759,16404,16061,5053,5631070,35570,16835,4989,7224,4577,1384640,596902,461211,322714,808078,976,15.7,109,1713,1051,506,42922,222,40519,5954,284171,75689,19852,22954,12054,9406,14631,40870,10319,24985,53411
2020,R04000,ã{èÈåß,2301996,1122598,1179398,2242701,1093015,1149686,268428,137639,130789,1346845,679510,667335,638984,278918,360066,14480,7400,7080,1.20,24632,12454,12178,44078,25324,18754,44242,25266,18976,8921,3553,13.7,30.9,0.5,99,1247.0,10612,2182376,724,34835,42000,256800,232,2327,25704,381,7881,114086,207,4875,58381,19041,18224,95,4536,57157,18805,9732,5,14,174,5113,2613,49410,1070,14,10891,1552,70,22,16763,1621,64398,282120,351573,16457,16065,13445,5678790,121820,14661,4679,5819,4112,1223623,564646,402040,252303,814327,977,15.8,109,1686,1052,492,40995,340,39497,6309,264817,76291,24121,22717,9804,8369,12655,31760,6955,22245,49899
2019,R04000,ã{èÈåß,2312000,1128000,1184000,2290000,1118000,1172000,272000,139000,132000,1382000,702000,680000,652000,286000,367000,14947,7745,7202,1.23,25202,12769,12433,44379,25499,18880,47462,27296,20166,10073,3780,13.6,30.0,-0.9,97,1389.5,12033,2361249,757,34768,40300,240100,238,2357,27006,383,7913,115630,207,4851,58332,19756,18972,94,4562,58803,19203,9584,5,14,169,5012,2537,49121,997,12,10819,1510,65,23,16063,1884,67926,274059,439818,20438,20159,52670,9228850,534250,16427,5062,6975,4320,1364710,623390,432945,302252,830607,990,15.9,112,1671,1061,481,40320,583,38790,6205,276204,77920,17579,23460,10631,11222,12791,33403,10218,27726,51256
2018,R04000,ã{èÈåß,2320000,1132000,1187000,2301000,1124000,1177000,276000,142000,135000,1396000,709000,687000,643000,281000,362000,16211,8251,7960,1.30,24520,12496,12024,45658,26112,19546,47358,27194,20164,10328,3645,13.6,29.7,-2.2,106,1082.0,13391,2770189,763,34389,38600,216300,242,2369,28536,385,7937,116636,209,4909,59344,20573,19831,94,4553,59942,19472,9646,5,14,162,5004,2467,48623,1039,12,10839,1549,64,23,15628,2007,71352,281746,480487,22722,22376,51278,8647770,364110,19694,5786,9304,4577,1567782,719576,451535,394644,825806,982,16.1,113,1673,1066,468,38493,613,35646,6253,274585,72541,18572,23182,9317,10860,12592,35107,12760,26617,53037
2017,R04000,ã{èÈåß,2326000,1136000,1190000,2309000,1128000,1180000,280000,144000,137000,1412000,717000,695000,631000,275000,357000,16681,8606,8075,1.31,23973,12279,11694,46064,26544,19520,47326,27144,20182,10658,3745,12.9,29.3,-0.7,101,1320.5,14338,2968930,785,34230,37000,194900,247,2334,29769,395,7916,117402,211,4928,61189,20818,20224,95,4559,60764,19712,9715,4,14,146,4970,2362,48163,964,11,10755,1558,65,23,15648,1950,75721,298893,482818,24328,24059,48853,8669250,251610,21173,6307,9647,5109,1747441,794751,501374,444290,840570,996,16.0,114,1659,1064,429,36238,790,35765,5925,280273,71418,20481,20680,11232,9724,15059,31686,11490,27897,60606
2016,R04000,ã{èÈåß,2332000,1139000,1192000,2315000,1132000,1184000,285000,146000,139000,1429000,725000,703000,616000,267000,349000,17399,8932,8467,1.35,23523,12003,11520,47124,27464,19660,47607,27366,20241,11160,3790,13.5,29.9,-0.8,90,1209.0,16320,3108281,806,34249,35800,176400,254,2382,30646,399,7888,118204,213,4985,62855,21395,20772,95,4556,61345,19806,9749,4,14,142,4942,2384,48006,1017,9,10888,1591,64,22,15854,1637,82661,320017,457000,26665,26524,45782,8451560,175480,21295,7467,9895,3779,1864588,961700,390338,501403,836852,988,15.8,113,1662,1069,400,34154,638,33872,5567,281024,74103,18144,21904,11118,11467,14306,36451,9409,29024,55098
2015,R04000,ã{èÈåß,2333899,1140167,1193732,2291508,1119800,1171708,286003,146491,139512,1410322,711994,698328,588240,254066,334174,18023,9319,8704,1.36,23121,11859,11262,48315,28223,20092,48391,27930,20461,11334,3993,13.7,29.0,-0.3,100,1444.5,16765,3377397,815,34118,34000,162000,262,2351,30704,404,7928,119806,213,4954,63782,21544,21026,95,4595,61366,19587,9687,4,14,140,4803,2269,47879,825,3,10562,1581,65,21,16339,1631,89046,349698,442610,28932,28804,41685,8834660,161250,23921,7780,11593,4453,2108384,1000348,448341,649692,851108,1000,16.6,115,1646,1059,370,31789,926,32166,5222,267661,70741,17885,23940,8924,10797,12874,37132,9152,23203,53012
2014,R04000,ã{èÈåß,2335000,1140000,1195000,2322000,1134000,1188000,297000,152000,145000,1458000,736000,722000,573000,246000,327000,18069,9385,8684,1.30,22854,11752,11102,48951,28517,20434,46514,26987,19527,11767,3824,12.8,28.6,-2.1,107,1416.5,16441,3654612,816,33710,32800,153200,280,2516,33017,409,7957,121076,215,4930,64499,21570,21049,98,4573,61583,19825,9668,4,14,132,4791,1955,48335,697,6,11031,1565,65,22,16941,1712,94822,368142,437644,31901,31781,43425,8401590,102550,24476,7438,12356,4271,2139262,966829,428217,723776,856499,1008,16.4,115,1626,1054,347,29290,978,30519,5139,287881,71623,19657,25403,9762,12595,12309,39184,9542,27761,60045
2013,R04000,ã{èÈåß,2333000,1138000,1196000,2322000,1133000,1189000,299000,153000,146000,1476000,744000,732000,553000,236000,317000,18949,9692,9257,1.34,22214,11396,10818,51326,30207,21119,46670,26912,19758,11985,4162,12.7,30.0,-2.7,99,1111.5,18905,4259403,831,33600,31900,146600,282,2507,33272,419,7984,122447,216,4921,64862,21852,21312,100,4609,61572,19657,9496,4,14,118,4747,1514,49059,492,4,11218,1643,65,22,17619,1794,99498,394305,459911,34640,34257,47404,8486910,78400,25746,9673,12516,3499,2342211,1262743,364097,709663,865164,1018,16.8,115,1627,1052,337,28489,966,29461,5125,289429,70398,14172,24065,9760,12456,12428,42416,10057,27816,65863
2012,R04000,ã{èÈåß,2329000,1134000,1195000,2319000,1130000,1189000,301000,154000,147000,1491000,750000,740000,534000,226000,307000,18707,9527,9180,1.30,22101,11475,10626,53183,31501,21682,47114,26951,20163,12315,3957,12.6,30.8,-3.1,104,1179.5,18612,3845549,849,31429,31600,175300,290,2421,33070,438,8117,123975,220,4921,64906,21605,21092,100,4628,62424,20254,9709,4,14,90,4615,1165,49395,521,1,11053,1606,66,23,17681,1665,101808,437552,461514,37903,37778,57878,8325300,74590,21177,9575,7527,3875,2090381,1271415,393009,407284,866438,1021,16.9,115,1616,1044,332,27769,857,29200,4903,295433,69929,14779,23889,13189,14081,11215,41211,14240,30295,62605
2023,R05000,èHìcåß,914000,432000,482000,909000,430000,479000,83000,42000,41000,474000,241000,233000,357000,149000,208000,3611,1860,1751,1.10,17517,8315,9202,10002,5845,4157,13177,7123,6054,2302,1151,13.7,35.0,-2.1,169,2208.5,3838,672519,503,15366,13200,24700,32,327,1715,174,2957,36478,104,2073,20725,7096,6810,52,1970,20438,6553,3236,4,7,58,1008,537,8664,274,19,1966,362,16,3,1592,59,30175,118358,165772,10632,11011,7526,2606890,78510,3456,1925,1228,287,308814,216600,28356,62437,324537,957,13.6,48,806,404,178,16407,3,12829,2415,272086,78124,11954,29515,9969,6688,12305,41869,4316,23175,54173
2022,R05000,èHìcåß,930000,439000,491000,926000,438000,488000,86000,44000,42000,484000,246000,239000,359000,149000,210000,3992,2039,1953,1.18,17256,8244,9012,10348,6094,4254,13306,7266,6040,2447,1068,12.6,29.7,-2.4,166,1862.0,4390,721994,507,15117,13200,24400,32,336,1849,177,3040,37848,110,2156,21405,7282,7057,52,2001,21100,6991,3322,4,7,59,1007,593,8796,291,17,1981,380,16,3,1592,12,31137,118836,178752,10713,11121,2516,2375650,11680,3842,2239,1043,532,363961,258455,53274,49828,340603,991,14.1,49,817,424,268,25603,7,21624,2384,275545,73628,13191,29456,11358,8425,11692,45002,8557,24327,49909
2021,R05000,èHìcåß,945000,446000,499000,941000,444000,497000,90000,46000,44000,495000,251000,245000,360000,149000,210000,4335,2251,2084,1.22,16019,7703,8316,10541,6137,4404,13439,7226,6213,2618,1043,12.9,30.5,-3.3,175,1916.5,4975,872578,515,15227,13200,24300,33,373,2065,182,3099,38992,111,2166,21924,7500,7306,52,2026,21448,7055,3404,4,7,59,1004,577,8904,263,16,2060,416,16,3,1495,7,30999,121572,182446,10689,11053,1034,2195210,4470,4182,2613,765,785,420786,305604,73944,38186,345947,989,14.6,50,822,427,272,25787,10,21915,2610,247776,72364,10342,26395,9587,7234,11440,35886,5281,21284,47963
2020,R05000,èHìcåß,959502,452439,507063,950192,447998,502194,92673,47427,45246,500687,251922,248765,357568,147988,209580,4499,2293,2206,1.24,15379,7619,7760,10519,6065,4454,13519,7292,6227,2686,1213,12.8,30.3,-0.8,192,2022.5,4796,764375,523,15151,13200,24500,36,401,2258,191,3193,40192,112,2185,22182,7379,7180,54,2047,22266,7392,3553,4,7,60,1003,563,8884,285,9,1991,306,19,2,1467,8,32595,129447,161245,10586,10897,2823,2003950,20010,3886,2509,833,470,393992,299573,46620,43852,350545,987,14.9,50,805,426,272,25515,22,22621,2623,264922,72763,14661,25743,11547,6791,11625,38578,4394,22769,56050
2019,R05000,èHìcåß,972000,458000,514000,968000,457000,512000,95000,48000,46000,512000,257000,255000,359000,149000,211000,4696,2403,2293,1.33,15784,7629,8155,10570,6115,4455,14764,7911,6853,3161,1278,12.9,30.5,-1.8,151,1566.5,5140,775613,545,15729,13300,24800,39,392,2516,195,3248,41381,114,2225,22634,7760,7576,54,2086,23102,7814,3511,4,7,57,1023,579,8940,281,23,2006,315,19,2,1454,13,35124,127375,172966,13057,13556,13020,3074660,119320,4250,2705,1005,518,432013,329011,52063,49434,359010,994,15.2,52,802,436,277,27066,65,24532,2973,261579,69080,11716,26180,8617,8500,11282,40526,9193,23380,53105
2018,R05000,èHìcåß,985000,464000,522000,982000,463000,519000,98000,50000,48000,526000,264000,262000,357000,147000,210000,5040,2545,2495,1.33,15434,7519,7915,10569,6193,4376,15111,8053,7058,3052,1246,12.3,29.2,-4.0,168,2016.5,5358,849138,547,15734,13400,25100,40,371,2696,199,3288,42670,115,2252,23034,7856,7675,54,2109,23947,7939,3603,4,7,59,1034,633,8947,334,12,1984,327,22,4,1501,103,36771,131002,185674,14325,14967,12235,2981160,112160,4487,2779,1061,629,462056,343128,61957,55069,361443,989,15.9,53,814,444,275,25669,37,23472,2907,280058,71840,11849,26191,9798,8766,10324,48688,7820,24527,60254
2017,R05000,èHìcåß,999000,470000,529000,995000,469000,527000,101000,51000,49000,541000,271000,270000,354000,146000,209000,5396,2730,2666,1.35,15425,7513,7912,10947,6417,4530,15266,8124,7142,3311,1366,11.9,29.1,-2.0,192,1935.0,5044,761815,565,15951,13500,25500,41,381,2936,202,3373,43795,117,2273,23894,8171,8038,55,2165,24818,8313,3769,4,7,61,1035,685,8897,331,13,2021,339,24,4,1578,146,38605,138191,172879,14866,15517,11616,2854880,95130,3961,2524,1018,386,409374,313140,38686,54176,364954,984,15.5,53,804,442,271,25447,41,23234,3116,260696,69879,16429,26604,9720,8370,11972,36457,6325,22117,52823
2016,R05000,èHìcåß,1011000,475000,536000,1008000,474000,534000,104000,53000,51000,555000,278000,278000,351000,144000,207000,5666,2841,2825,1.39,15244,7418,7826,11353,6548,4805,15751,8444,7307,3510,1393,12.5,31.4,-1.7,171,1795.5,5144,822979,577,16072,13800,26100,41,384,3065,202,3391,44909,117,2291,24714,8570,8424,55,2199,25530,8524,3858,4,7,60,1048,733,8986,382,16,2061,317,24,4,1597,166,41560,149963,155278,16014,16624,11341,2833660,62360,4205,2672,1126,393,439131,333439,39275,63691,370216,984,15.7,53,809,445,272,25821,33,23810,3300,255168,65222,13734,24558,9318,7894,13740,35342,8317,21275,55768
2015,R05000,èHìcåß,1023119,480336,542783,1017149,478034,539115,106041,54137,51904,565237,281593,283644,343301,139825,203476,5861,3044,2817,1.35,14794,7376,7418,11710,6776,4934,16202,8680,7522,3613,1534,12.7,29.0,-1.3,142,1490.5,5177,855484,590,16208,14200,26900,47,387,3481,213,3473,45882,119,2319,25486,8695,8555,57,2246,26299,8695,3876,5,7,62,1046,740,8907,338,8,1916,296,25,4,1630,174,46169,165433,151469,17302,18106,9861,2724680,49810,3809,2527,946,317,403402,319350,32713,49334,380228,994,16.2,54,814,442,261,24901,37,23720,3127,249778,64037,13263,25611,9767,9027,10203,33429,4674,22757,57010
2014,R05000,èHìcåß,1037000,487000,550000,1034000,486000,548000,112000,57000,55000,587000,293000,294000,339000,137000,202000,5998,3098,2900,1.34,15096,7535,7561,11626,6635,4991,16049,8670,7379,3842,1444,12.0,28.7,-2.9,177,1737.5,5147,856050,600,16266,14700,28100,90,710,7153,224,3581,46982,123,2329,26437,9101,8949,57,2281,26926,8899,3952,5,7,61,1054,801,8771,433,23,1862,302,25,4,1685,174,49657,179447,141530,18601,19617,10693,2718710,33810,3951,2515,1108,317,426806,330503,32116,62488,386032,1000,16.2,56,822,444,246,22828,53,22501,3480,266560,63825,12323,28320,10260,9980,10832,41837,6056,24787,58340
2013,R05000,èHìcåß,1050000,493000,557000,1047000,492000,555000,115000,58000,56000,604000,301000,303000,331000,133000,199000,6177,3118,3059,1.35,14824,7414,7410,11943,6855,5088,16538,9017,7521,3865,1485,11.9,29.3,-3.4,187,2373.0,6386,1051704,611,16543,15300,29500,93,737,7375,228,3657,48249,123,2323,27154,9303,9162,58,2345,27662,9089,4039,5,7,60,1029,1018,8694,551,39,1964,282,25,5,1700,195,54699,203866,128268,19344,20299,12669,2834630,31530,4366,3193,824,316,516563,433859,33470,46626,392034,1002,16.9,57,824,447,251,23193,38,23093,3590,272864,64728,13404,27443,8693,9347,12789,36312,9688,25269,65192
2012,R05000,èHìcåß,1063000,499000,564000,1060000,498000,562000,118000,60000,58000,619000,308000,311000,326000,130000,196000,6543,3281,3262,1.37,14856,7485,7371,12503,7172,5331,16077,8858,7219,4020,1495,12.1,31.3,-3.8,173,1742.5,5572,886537,615,16741,16100,31600,93,761,7790,237,3727,49468,125,2370,28084,9583,9432,59,2382,28724,9776,4200,5,6,90,994,1154,8527,544,46,1847,230,25,5,1700,149,59610,228030,121981,19433,20602,16378,2837750,23930,3761,2673,709,319,431333,357709,33033,36585,395654,999,17.7,58,821,449,250,22820,22,23317,3681,295071,67455,23413,26104,11049,11431,12057,33427,9519,29347,71269
2023,R06000,éRå`åß,1026000,498000,528000,1018000,494000,523000,109000,56000,53000,556000,284000,272000,361000,158000,203000,5151,2640,2511,1.22,16975,7994,8981,11436,6618,4818,15626,8475,7151,2971,1223,13.7,35.0,-3.2,129,1176.5,5060,708276,747,19159,20000,40800,55,682,4352,223,3790,46867,94,2183,25805,8768,8467,60,2390,26060,8236,4197,3,7,67,1063,892,11642,440,123,2628,567,20,3,1986,53,33805,130705,190131,10740,11160,12281,3833000,137670,4510,2336,1365,783,419149,279272,74513,63292,326157,868,13.4,52,881,453,221,19908,0,16020,3165,322992,84105,20613,31954,12696,8238,15170,60454,7267,26661,55835
2022,R06000,éRå`åß,1041000,505000,536000,1033000,502000,532000,113000,58000,55000,566000,289000,277000,362000,158000,204000,5674,2936,2738,1.32,16883,8164,8719,11780,6848,4932,15540,8436,7104,3184,1197,12.6,31.0,-3.9,143,1177.5,5694,884049,757,19570,19900,40500,59,723,4805,230,3811,48241,94,2198,26362,9025,8768,60,2409,26679,8767,4280,3,6,68,1035,914,11728,446,87,2709,538,20,4,2058,62,33345,126916,210818,10990,11259,3367,3389590,21860,4559,2474,1296,737,435778,298476,75116,58925,345727,909,13.6,53,903,468,302,27425,0,24018,3224,276567,77493,16140,33197,10147,8183,12474,40699,7734,22348,48153
2021,R06000,éRå`åß,1055000,511000,544000,1048000,508000,540000,117000,60000,57000,576000,294000,282000,362000,157000,205000,5898,3004,2894,1.32,15753,7533,8220,12023,6931,5092,15134,8196,6938,3386,1240,12.7,31.1,-4.2,141,1037.5,6074,966811,774,20002,19800,40400,63,730,5381,234,3872,49164,94,2241,26969,9164,8953,61,2414,27233,8998,4448,3,6,75,1036,991,11801,521,87,2728,548,22,4,2041,84,33940,133652,193614,11269,11495,1417,2696320,8680,5184,2867,1541,755,508415,358622,78295,70209,348221,904,13.7,53,913,473,299,26971,0,23969,3186,321411,79328,20501,29475,11286,8672,12763,67131,10068,24341,57846
2020,R06000,éRå`åß,1068027,516438,551589,1056617,511742,544875,120086,61591,58495,578819,293692,285127,359554,155388,204166,6217,3224,2993,1.37,15348,7381,7967,11944,6851,5093,15171,8252,6919,3530,1362,13.0,32.7,-1.3,127,1284.5,6014,995407,790,20024,19700,40700,69,746,5840,244,3921,50885,97,2311,27473,9068,8887,61,2462,28281,9381,4355,3,6,84,1043,1143,11723,590,110,2590,495,22,5,1981,73,35660,144654,162062,11082,11405,4584,2741910,65990,4910,2862,1273,767,499177,360218,78179,59605,351454,901,13.3,53,910,476,293,27124,0,24954,3467,293536,77254,16066,29590,12130,8525,12431,47277,8545,22462,59256
2019,R06000,éRå`åß,1080000,522000,558000,1073000,519000,553000,123000,63000,60000,594000,302000,293000,360000,155000,205000,6401,3284,3117,1.40,15719,7602,8117,12196,7030,5166,16739,8942,7797,4014,1433,12.8,32.0,-2.9,131,1261.5,6324,1004369,807,20253,19600,40800,72,761,6489,249,3957,52034,99,2332,27938,9577,9445,61,2507,29251,9791,4515,3,6,86,1062,1161,11767,537,74,2691,488,22,5,1964,119,39466,141315,203011,14447,14933,19616,4351550,184760,5697,2804,1894,974,552052,357444,101936,90092,364842,922,14.4,54,919,483,288,26343,45,25425,4067,306269,77343,16543,30221,11306,9940,12455,53295,12377,25959,56830
2018,R06000,éRå`åß,1092000,527000,565000,1085000,525000,561000,127000,65000,62000,605000,307000,299000,358000,154000,204000,6973,3579,3394,1.48,15320,7490,7830,12455,7087,5368,16337,8622,7715,4039,1487,12.6,32.8,-4.7,137,1124.0,6821,1155256,816,20135,19500,40400,74,733,6782,252,4015,53308,101,2338,28417,9766,9633,61,2536,30160,9849,4389,3,6,87,1069,1135,11609,557,93,2537,519,23,5,2057,127,40442,140984,219206,15794,16202,19066,4166800,128020,6207,3211,2114,868,610989,418601,92536,98036,365370,915,14.3,54,919,484,286,25864,46,24974,3343,305472,73583,14841,29005,10129,10454,14541,48045,11047,24901,68926
2017,R06000,éRå`åß,1103000,531000,571000,1097000,530000,567000,130000,66000,63000,617000,312000,305000,355000,152000,203000,7259,3729,3530,1.45,15332,7439,7893,12535,7221,5314,16399,8689,7710,4311,1455,11.9,30.7,-2.5,149,1341.5,6436,1117811,834,19955,19400,40500,75,734,7249,258,4049,54043,101,2387,29572,10211,10084,62,2564,30648,9943,4499,3,6,86,1074,1183,11533,592,94,2567,491,23,5,2043,140,42401,145294,208872,16592,17046,17804,4165860,98040,5968,3005,2152,762,573463,389380,81734,98801,371222,920,14.7,55,926,485,267,24374,67,23918,3279,308816,77619,16797,29177,9930,10424,12249,51414,9057,25719,66429
2016,R06000,éRå`åß,1114000,536000,578000,1108000,534000,574000,133000,68000,65000,629000,318000,311000,351000,150000,202000,7547,3886,3661,1.47,15181,7403,7778,12921,7241,5680,16560,8932,7628,4285,1522,12.7,31.4,-2.1,129,1243.5,6333,1184170,835,19955,19300,40800,81,797,8229,262,4085,55152,101,2414,30544,10558,10453,62,2559,30861,10073,4564,3,6,87,1087,1229,11425,610,127,2546,540,21,5,1839,144,44668,156827,189136,17128,17664,17488,4102340,70400,5517,3035,1808,644,577188,406406,69332,95424,375379,921,15.4,55,934,486,261,23292,0,22850,3268,333408,76545,17557,27016,11725,11708,14860,54222,10730,27049,81996
2015,R06000,éRå`åß,1123891,540226,583665,1116752,538070,578682,135760,69353,66407,639336,322538,316798,344353,145655,198698,7831,3968,3863,1.48,14960,7437,7523,13199,7536,5663,17342,9275,8067,4523,1507,12.7,31.0,-3.1,131,1027.0,6167,1048923,853,20225,19200,40700,88,855,8885,269,4170,56574,104,2496,31529,10616,10498,62,2581,31225,10204,4576,3,6,85,1106,1240,11287,596,122,2512,474,22,5,1877,150,47855,168639,178242,18168,18802,15962,4342240,57240,5414,2991,1787,621,572075,405210,67809,96951,382912,927,15.8,55,936,483,248,22350,0,22296,3266,308953,72514,17739,29919,8745,10060,14602,45015,12286,27205,70869
2014,R06000,éRå`åß,1134000,545000,589000,1129000,543000,585000,139000,71000,68000,653000,330000,323000,338000,142000,197000,7966,4049,3917,1.47,15032,7351,7681,13316,7603,5713,16889,9070,7819,4699,1670,11.8,30.2,-3.7,146,1336.5,5547,1028688,884,20591,19300,41100,107,987,10800,276,4220,57993,106,2510,31949,10684,10546,62,2625,31945,10632,4793,3,6,90,1099,1272,11296,643,112,2577,517,22,5,1928,135,49421,178874,192962,19039,19527,17174,4427320,37840,4641,2636,1491,488,497735,359490,53850,81565,384879,925,15.8,55,932,486,234,20929,0,21239,3367,308555,71496,17486,31070,9835,11368,13229,49012,10208,25480,69371
2013,R06000,éRå`åß,1144000,549000,595000,1138000,548000,590000,142000,73000,69000,668000,337000,331000,332000,138000,194000,8159,4148,4011,1.47,15029,7489,7540,13498,7612,5886,17579,9502,8077,4741,1675,11.9,31.2,-4.6,143,1347.0,7127,1366212,901,20726,19500,41800,109,1023,11285,292,4330,59595,112,2526,32214,10850,10730,63,2639,32480,10553,4715,3,5,99,1093,1284,11318,588,122,2551,538,22,6,1941,226,54902,207816,184035,19757,20368,18776,4345250,29070,5879,3765,1610,427,680323,536294,46578,91096,387237,921,16.2,55,934,487,227,20356,77,20722,3185,314882,70186,17981,29765,10931,11158,13537,48140,13574,29488,70122
2012,R06000,éRå`åß,1153000,554000,600000,1148000,552000,596000,145000,74000,71000,681000,344000,337000,326000,134000,191000,8212,4206,4006,1.44,14752,7416,7336,14444,8143,6301,17144,9239,7905,4881,1687,11.8,33.6,-5.6,129,991.5,6167,1035480,927,20975,20400,45500,109,1017,11777,309,4442,61132,114,2537,32587,10977,10849,64,2660,33511,11176,4954,3,5,97,1090,1332,11273,692,131,2449,528,22,6,1939,234,58436,221110,162719,20587,21170,21430,4166440,23390,4884,3189,1300,304,559966,447411,34990,71671,386775,912,16.7,55,933,482,238,21136,158,21711,3356,299735,66691,17864,28346,9310,10318,10846,51184,11389,24173,69615
2023,R07000,ïüìáåß,1767000,873000,894000,1751000,865000,885000,190000,97000,93000,990000,516000,474000,586000,259000,327000,9019,4663,4356,1.21,27514,13627,13887,21554,12671,8883,28480,16107,12373,5599,2563,15.2,35.0,-1.4,90,990.5,8253,1389261,1422,41397,23700,46600,207,1621,13499,390,6510,83340,212,4056,44224,15083,13899,97,3806,42668,13861,7059,5,8,126,1617,1397,14575,711,51,3060,317,49,10,5721,304,55241,224466,322818,15382,16197,21327,7508940,179180,8215,3943,2442,1817,763660,450693,189170,121868,642817,968,13.2,99,1372,814,280,24790,13,22234,4050,307186,78984,22159,28157,12777,8600,13194,49131,10115,28081,55987
2022,R07000,ïüìáåß,1790000,884000,906000,1776000,878000,898000,197000,100000,96000,1007000,525000,482000,586000,258000,328000,9709,5013,4696,1.27,27394,13490,13904,22123,13244,8879,28775,16239,12536,6088,2561,13.9,30.8,-2.3,102,1033.0,9181,1601281,1438,41820,23500,45900,218,1728,14936,397,6604,84671,214,4090,45065,15383,14256,102,3859,43903,14494,7253,5,8,130,1594,1461,14504,697,52,3012,330,52,11,5888,336,55252,225776,340717,16018,16707,6825,6447500,30950,8774,4536,2364,1807,847026,531745,193117,118167,684886,1021,12.8,101,1390,834,391,36178,23,33563,4766,295278,79952,20888,29229,11492,8596,13139,44735,10848,25929,50470
2021,R07000,ïüìáåß,1812000,894000,918000,1799000,888000,911000,202000,103000,99000,1025000,534000,492000,585000,257000,328000,10649,5391,5258,1.36,25559,12690,12869,23067,13855,9212,28738,16176,12562,6346,2702,14.0,30.4,-2.1,114,1202.0,10359,1676035,1477,42883,23400,45600,228,1818,17008,412,6697,85322,222,4167,46148,15633,14679,108,3938,45647,15242,7426,5,8,127,1576,1502,14385,741,64,3051,357,53,12,5917,393,55264,226492,318529,16712,17412,2864,5536090,20390,10028,5258,2497,2111,975458,626287,220674,121249,692880,1029,13.3,101,1372,840,389,34439,62,31872,4346,292743,76397,19928,25980,11807,7296,11216,54966,9526,21623,54005
2020,R07000,ïüìáåß,1833152,903864,929288,1797450,886499,910951,206152,105368,100784,1020241,527344,492897,572825,250414,322411,11215,5737,5478,1.39,24515,12228,12287,23250,14060,9190,29528,16831,12697,6674,2969,14.1,33.6,0.3,108,1224.5,9702,1680057,1500,42859,23300,45700,233,1850,17964,428,6761,86804,227,4244,47108,15825,14932,110,3986,47571,15802,7530,5,8,134,1544,1588,14288,787,51,3122,269,53,12,5926,465,55966,228091,290775,16507,16935,8278,6191770,51180,9350,4915,2573,1780,906196,595378,187200,117346,710449,1033,13.2,102,1325,846,384,33797,141,31614,4624,268003,72590,17053,25553,12020,7490,12341,41888,4019,21190,53859
2019,R07000,ïüìáåß,1852000,914000,938000,1838000,908000,930000,211000,108000,103000,1053000,549000,504000,582000,257000,325000,11552,5793,5759,1.47,25004,12471,12533,23344,14116,9228,30269,17025,13244,7510,2985,14.0,32.2,-1.5,109,1462.5,11095,1996925,1521,42549,23700,45900,242,1874,19282,440,6814,87730,230,4304,48183,16533,15696,110,4049,49425,16479,7540,5,8,140,1530,1707,14215,825,44,2930,195,54,12,5999,427,62289,226404,339694,20678,21433,34314,8831070,178810,11294,5369,3451,2428,1082112,664940,257137,155885,720595,1035,12.7,103,1346,853,375,32569,274,32198,4551,275991,72397,11712,24701,10266,9849,11340,41880,8375,25873,59599
2018,R07000,ïüìáåß,1869000,922000,946000,1856000,917000,939000,216000,111000,105000,1072000,559000,513000,576000,253000,323000,12495,6331,6164,1.53,24747,12322,12425,23300,13972,9328,31141,17600,13541,7685,3084,14.2,33.4,-2.4,101,828.0,11822,2130439,1543,41888,23600,45600,264,1924,19888,448,6866,90011,230,4368,49650,17241,16504,111,4130,50924,16850,7715,5,8,142,1503,1753,14178,840,43,2977,248,54,12,6133,501,65092,232601,360611,23008,23937,34447,8263280,141350,12213,5740,4250,2080,1143702,717664,216892,201946,721322,1029,12.9,105,1351,859,356,31544,371,29860,4320,284659,70066,18125,25182,10962,10464,11590,41087,12941,25413,58830
2017,R07000,ïüìáåß,1886000,931000,954000,1875000,927000,948000,220000,113000,107000,1093000,569000,523000,569000,249000,320000,13219,6761,6458,1.57,24778,12555,12223,23962,14353,9609,32357,18695,13662,8075,3202,13.4,31.4,-1.3,111,1202.5,12351,2225347,1581,40002,23400,44900,276,1972,20357,454,6964,91886,230,4444,51460,17622,16865,111,4202,52148,16967,7861,5,8,149,1456,1761,14125,822,42,2893,234,53,12,6238,572,69578,249558,361302,24872,25913,33870,7912370,96290,14340,6136,5983,1938,1296738,782019,199528,304947,737242,1042,13.3,105,1355,860,326,28590,616,27659,4029,310692,75332,19500,25415,11557,11852,12566,44736,9421,28366,71946
2016,R07000,ïüìáåß,1903000,940000,962000,1893000,937000,956000,225000,115000,110000,1115000,581000,534000,560000,244000,316000,13745,6995,6750,1.59,24166,12032,12134,25505,15854,9651,31344,17925,13419,8682,3278,14.2,31.6,-0.6,95,1172.0,14168,2656560,1623,39813,23000,44400,293,2039,20755,461,7049,93675,232,4530,53377,18482,17701,112,4270,53279,17607,8036,5,8,151,1417,1711,14053,786,39,2935,277,55,12,6188,517,72697,255862,349702,25967,26654,34402,8148460,71270,17757,7013,8383,2147,1586049,916070,217942,437816,742598,1039,13.6,105,1370,863,310,26692,462,26185,3889,294313,72298,14612,24476,10391,10612,11772,46317,8553,27350,67933
2015,R07000,ïüìáåß,1914039,945660,968379,1898880,939391,959489,228887,117321,111566,1120189,579554,540635,542384,233988,308396,14195,7120,7075,1.58,24205,12155,12050,28209,17778,10431,30604,17241,13363,8888,3239,14.2,31.4,-0.6,106,1284.0,14223,2722016,1642,38353,22500,43900,312,2072,21724,467,7116,95952,233,4606,54857,18824,18098,112,4285,53874,17387,7948,5,8,156,1411,1686,13862,794,45,2666,233,55,12,6151,594,73136,258748,358956,27331,27889,31074,8482390,48090,16609,7247,7412,1762,1572712,968485,177708,417611,760627,1057,13.9,104,1374,856,310,26984,401,26515,4291,321185,73740,15050,27340,12244,12387,12667,50337,6417,28098,82905
2014,R07000,ïüìáåß,1927000,948000,979000,1919000,946000,974000,241000,124000,117000,1157000,593000,564000,537000,227000,310000,14518,7437,7081,1.58,23496,11929,11567,27056,17097,9959,29267,16209,13058,8711,3165,13.3,30.5,-2.3,115,1365.5,13317,2628855,1659,38376,21600,43500,342,2346,25167,477,7201,98037,238,4693,56140,18929,18115,111,4365,54952,17847,7897,5,8,155,1352,1723,14038,799,80,3076,234,55,12,6212,626,75848,264472,365510,29633,30047,32793,8286950,37150,14221,7199,5713,1220,1412714,954917,129155,319509,769848,1081,13.9,105,1366,860,301,25112,180,25325,4382,288589,66774,15916,28682,10353,9692,9722,43689,10996,24172,68593
2013,R07000,ïüìáåß,1940000,951000,989000,1933000,948000,984000,246000,126000,120000,1176000,602000,575000,524000,220000,304000,14546,7526,7020,1.53,23611,12206,11405,25768,15710,10058,30968,16991,13977,9069,3246,13.4,32.2,-2.5,97,1202.0,14203,2866242,1704,38822,20500,43200,344,2293,25257,483,7302,100579,241,4707,57446,19782,19002,112,4419,55473,18103,8011,5,8,164,1268,1799,14363,858,93,3161,235,55,12,6366,619,81215,294283,342049,31730,32260,35038,7896370,31300,15954,8269,6752,893,1576064,1086045,94976,390332,777051,1084,13.8,105,1389,869,304,25301,97,25136,4296,274195,63729,14892,25988,10043,10707,9711,45206,6737,23297,63885
2012,R07000,ïüìáåß,1957000,956000,1001000,1950000,954000,996000,252000,129000,123000,1198000,612000,586000,511000,213000,298000,13770,7075,6695,1.41,23418,12079,11339,23346,14201,9145,37189,19915,17274,9285,3210,13.2,34.2,-3.1,109,1070.5,12059,2197869,1771,38934,20800,45600,351,2241,25283,491,7346,103324,245,4708,58026,19427,18722,112,4505,57343,19067,8255,5,8,163,1221,2059,14717,1040,95,3317,268,56,12,6395,630,87048,333749,318018,33129,33763,42709,7453330,28840,12421,6917,4529,786,1215053,896225,82186,231669,790574,1094,13.7,107,1397,876,301,25088,55,24688,4200,288946,65614,16452,26318,9408,10841,10174,48236,8340,25676,67889
2023,R08000,àÔèÈåß,2825000,1412000,1412000,2744000,1369000,1375000,312000,160000,152000,1647000,863000,785000,865000,389000,475000,14898,7637,7261,1.22,37603,19716,17887,46596,27347,19249,47776,27231,20545,9338,4078,16.1,33.2,-1.6,89,1507.5,13976,2908502,876,28377,33700,69200,196,1816,16261,449,9607,130570,224,5789,70048,23592,22024,119,5422,68813,21932,12584,3,11,46,3111,556,27310,293,2,6792,1936,67,11,9166,602,58648,265036,374424,12335,13214,58927,6628220,207150,15771,7232,5199,3304,1425178,816997,337080,266803,966952,921,20.0,152,1760,1345,461,46720,5,40139,6663,307817,75270,18701,24822,12645,9700,13383,49990,6835,28065,68404
2022,R08000,àÔèÈåß,2840000,1418000,1422000,2767000,1380000,1387000,321000,164000,156000,1655000,864000,791000,864000,389000,474000,15905,8087,7818,1.27,37256,19590,17666,47981,28018,19963,46817,26622,20195,10163,3900,14.8,31.1,-2.3,96,1202.5,16100,3274287,893,28957,32700,66300,206,1859,17867,451,9549,132729,224,5851,71211,24113,22607,117,5470,70422,23287,13011,3,11,50,3127,641,27613,317,4,6325,1625,66,12,9447,648,59251,265620,394288,13131,13895,20145,4689760,49540,17498,8145,5015,4252,1624923,934020,435372,246622,996609,948,21.0,153,1775,1364,629,64187,8,56911,6817,298053,71578,18805,26777,10681,9896,14705,54492,9330,25789,55999
2021,R08000,àÔèÈåß,2852000,1423000,1428000,2785000,1389000,1396000,328000,168000,160000,1664000,867000,797000,860000,388000,472000,16502,8512,7990,1.30,33814,17752,16062,47382,27801,19581,46501,26446,20055,10021,4059,15.0,30.7,-1.9,97,1661.0,17373,4164385,925,29155,32400,65400,224,1913,19989,466,9565,135782,226,5860,72465,24552,23250,119,5593,71842,23813,13052,3,10,52,3163,717,30147,353,3,6197,1578,63,12,9344,618,61051,277649,375846,13800,14443,8190,3636180,17640,19387,9338,5000,4958,1833472,1089929,495955,241736,1005806,953,20.7,152,1780,1378,627,61204,13,56249,6248,275819,68152,21826,21078,11022,8025,12790,48156,7144,23100,54524
2020,R08000,àÔèÈåß,2867009,1430976,1436033,2763432,1378266,1385166,333741,171136,162605,1638165,850907,787258,839907,379302,460605,17389,8820,8569,1.34,32931,17438,15493,45720,27025,18695,47468,26851,20617,10622,4403,15.0,32.2,0.2,122,1422.0,15465,2899973,925,28323,32400,65100,239,1965,21382,476,9664,139002,228,5884,72868,24009,22907,121,5644,74121,24359,12814,3,10,52,3207,760,30258,370,4,6568,1536,64,12,9256,593,62973,277076,326697,13691,14353,21805,3507280,36400,16380,8636,4149,3485,1601035,1017099,368907,208198,1026729,969,20.7,153,1743,1375,613,61249,193,57353,6146,274520,71373,15978,22431,10629,8724,11404,44158,6529,23652,59643
2019,R08000,àÔèÈåß,2879000,1437000,1442000,2818000,1406000,1412000,342000,175000,166000,1676000,871000,804000,843000,380000,463000,18004,9239,8765,1.39,33440,17473,15967,44371,25895,18476,48876,27605,21271,12270,4664,14.9,31.5,-2.5,102,1391.0,16916,3336726,941,28652,32500,65300,258,2040,22983,480,9650,141811,224,5881,73968,25321,24352,122,5717,75540,24636,12645,3,10,50,3172,765,29715,368,1,6578,1502,63,12,9504,654,65175,258913,384397,16961,17932,78271,5004660,204110,17765,9149,5093,3469,1725714,1086574,378113,257092,1051103,985,20.8,153,1749,1403,606,62031,345,57940,6677,286734,71054,13394,22506,10649,9531,15243,45498,13836,28948,56074
2018,R08000,àÔèÈåß,2892000,1443000,1449000,2836000,1415000,1421000,349000,179000,170000,1696000,881000,815000,833000,376000,457000,19368,9879,9489,1.44,32927,17344,15583,44850,26014,18836,49610,27720,21890,12332,4751,15.3,31.9,-2.4,106,1282.5,17847,3251601,953,27395,32600,64400,268,2081,24348,488,9699,144247,225,5899,75330,25998,25035,121,5744,77044,25182,12701,3,10,50,3186,812,30407,422,3,6660,1461,63,12,9432,662,69472,267375,404134,19556,20729,77385,4826890,204650,19858,9709,6510,3562,1885899,1165276,381542,333943,1060364,990,21.3,153,1738,1400,591,60330,386,57231,6454,290619,71288,12697,22151,10325,10720,13280,42876,7685,28418,71180
2017,R08000,àÔèÈåß,2902000,1448000,1454000,2852000,1422000,1429000,355000,182000,173000,1719000,892000,827000,819000,369000,450000,20431,10572,9859,1.48,32261,17021,15240,45737,26720,19017,48749,27357,21392,12791,4694,14.2,30.8,-1.8,97,1126.5,17478,4023134,973,26288,32400,64300,277,2097,25469,505,9993,148267,231,6102,78906,26870,25985,120,5754,78372,25648,12940,3,9,53,3181,893,30223,433,2,6694,1505,63,11,9573,623,72520,285133,393717,20996,22483,73160,4772200,162130,20894,9257,7802,3714,1918897,1115284,396462,398599,1061143,985,22.8,156,1728,1400,554,54895,516,52726,6022,310831,71154,17348,21904,10777,13276,10689,49895,11701,28793,75292
2016,R08000,àÔèÈåß,2910000,1451000,1459000,2864000,1428000,1436000,361000,185000,176000,1743000,902000,840000,801000,360000,441000,20878,10710,10168,1.47,31414,16337,15077,45166,26248,18918,48875,27485,21390,13201,4817,14.8,30.5,-1.0,98,1426.0,18263,3654292,996,26295,32500,64600,283,2122,26657,509,9977,150439,234,6141,80811,27565,26635,120,5734,78884,25284,12764,3,9,53,3194,900,30146,437,1,6763,1485,66,12,10318,660,79718,313031,351397,22716,24339,70525,4444670,196960,22805,9606,9517,3468,2013967,1171748,367877,465876,1061291,983,22.3,158,1713,1402,531,52351,382,50754,6056,299070,67893,17267,21951,10582,11543,10669,51061,9868,27524,70712
2015,R08000,àÔèÈåß,2916976,1453594,1463382,2862997,1428192,1434805,364351,186926,177425,1747312,900635,846677,771678,346608,425070,21700,11074,10626,1.48,31025,16189,14836,45430,26405,19025,50256,28285,21971,13499,5191,14.8,29.5,-1.1,103,1226.5,17963,3595420,1028,26200,32800,65100,292,2149,28413,529,10158,153843,235,6187,82599,27912,27128,120,5714,79077,25475,12867,3,9,53,3230,881,29977,411,0,6687,1512,65,12,10240,742,86308,332931,335282,24431,25886,62948,4304600,155890,22528,9557,9136,3310,1993248,1167224,355830,449365,1092072,1005,22.8,159,1723,1396,531,51841,373,50330,6022,300625,68217,16661,22327,9777,12706,12361,50545,11912,30999,65119
2014,R08000,àÔèÈåß,2927000,1458000,1469000,2887000,1439000,1448000,376000,193000,183000,1789000,924000,865000,754000,338000,416000,21932,11229,10703,1.43,30353,15908,14445,44018,25309,18709,48867,27562,21305,13800,4955,14.2,30.3,-2.6,99,1471.0,17362,3636781,1072,26868,32800,65900,363,2713,37426,538,10158,156106,238,6192,83909,28354,27500,121,5710,79089,25563,12679,3,9,51,3134,890,30017,440,3,6890,1480,66,13,9370,751,91142,353158,331880,25840,27203,63639,4339630,90580,21946,9400,8348,4162,2028900,1164996,431744,426885,1092019,1006,22.8,161,1722,1400,497,45979,227,48009,6763,286262,66020,15212,24097,9925,10602,11791,46610,13170,26698,62136
2013,R08000,àÔèÈåß,2937000,1464000,1474000,2899000,1446000,1453000,382000,196000,186000,1821000,940000,881000,728000,325000,403000,22358,11551,10807,1.42,30368,15909,14459,44721,25691,19030,49859,28067,21792,14325,5047,14.3,31.3,-2.5,103,1338.0,20642,4140821,1173,27959,31400,65400,366,2780,38441,548,10282,158893,240,6281,84604,28366,27391,120,5685,78960,24897,12380,3,9,51,3050,903,30324,429,0,6875,1481,66,15,8703,1035,96152,393688,299391,26938,28682,65964,3875960,85290,24367,12200,8932,3080,2325228,1527206,319283,463973,1094551,1005,22.0,162,1726,1401,483,44586,215,47657,6565,290219,64636,18444,23360,10409,13071,13121,41527,10377,30593,64682
2012,R08000,àÔèÈåß,2947000,1469000,1478000,2910000,1452000,1459000,388000,199000,189000,1855000,957000,898000,701000,312000,389000,22896,11590,11306,1.41,30009,15690,14319,45714,26506,19208,49780,27860,21920,14477,5261,13.9,31.8,-3.0,109,1485.5,18814,4058393,1246,28412,33500,58100,368,2783,39388,555,10316,161554,243,6295,85469,28749,27799,123,5764,79826,26175,12894,4,9,52,3061,944,30328,469,4,6738,1503,65,18,8157,1047,101617,409365,295510,27904,29357,81234,3781430,79790,22230,11445,8593,2145,2118725,1442307,227854,444851,1094671,1002,21.3,162,1714,1399,471,43348,320,46283,6488,307887,67317,21059,23201,9874,12624,12678,56046,13395,29424,62269
2023,R09000,ì»ñÿåß,1897000,948000,950000,1848000,922000,925000,210000,108000,102000,1114000,582000,532000,573000,258000,316000,9958,5184,4774,1.19,25049,12952,12097,29890,17406,12484,32447,18444,14003,6594,2732,16.0,34.1,-2.1,101,1536.5,9120,1699313,1386,36688,33900,67700,74,1062,7783,336,6761,90969,156,3959,49295,16735,15245,76,3416,47409,15427,8782,6,9,134,4287,1306,20604,675,72,4452,472,54,17,7947,577,47859,246437,294077,11116,11965,34410,9094410,294150,9506,4971,2296,2168,917862,563657,228396,120355,607181,865,15.0,89,1482,944,312,33292,0,27628,5320,325226,87797,17432,24654,12899,10757,14749,54904,11594,32045,58395
2022,R09000,ì»ñÿåß,1909000,952000,956000,1865000,930000,934000,217000,112000,105000,1121000,584000,537000,572000,257000,315000,10518,5358,5160,1.24,24992,12784,12208,31159,17983,13176,32780,18455,14325,7154,2658,14.9,31.6,-2.9,98,1303.5,10267,1919446,1398,36821,33800,67500,74,1078,8433,345,6831,93088,161,4032,50467,17173,15856,75,3497,48458,15803,8971,6,9,145,4260,1455,20474,716,103,4477,515,55,17,8374,639,48481,247464,303871,11567,12258,12328,7592990,44030,10712,5536,2596,2526,1050564,636645,268991,139079,630025,893,15.4,91,1480,959,439,45017,14,39031,5380,297278,80971,20869,25845,11631,9401,15563,41861,14844,24831,51463
2021,R09000,ì»ñÿåß,1921000,958000,963000,1880000,938000,942000,223000,115000,108000,1130000,588000,542000,569000,255000,313000,11475,5951,5524,1.31,22712,11774,10938,30533,17530,13003,31249,17692,13557,7127,2799,14.9,30.7,-2.2,105,1740.0,11087,1932593,1392,36298,32300,65700,78,1183,9952,351,6921,95315,163,4086,51170,17121,16044,75,3514,49674,16409,8958,6,9,151,4219,1559,20496,779,125,4499,480,56,17,8629,798,50497,255182,285044,12207,12778,4949,5672830,17870,11433,6210,2224,2928,1170637,735155,307183,124232,648103,913,15.7,89,1480,957,438,44796,0,40943,5497,281101,74561,17590,20830,11536,8652,12574,43714,9153,24143,58347
2020,R09000,ì»ñÿåß,1933146,964930,968216,1869256,932688,936568,227553,117231,110322,1115611,578850,536761,554381,248634,305747,11808,6152,5656,1.32,21702,11154,10548,30080,17459,12621,31838,17955,13883,7396,3037,15.0,33.6,0.2,105,1353.5,10374,1911042,1412,36359,32400,65900,82,1193,11134,350,6930,96704,163,4095,51558,17225,16291,75,3584,50745,16721,9037,6,9,151,4190,1700,20388,563,119,4274,418,57,18,8572,586,53035,251197,249969,12395,13039,12924,5467450,43960,10651,5865,2560,2191,1084274,701507,239391,139699,661148,925,15.9,87,1458,962,436,44731,34,40394,5488,279214,75567,15581,22034,13154,8642,14546,38242,9706,24730,57012
2019,R09000,ì»ñÿåß,1943000,970000,974000,1905000,950000,954000,235000,121000,114000,1146000,595000,550000,554000,248000,306000,12608,6535,6073,1.39,22138,11236,10902,30136,17483,12653,33654,18654,15000,8572,3181,14.9,32.4,-2.8,120,1867.5,11383,2114148,1413,35790,32600,66400,87,1266,12597,360,7028,99301,164,4115,52085,17560,16652,75,3642,52182,17259,8953,6,9,150,4108,1739,20033,831,103,4160,400,57,20,8420,824,54885,228063,303391,14800,15734,49042,8204450,265330,12251,6440,2902,2851,1238347,776242,304545,152576,660826,917,16.1,88,1460,984,434,41140,52,38509,5079,297811,76015,15809,23405,10286,8982,14028,55910,10706,26235,56435
2018,R09000,ì»ñÿåß,1953000,974000,979000,1918000,956000,961000,240000,123000,117000,1160000,602000,558000,546000,244000,302000,13495,7010,6485,1.44,21885,11219,10666,30241,17722,12519,33138,18449,14689,8182,3092,15.2,32.8,-2.8,101,1257.0,11484,2302421,1412,35695,32700,66300,100,1543,15039,363,7000,100932,164,4143,52936,18122,17228,75,3671,53276,17326,9064,6,9,143,4020,1715,19812,791,89,4366,405,60,20,8480,1045,56463,230791,321366,16883,17898,48083,8015320,252130,12736,6354,3689,2621,1252200,773750,280640,192523,663761,918,15.9,88,1458,983,420,41695,41,39345,5054,306440,74589,17202,22388,10937,11077,12997,46090,11199,30657,69305
2017,R09000,ì»ñÿåß,1962000,977000,985000,1929000,961000,968000,245000,126000,119000,1176000,609000,567000,536000,239000,297000,14029,7251,6778,1.45,21829,11183,10646,30748,17721,13027,32358,17987,14371,8787,3215,14.1,31.2,-1.9,109,1307.5,11764,2382599,1418,35255,32800,66400,114,1718,16798,369,6994,102325,165,4187,53888,18257,17534,75,3703,53677,17139,8992,6,9,148,3893,1629,19740,790,49,4369,431,60,21,8597,1002,59859,242119,310225,18405,19474,46018,8194960,230860,13380,6305,4481,2555,1290612,767332,280560,238878,667980,921,16.3,89,1442,986,375,36236,131,34521,4563,301064,76587,18736,22399,9666,11657,11993,41521,10509,28849,69148
2016,R09000,ì»ñÿåß,1969000,979000,989000,1939000,965000,973000,249000,128000,121000,1192000,617000,575000,525000,233000,292000,14621,7624,6997,1.46,21436,10953,10483,29760,17076,12684,32748,18286,14462,9321,3429,14.8,31.4,-1.6,108,1591.5,11811,2347944,1437,34901,32900,66600,131,1901,19398,375,6995,103747,171,4268,55235,18775,18077,76,3698,53802,17493,9063,6,9,146,3731,1569,19594,746,48,4233,425,60,21,8444,1148,65199,262445,284311,19149,20344,45045,8102940,213950,14602,6289,5446,2717,1367402,775774,297249,287681,666562,917,16.1,89,1429,984,373,36314,155,34458,4751,279319,71447,13805,21724,9819,10839,14230,35521,12461,26372,63104
2015,R09000,ì»ñÿåß,1974255,981626,992629,1927885,962176,965709,252836,129488,123348,1203616,621806,581810,508392,224907,283485,15306,7879,7427,1.49,20519,10604,9915,30718,17611,13107,33642,18686,14956,9452,3388,14.9,30.3,-1.6,116,1651.0,11731,2344210,1459,34906,33200,67200,152,2096,22384,379,6983,105105,172,4280,55801,18754,18027,76,3723,54035,17554,9133,6,9,149,3610,1643,19876,820,79,4284,403,60,23,8467,1156,67641,274943,263302,20581,21689,40257,8003600,191870,13122,6243,4757,2083,1255833,775546,228425,246991,678303,927,16.6,90,1439,977,372,36077,250,33556,4893,296903,70144,14391,23247,10417,12321,12092,36892,14442,28487,74471
2014,R09000,ì»ñÿåß,1980000,984000,996000,1955000,973000,982000,257000,132000,125000,1225000,634000,591000,498000,218000,279000,15442,7963,7479,1.46,20755,10864,9891,30542,17713,12829,32337,18015,14322,9770,3322,14.2,30.7,-3.1,104,1763.5,11803,2284533,1463,34774,33500,68000,195,2711,29725,380,6977,106562,174,4243,56011,18512,17820,76,3754,54446,17491,9094,6,9,155,3589,1800,19863,855,76,4306,372,58,24,8296,1257,73191,295732,253120,21821,23098,41059,7982480,145830,13479,6264,4692,2421,1297222,784835,257233,247667,680063,929,16.8,91,1424,980,339,30386,66,32471,5125,329193,74318,18503,25532,11897,13975,15398,56410,12467,31644,69050
2013,R09000,ì»ñÿåß,1986000,986000,1000000,1962000,976000,986000,260000,134000,126000,1246000,644000,602000,480000,209000,271000,15588,7959,7629,1.43,20591,10613,9978,30820,17483,13337,32283,17856,14427,10152,3626,14.4,32.1,-2.9,108,1504.5,13414,2499688,1483,35456,34100,70700,198,2662,30519,388,7024,108135,174,4289,56101,18809,18172,76,3739,54454,17391,8836,6,9,170,3500,1877,20065,834,80,4363,356,58,30,8267,1132,74309,314601,241604,22901,23870,43098,7896700,136580,14418,8101,4089,2179,1482026,1027921,232608,215897,690098,940,17.5,91,1433,984,340,29587,23,31653,4915,308699,67674,23551,23983,10553,12641,14362,43342,11831,29184,71578
2012,R09000,ì»ñÿåß,1992000,989000,1003000,1968000,979000,989000,263000,135000,128000,1266000,654000,612000,463000,200000,262000,15973,8217,7756,1.43,20784,10852,9932,31674,18051,13623,32960,18302,14658,10225,3688,14.0,33.1,-3.3,113,1668.0,12962,2243399,1517,35996,38100,75000,198,2639,30973,393,7059,109757,174,4283,56245,18903,18196,80,3812,55316,18269,9548,6,9,174,3462,1944,20056,925,82,4167,342,61,32,8004,1059,75555,334506,241116,23837,25024,52019,7378940,90680,15328,7758,4954,2153,1517514,985850,231460,266796,706129,959,17.3,91,1422,982,334,29277,25,31522,4874,324779,66330,22473,22883,10635,12614,14511,54783,12481,34368,73703
2023,R10000,åQînåß,1902000,942000,960000,1831000,905000,926000,210000,107000,102000,1103000,573000,531000,589000,262000,327000,9950,5148,4802,1.25,26743,13751,12992,26879,15872,11007,29093,16702,12391,6220,2751,16.9,34.7,-0.1,85,1063.0,10063,2011148,1125,29681,31400,71400,111,1140,6740,303,6704,89890,160,4017,48968,16831,15784,77,3496,45978,14726,8456,7,15,125,2009,1351,28226,651,66,6555,723,68,18,9764,1227,42646,193379,257603,9087,9493,34176,7986600,276670,9935,4937,2283,2663,962267,559387,276782,121611,656585,933,13.8,114,1563,968,258,26030,0,23243,3662,283599,76203,17966,21784,12297,11812,11601,48852,6042,27095,49947
2022,R10000,åQînåß,1913000,947000,966000,1850000,914000,936000,216000,111000,105000,1108000,574000,534000,589000,262000,327000,10688,5472,5216,1.32,26589,13667,12922,27362,16180,11182,29053,16450,12603,6704,2765,15.7,32.4,-0.9,101,1147.5,10650,2135960,1144,29738,31400,71200,114,1153,7444,303,6745,91975,160,4003,49930,16867,16023,77,3539,47157,15541,8875,7,15,130,2049,1474,28803,724,66,6735,683,68,19,10235,980,44155,193558,269734,10027,10424,10870,5641150,36250,11325,5358,2561,3341,1097599,613910,347934,130818,681816,966,13.9,114,1582,976,468,48029,1,45462,3524,310407,77510,19647,23724,14239,9682,15257,46313,10697,28953,64387
2021,R10000,åQînåß,1927000,953000,974000,1866000,922000,944000,221000,113000,108000,1117000,578000,539000,589000,262000,327000,11236,5781,5455,1.35,24304,12726,11578,26973,15714,11259,27947,15910,12037,6787,2842,15.7,31.7,-0.3,102,1307.5,10928,2405429,1154,29574,31500,71400,122,1227,8540,306,6738,94185,166,4041,50841,17181,16449,77,3591,48521,16236,9158,7,15,136,2019,1597,28772,780,94,6438,615,68,19,10752,1089,45294,199637,248957,10561,10977,4627,4286760,12320,10837,5937,2119,2761,1092862,691911,293951,105067,687877,968,14.5,115,1587,979,468,47847,4,45119,3473,286646,75461,19806,18643,13224,9859,15078,45384,9453,27055,52684
2020,R10000,åQînåß,1939110,959411,979699,1860213,919891,940322,224304,114867,109437,1096231,564704,531527,576729,256160,320569,11660,6008,5652,1.39,23286,12044,11242,26611,15762,10849,28889,16521,12368,7044,2857,15.8,35.1,1.7,96,1315.5,10443,2013617,1171,29904,31700,70900,128,1287,9565,309,6832,96764,168,4059,51167,16991,16389,79,3664,49994,16255,8796,8,14,139,1777,1659,28312,801,88,6329,614,68,19,11022,1142,47912,207163,222302,10142,10518,13062,4696760,65150,9988,5562,1825,2592,1030051,655373,277722,95894,708460,990,14.3,115,1560,979,460,47408,14,46241,3719,289142,77211,11422,20367,13036,9693,14086,51866,8812,26870,55778
2019,R10000,åQînåß,1949000,964000,984000,1892000,935000,957000,232000,119000,113000,1131000,585000,546000,580000,257000,322000,11901,6048,5853,1.40,23254,11896,11358,26218,15384,10834,30302,17034,13268,8238,3142,15.7,33.3,-0.4,103,1447.5,11954,2149528,1175,30070,30100,60700,139,1359,11099,312,6858,98773,168,4052,51794,17591,17120,79,3734,51371,16930,8979,8,14,158,1774,1800,27774,904,77,6097,596,69,22,10479,1498,46348,181003,266294,12629,13205,49251,7135800,269090,11608,6169,2710,2645,1168498,727478,289665,146975,713518,989,14.7,117,1551,984,450,45308,21,44654,3944,267624,72610,10408,19330,10194,9399,13749,41335,6493,26200,57907
2018,R10000,åQînåß,1957000,967000,990000,1906000,941000,965000,237000,121000,115000,1141000,589000,552000,574000,255000,320000,12922,6665,6257,1.47,22937,11748,11189,26542,15508,11034,29253,16563,12690,8088,2973,16.1,33.9,-0.7,94,1046.5,12378,2197562,1184,30168,30200,60100,155,1462,12652,312,6863,100922,168,4079,52809,18266,17827,79,3756,52160,16915,8658,8,14,164,1730,1927,27409,918,98,6246,546,69,23,10100,1940,45680,177075,278413,13874,14482,48038,7007080,274860,12859,6333,3946,2511,1243122,753770,275368,208785,713919,986,15.2,117,1550,984,443,45679,28,43183,4020,265873,70404,13264,18723,10830,9565,13694,49517,5781,23535,50561
2017,R10000,åQînåß,1963000,970000,993000,1917000,946000,970000,241000,124000,118000,1151000,593000,558000,567000,251000,316000,13280,6837,6443,1.47,22587,11727,10860,26181,15507,10674,29812,16772,13040,8334,3155,14.9,32.0,-0.2,90,1192.5,12422,2367889,1197,30235,30400,59400,163,1504,13891,312,6882,102310,168,4138,54421,18551,18117,81,3820,52867,17071,8861,8,13,165,1726,1895,26996,874,62,6143,568,70,22,10028,1885,48320,188049,267201,14574,15256,45639,6964660,270620,14143,6399,4982,2721,1315596,767386,292715,252527,717256,986,15.1,117,1563,979,416,42745,2,42964,4172,288088,71405,14455,19495,11389,12055,15476,44788,7049,27396,64582
2016,R10000,åQînåß,1969000,972000,997000,1928000,951000,976000,247000,126000,120000,1163000,598000,565000,558000,246000,311000,13661,7127,6534,1.48,22127,11487,10640,26344,15485,10859,29080,16451,12629,8444,3241,15.6,31.5,-0.2,99,1249.0,12474,2474789,1225,30192,30500,59200,175,1616,16282,316,6891,103990,169,4167,55957,19172,18741,81,3827,52890,17056,8902,8,13,169,1734,1978,26748,972,51,6181,574,68,24,9577,1784,51425,202388,255851,16054,16547,45098,6742860,197090,13786,6582,4861,2331,1297306,792670,253944,248888,733797,1005,15.7,116,1561,977,401,41187,5,41593,4438,268603,70242,12391,18026,9164,11524,11909,41398,8953,27206,57790
2015,R10000,åQînåß,1973115,973283,999832,1930380,952638,977742,250884,128450,122434,1165780,596669,569111,540026,238250,301776,14256,7137,7119,1.49,21519,11146,10373,27117,16063,11054,29266,16418,12848,8821,3463,15.6,31.2,0.1,105,1232.0,12450,2492436,1248,30065,30700,59200,189,1671,18019,321,6937,105827,171,4200,56744,19056,18656,81,3840,53016,17065,8978,8,13,142,1712,2053,27029,950,67,6284,564,70,24,9699,1781,54680,215308,234772,17236,17618,39326,6922660,148780,13518,6704,4580,2188,1274290,808651,235047,228148,756990,1031,15.4,117,1558,973,399,40657,0,41661,4823,266452,73793,12691,20518,9807,11382,13156,39006,7462,25646,52990
2014,R10000,åQînåß,1979000,975000,1004000,1945000,959000,986000,258000,132000,126000,1189000,609000,580000,529000,232000,297000,14522,7515,7007,1.44,21441,11127,10314,26519,15647,10872,28769,16255,12514,9089,3312,14.9,31.2,-1.1,90,1395.5,12215,2474555,1260,30014,30900,59600,205,1851,20861,325,6961,107500,175,4210,57463,19255,18826,81,3861,53421,17441,9085,8,13,146,1695,2058,26946,957,75,6082,540,69,25,10123,1575,57565,229441,226462,17901,18443,38939,7080140,101630,11562,6305,3342,1871,1143476,764176,199729,177700,772692,1051,15.6,116,1555,978,390,39552,0,42185,5252,298658,67960,11631,20918,10699,13229,10078,53476,8961,29980,71726
2013,R10000,åQînåß,1986000,978000,1008000,1953000,963000,990000,262000,134000,128000,1209000,618000,591000,512000,224000,289000,14732,7480,7252,1.41,21661,11318,10343,26891,15613,11278,29325,16568,12757,9031,3511,15.2,33.5,-1.0,92,998.5,13809,2549999,1286,30435,31400,60600,207,1893,21502,327,6990,109718,176,4235,57732,19402,18930,82,3856,53331,16877,8736,9,13,145,1685,2022,26994,913,65,6107,548,69,26,10181,1618,62458,261232,225364,19126,19491,41167,7033260,96950,14205,8073,3721,2395,1441113,990156,250602,198652,775107,1050,15.6,118,1555,976,401,40382,8,43205,5402,285730,65083,18316,21183,9730,11734,12750,47226,8472,28684,62551
2012,R10000,åQînåß,1994000,982000,1012000,1961000,967000,994000,267000,137000,130000,1229000,628000,601000,496000,216000,280000,14914,7569,7345,1.39,21169,11062,10107,27149,15872,11277,28447,16006,12441,9246,3520,14.7,34.3,-1.3,95,1074.0,11837,2306721,1306,31052,32400,62700,209,1869,21895,333,7015,111769,176,4211,58045,19425,18937,82,3897,54133,17653,9029,9,14,165,1688,2040,27021,995,70,5658,532,72,26,9737,1494,68882,292806,242096,20437,20104,49020,6568140,58270,12234,6943,3520,1701,1222478,855842,177898,185984,785528,1059,15.3,119,1561,963,403,40580,8,43824,5443,275490,65787,12100,21740,10967,12105,10881,37503,8973,26386,69049
2023,R11000,çÈã åß,7331000,3640000,3691000,7113000,3527000,3586000,831000,426000,405000,4489000,2314000,2175000,2012000,901000,1111000,42108,21553,20555,1.14,83597,45348,38249,160736,86254,74482,142886,78170,64716,27531,10697,17.2,35.4,-0.4,72,1028.5,33516,6231348,694,26676,119400,325600,491,5880,69597,803,21431,355456,446,12627,185034,62094,56838,191,11038,160362,50543,33264,11,28,217,4776,3238,107671,1501,47,21808,1679,105,24,19359,2417,123863,660314,691765,16189,18741,199820,4595620,156660,53765,12342,19663,21583,4287819,1400141,1956515,922180,2133356,790,24.3,296,4530,3510,1408,125366,347,112424,18871,344092,93279,13823,24786,13968,13785,21000,44462,18057,34358,66574
2022,R11000,çÈã åß,7337000,3643000,3694000,7136000,3542000,3594000,847000,434000,413000,4483000,2309000,2175000,2007000,901000,1106000,43451,22283,21168,1.17,82221,44468,37753,164381,88408,75973,145111,79187,65924,28823,10259,16.0,33.0,-0.9,92,1251.0,35572,7164928,691,26454,116200,312700,503,6026,75621,806,21162,359989,447,12594,186440,62813,58175,193,11082,161843,52446,33850,12,27,216,4548,3615,109020,1646,48,22431,1637,105,24,20605,2449,126413,668647,699670,16832,19460,70070,4131450,43700,52244,14123,17205,20793,4378255,1630541,1920390,819966,2223988,825,24.4,296,4495,3542,1514,131262,296,125112,20735,324793,87922,21820,26339,13546,10697,14486,38441,27959,35050,48534
2021,R11000,çÈã åß,7340000,3646000,3694000,7152000,3552000,3599000,860000,440000,420000,4480000,2306000,2174000,2000000,900000,1100000,45424,23535,21889,1.22,75164,41168,33996,165913,89023,76890,143434,78404,65030,28345,10626,16.0,32.0,-1.1,91,1177.0,36491,7098533,688,24504,114100,305900,510,6219,81305,812,20889,363199,448,12569,187395,62760,58739,193,11025,163986,54053,34182,12,27,230,4519,3840,109500,1722,74,22054,1564,106,26,21750,2547,130260,700586,636401,17709,20502,29032,3133160,23850,51422,16028,15671,19363,4453236,1855298,1846513,734597,2269529,841,24.2,297,4470,3550,1474,128615,388,123008,18023,315001,86879,16097,22695,13735,13779,15830,48475,14814,31395,51303
2020,R11000,çÈã åß,7344765,3652169,3692596,7055679,3516273,3539406,858384,439171,419213,4335188,2224260,2110928,1934994,872780,1062214,47328,24137,23191,1.27,70758,38643,32115,163059,88237,74822,145147,80022,65125,29260,10659,16.2,35.6,1.2,101,1364.0,33147,6901052,691,25545,113700,305200,518,6182,85521,814,20810,366426,448,12511,186455,61178,57643,193,11091,167972,55098,33388,12,28,237,4680,3993,111852,1808,71,21573,1367,106,27,21538,2736,134109,677622,579077,17225,20085,73974,3106770,34060,47975,14448,14731,18616,4113998,1682075,1741671,680277,2324484,861,24.4,296,4383,3542,1412,121700,1083,112929,17196,326313,84240,16200,21742,12063,11915,14721,55992,23246,31583,54611
2019,R11000,çÈã åß,7342000,3657000,3685000,7166000,3569000,3597000,881000,452000,429000,4508000,2331000,2177000,1961000,885000,1075000,48298,24799,23499,1.27,69537,38144,31393,165369,88645,76724,147406,80859,66547,33671,12067,16.1,33.6,-0.8,98,1460.5,35713,7200047,689,24567,113500,301600,530,6335,89327,814,20699,369326,447,12388,186053,62523,59362,194,11197,172219,56643,33092,12,28,239,4646,3989,111672,1664,46,22080,1264,106,27,21408,3312,129896,599962,705950,21830,25942,256980,4413570,190840,49716,14877,15818,18869,4282442,1734964,1800585,736838,2328598,861,23.7,295,4378,3558,1363,115447,1208,112411,17793,337281,85210,14156,23565,14163,14075,17413,44741,20381,39730,63848
2018,R11000,çÈã åß,7325000,3650000,3675000,7171000,3575000,3595000,891000,456000,434000,4505000,2326000,2178000,1934000,875000,1059000,51241,26296,24945,1.34,67726,37154,30572,163433,88368,75065,146397,80429,65968,32745,11716,16.4,34.5,-1.2,86,1056.0,37942,7562486,688,23178,111400,288800,544,6536,92863,817,20749,372763,446,12415,186891,63542,60583,194,11269,175655,56992,32701,12,28,242,4560,3969,113338,1755,55,22277,1304,107,27,21212,2820,133257,599474,718358,25027,29103,247764,4138200,162710,57940,15153,21222,21251,4731914,1781848,2013458,923524,2307082,858,23.9,297,4328,3565,1305,111904,1552,102856,17519,323931,81408,18833,23377,10949,13766,14733,46848,22673,33799,57545
2017,R11000,çÈã åß,7307000,3643000,3664000,7171000,3580000,3592000,899000,461000,438000,4510000,2326000,2185000,1900000,862000,1039000,53076,27008,26068,1.36,65770,35792,29978,161538,88224,73314,146615,80586,66029,33742,12162,15.4,32.8,-0.4,93,1308.5,38075,7933836,694,22513,110000,279700,563,6764,97257,819,20554,374119,446,12443,190182,64508,61755,196,11221,177514,56970,32535,13,28,237,4511,4153,113025,1851,38,22069,1319,108,28,20702,2930,142747,630139,692959,27725,32261,239199,3920470,140860,59280,14769,24056,20259,4739872,1746854,1947920,1035416,2304264,858,24.0,295,4261,3542,1187,103635,1258,102434,16083,301340,78135,18810,21888,10776,12941,14764,41201,18107,29933,54785
2016,R11000,çÈã åß,7288000,3637000,3652000,7168000,3580000,3587000,907000,465000,442000,4525000,2331000,2195000,1857000,843000,1014000,54452,28113,26339,1.37,63470,34669,28801,159389,86902,72487,143829,79789,64040,34206,12482,15.9,32.3,-0.5,101,1301.0,39625,7718981,709,22291,106200,250200,574,6875,102070,820,20355,375064,446,12419,193238,65634,63174,196,11246,177926,57262,32957,13,28,241,4520,4325,114574,1928,62,22767,1395,107,27,20547,2709,151364,665150,613434,29370,34687,227072,3973530,163070,61962,15917,24945,20955,4997119,1887338,1985810,1115458,2322937,867,24.5,293,4225,3546,1134,99116,1026,97666,15589,328756,80706,25480,23409,10412,14163,13973,46246,20114,38281,55973
2015,R11000,çÈã åß,7266534,3628418,3638116,7111168,3553767,3557401,910805,466718,444087,4507174,2312460,2194714,1788735,812816,975919,56078,28741,27337,1.39,62566,34312,28254,162275,89130,73145,148747,82552,66195,34757,12667,16.0,31.6,0.4,101,1335.0,38169,7171291,712,21566,105400,246100,590,6922,106391,820,20282,376578,449,12377,195156,65474,63208,196,11209,178227,57150,32493,13,30,242,4583,4498,116198,1998,55,22581,1325,107,28,20101,2522,162746,717708,553881,30674,36526,200300,3783420,150190,57357,15951,22314,18812,4700869,1900280,1779569,1003040,2368098,884,24.7,294,4180,3528,1068,93868,1097,93897,15031,315386,80321,19285,25015,10310,14417,13144,43633,12157,36206,60899
2014,R11000,çÈã åß,7247000,3621000,3626000,7151000,3579000,3572000,929000,476000,452000,4573000,2353000,2220000,1737000,792000,945000,55765,28703,27062,1.31,61269,33287,27982,157553,86265,71288,142644,79128,63516,35220,12484,15.3,31.7,-1.2,90,1387.5,37262,7371064,718,21247,104800,243500,625,7277,112823,820,20260,378894,451,12298,196228,65547,63377,196,11142,178511,57093,32658,13,29,255,4438,4615,116750,1996,66,22911,1415,110,28,20051,2707,174829,767482,519034,32869,39179,198806,3704870,97890,55449,15862,20796,18541,4644213,1896178,1768829,960600,2392053,897,24.6,292,4148,3502,986,86046,905,87784,14381,329448,78388,22771,25347,13310,16120,13097,44549,21754,36960,57152
2013,R11000,çÈã åß,7228000,3614000,3614000,7140000,3576000,3564000,934000,479000,455000,4627000,2379000,2248000,1661000,757000,904000,57470,29418,28052,1.33,60264,32859,27405,157910,86573,71337,146356,81222,65134,36279,13138,15.6,33.9,-1.2,92,1251.0,43352,9111496,725,20847,103400,240200,626,7268,114030,821,20127,382020,452,12332,196384,65774,63596,196,11087,176764,55057,31172,13,29,253,4414,4519,117272,1862,50,22843,1326,108,31,20147,2873,190599,865698,492403,34361,40998,202547,3591650,96220,62376,20091,21922,20211,5427524,2421073,1925993,1070479,2414255,908,24.9,292,4149,3489,977,85983,902,87178,14304,308737,74241,17449,24042,10585,13893,11745,41066,13896,39085,62735
2012,R11000,çÈã åß,7216000,3612000,3604000,7130000,3574000,3555000,940000,482000,458000,4687000,2407000,2280000,1585000,723000,862000,56943,29155,27788,1.29,59137,32440,26697,157961,86369,71592,147663,82078,65585,36776,13434,15.1,35.2,-1.6,101,1079.0,40384,8481803,747,20972,107800,247200,627,7240,115352,822,20142,385264,449,12238,196960,65936,63683,201,11246,177631,57520,32464,14,29,248,4386,4386,117691,1868,72,22820,1366,107,31,19801,2896,210465,949601,479521,35673,42631,240533,3179100,85860,60100,18801,19930,21161,5215403,2266154,1978359,960612,2424962,914,25.2,296,4114,3437,952,83079,1075,84666,13548,314879,72512,22164,23740,10680,14441,12152,37698,25131,32835,63527
2023,R12000,êÁótåß,6257000,3099000,3158000,6081000,3013000,3068000,703000,361000,342000,3798000,1956000,1843000,1756000,783000,973000,35658,18243,17415,1.14,73002,38963,34039,140104,76099,64005,123729,68237,55492,23251,9151,18.1,33.8,2.7,83,1268.5,26605,5849149,1238,61462,83200,284900,451,4843,56945,756,18642,299819,388,10888,155991,52937,49315,181,9624,136735,43039,27838,8,27,164,4082,2781,107835,1253,147,23986,2754,92,14,20033,530,97244,547065,529591,12679,15936,189343,25148140,3130630,43368,10109,17689,15373,3363249,1139867,1407304,799127,1937594,839,22.6,256,3942,3202,1217,108662,140,89333,15378,306943,89043,18625,22471,12761,10299,16273,39365,7370,31683,59052
2022,R12000,êÁótåß,6266000,3104000,3162000,6100000,3024000,3076000,717000,367000,349000,3796000,1954000,1843000,1753000,783000,970000,36966,19002,17964,1.18,72258,38833,33425,144533,78596,65937,125793,69337,56456,24824,8605,16.7,31.3,2.0,107,1427.5,28498,6354752,1234,59805,79300,266200,459,4972,61885,759,18560,303407,388,10842,157236,52897,49706,181,9598,139061,45820,28600,8,27,171,4081,2942,108807,1369,190,23992,2838,92,14,20920,400,100318,561304,540527,13491,16732,72562,20889150,785630,47580,11612,18263,17373,3765887,1324274,1602820,809060,1996669,867,22.6,256,3939,3241,1329,119857,250,102287,15259,304582,84638,17470,22865,11214,9641,16401,48137,10830,30015,53370
2021,R12000,êÁótåß,6275000,3111000,3164000,6114000,3033000,3081000,727000,373000,354000,3800000,1956000,1844000,1748000,782000,966000,38426,19614,18812,1.21,65244,35279,29965,143204,78328,64876,124979,69176,55803,24234,9011,17.1,31.0,2.3,106,1834.5,30482,7000328,1256,59684,76500,258600,471,5050,66786,764,18454,306105,389,10836,158265,52736,49936,181,9680,141358,46852,28714,8,27,174,4110,3054,106037,1410,182,23143,2980,92,14,22309,411,104284,602972,500697,14361,17939,31254,11994130,536050,45943,13552,16978,15137,3773584,1569259,1439580,744376,2027937,880,22.7,255,3838,3194,1288,116903,428,108253,15738,311484,86547,19810,21258,14461,9053,15928,45496,15273,27809,55850
2020,R12000,êÁótåß,6284480,3117987,3166493,6040814,2998797,3042017,734496,376619,357877,3715691,1905387,1810304,1699991,762793,937198,40168,20470,19698,1.27,62118,33803,28315,143177,78388,64789,126407,70072,56335,24996,9187,17.0,33.2,4.5,115,1791.5,27947,6245996,1268,58484,75600,252900,474,4993,70331,777,18436,309553,395,10801,156873,51297,48926,182,9785,145920,48202,28017,8,27,178,4114,3145,104866,1472,182,22013,2553,96,18,22179,439,106998,576247,482168,14379,17658,74250,12237050,1067290,43121,12549,15165,14998,3550644,1452561,1409950,666347,2061897,894,22.0,255,3780,3169,1235,111235,833,100009,15850,303193,82761,23198,20927,11832,9491,16062,41589,19252,26219,51863
2019,R12000,êÁótåß,6283000,3120000,3162000,6131000,3047000,3084000,739000,379000,360000,3777000,1939000,1837000,1743000,786000,957000,40799,20844,19955,1.28,62004,33522,28482,146240,79475,66765,129053,71548,57505,28649,10072,16.8,32.0,2.4,117,1697.0,29718,6419988,1289,60163,74600,246000,488,5037,73309,790,18439,312865,400,10841,157078,53336,51252,182,9781,148326,48289,27005,8,27,190,4110,3196,104562,1489,169,21691,2528,100,18,21634,578,99812,492363,584308,18122,23254,242396,26813580,4718120,44376,12198,15606,16496,3700792,1422875,1581489,689721,2092336,905,21.3,255,3818,3273,1167,106425,1020,97620,15510,306737,77778,16015,21287,11949,11759,14900,46974,14700,32342,59032
2018,R12000,êÁótåß,6273000,3117000,3156000,6136000,3052000,3084000,748000,383000,364000,3785000,1943000,1842000,1721000,778000,944000,43404,22307,21097,1.34,59561,32209,27352,146078,79619,66459,129154,71753,57401,28202,10250,17.2,32.2,1.8,96,1261.0,30519,6622604,1307,57626,73500,227400,510,5241,76758,803,18450,315874,402,10854,157979,53790,51872,183,9724,150698,48998,26950,8,27,201,4117,3223,101720,1479,161,21289,2414,99,18,20817,593,104583,510064,608257,20903,26925,234532,23587620,4061420,47344,12606,18161,15442,3810305,1475129,1502639,772553,2064300,897,22.4,253,3791,3269,1101,104364,1392,102807,14674,320447,84992,14700,22938,10962,12070,14076,48066,21150,35544,55950
2017,R12000,êÁótåß,6258000,3111000,3147000,6137000,3055000,3082000,755000,387000,368000,3799000,1950000,1849000,1692000,766000,926000,44055,22647,21408,1.34,59013,31981,27032,145367,80337,65030,129164,71997,57167,28692,10360,16.3,31.4,2.8,90,1250.0,30818,6993519,1328,55404,72500,220200,520,5290,80085,805,18381,316441,402,10912,161500,54798,53223,183,9713,151839,49149,27348,8,27,205,4108,3393,101147,1658,207,21123,2604,97,19,19924,590,112270,532527,602897,23755,30123,225923,22707540,3654460,51413,12680,21575,16816,4068406,1490614,1644724,914556,2074990,903,22.3,254,3759,3255,940,91435,1787,90202,12862,294940,79280,7803,21001,10554,12064,12696,42048,13670,36261,59563
2016,R12000,êÁótåß,6242000,3104000,3138000,6135000,3056000,3080000,762000,391000,371000,3818000,1959000,1860000,1655000,750000,905000,45389,23275,22114,1.35,56398,30737,25661,143081,79076,64005,127006,71421,55585,29616,10616,16.8,31.2,3.0,107,1604.5,30842,6358940,1333,54158,72000,216300,534,5428,83985,816,18307,318489,405,10962,163368,55188,53591,183,9673,152551,49330,27450,10,27,201,4015,3633,100426,1704,197,21619,2457,99,18,19468,504,120302,556477,561963,25907,32688,214735,20286820,3326710,50262,12425,21411,16286,3988514,1462873,1582383,932302,2094316,913,22.7,252,3778,3256,886,88407,1460,87543,12530,312146,80029,21073,19489,11172,12355,12963,43994,14250,36831,59989
2015,R12000,êÁótåß,6222666,3095860,3126806,6047216,3010553,3036663,762112,390766,371346,3779812,1930763,1849049,1584419,718312,866107,47019,24044,22975,1.38,56080,30309,25771,143390,79626,63764,132785,74645,58140,30222,10924,16.7,30.6,2.9,117,1615.5,29915,6088352,1351,49070,71500,211900,541,5532,86946,820,18222,320755,406,11005,165031,55425,53999,183,9635,152419,48944,27433,10,27,208,3814,3605,99933,1615,172,21214,2492,98,18,18171,553,128666,592422,522976,27180,34138,183875,20897420,3458400,47407,12471,18837,15850,3873265,1487374,1515954,853904,2120485,925,22.7,251,3751,3237,849,85461,1646,84829,11908,303766,75121,20240,20922,11309,13851,12302,41280,10692,32104,65944
2014,R12000,êÁótåß,6209000,3089000,3119000,6125000,3054000,3071000,778000,399000,379000,3848000,1972000,1877000,1571000,712000,859000,46753,23993,22760,1.32,53978,28945,25033,137199,76305,60894,128835,71681,57154,30589,10643,16.3,30.8,2.0,101,1495.5,29458,6903969,1377,51555,71100,205700,563,5702,91277,830,18227,323173,407,10900,165446,55334,53943,185,9635,152666,49065,27192,10,27,220,3761,3705,100806,1761,166,21746,2522,98,18,17879,578,135257,624326,482584,28246,35429,179625,19554970,2645680,44998,12316,16619,15986,3810980,1479990,1540384,783800,2136263,936,22.8,250,3710,3217,802,79915,1251,82649,11595,299210,74859,16722,22151,11241,12026,13858,43115,12232,31921,61085
2013,R12000,êÁótåß,6201000,3085000,3116000,6123000,3053000,3070000,785000,402000,382000,3903000,1997000,1906000,1505000,681000,824000,48343,24794,23549,1.33,53603,29062,24541,136645,75951,60694,134203,74895,59308,31375,11290,16.6,32.8,1.5,92,1446.5,33412,7328807,1416,52471,70300,201600,569,5743,93295,838,18306,326144,407,10863,166059,55647,54283,185,9552,150964,47553,25649,10,28,215,4043,3875,102048,1711,159,21869,2635,98,19,17834,669,145862,704172,463856,30322,38429,183227,19132000,2036170,49986,15609,17647,16458,4351094,1877896,1579421,869165,2179806,956,23.5,245,3720,3221,759,76687,1340,78768,10685,280173,72684,16458,21492,11090,11756,13611,31777,8895,29966,62444
2012,R12000,êÁótåß,6200000,3087000,3113000,6125000,3056000,3069000,791000,406000,386000,3966000,2027000,1938000,1437000,650000,787000,48881,25169,23712,1.31,53206,28934,24272,132651,73890,58761,140839,78729,62110,32150,11521,15.9,32.3,1.1,119,1614.0,29857,6531702,1435,52136,73600,196400,572,5783,95757,847,18310,329632,408,10750,165610,54860,53478,185,9649,151537,49111,26389,10,29,245,4120,4192,105277,1766,197,22010,2841,104,25,17712,760,167433,798159,444806,31802,40661,218666,17705170,1792120,44807,14236,14786,15463,3949095,1721932,1483524,723888,2190452,960,23.4,243,3688,3205,751,76110,1352,77685,10700,260208,68241,13504,20496,9724,10496,13858,32011,10648,29359,51869
2023,R13000,ìåãûìs,14086000,6914000,7172000,13448000,6594000,6854000,1513000,774000,739000,9368000,4756000,4612000,3205000,1384000,1821000,86348,44109,42239,0.99,137241,71036,66205,406749,213412,193337,348260,187528,160732,71774,20016,17.6,34.3,1.8,90,1396.5,41817,13206971,4422,208699,404400,2228300,959,10643,110422,1323,36462,623631,800,20415,314459,104600,97235,429,19216,299865,93495,69302,34,144,643,53463,7720,681667,3673,499,158962,16620,389,154,126395,24280,270954,1598409,2500539,56161,37738,708608,80273650,34378530,124810,13289,67955,43041,8099215,1531723,3356941,3176991,4046316,795,24.9,588,14894,10608,3611,322135,286,273390,58595,341320,97776,26457,22761,13237,12181,18166,32724,24160,40393,53466
2022,R13000,ìåãûìs,14038000,6889000,7149000,13443000,6595000,6848000,1535000,785000,749000,9301000,4721000,4580000,3202000,1383000,1819000,91097,46762,44335,1.04,139264,71826,67438,399269,208834,190435,365360,196091,169269,75179,19255,16.4,32.0,1.1,109,1615.5,42589,13207858,3774,205381,389100,2139500,969,11011,122669,1327,36041,624426,801,20199,313353,104104,97515,429,19096,299950,96812,70389,36,144,682,52989,8639,678207,4029,611,158565,16644,393,153,134036,19851,279881,1614719,2359265,55629,37621,309458,50915670,5627190,135382,14672,70044,50188,8844454,1698803,3988261,3111297,4150715,821,23.9,581,14689,10696,3615,322379,300,275851,57945,321633,87973,29988,22846,11587,11527,17303,32562,19383,33099,55367
2021,R13000,ìåãûìs,14010000,6875000,7135000,13459000,6606000,6853000,1553000,795000,758000,9255000,4697000,4558000,3202000,1384000,1819000,95404,48916,46488,1.08,127649,66583,61066,388297,204165,184132,377482,202341,175141,69813,19605,16.6,31.6,1.3,107,2052.5,44794,14209320,3654,205327,380900,2113500,976,11138,134456,1328,36134,622820,801,20183,311049,102429,96608,429,19238,301712,98713,70457,36,143,727,52851,9688,676964,4610,832,161846,16126,401,153,146015,19919,294625,1735984,1977338,54342,36984,135957,31559300,1293530,134313,16771,69632,47244,8800966,1929886,3690738,3122686,4182454,829,24.4,587,14327,10678,3523,319476,969,290125,55126,322785,90894,27016,19918,13407,11073,18401,33483,19845,31702,57046
2020,R13000,ìåãûìs,14047594,6898388,7149206,13233213,6492413,6740800,1566840,801834,765006,8944193,4523724,4420469,3107822,1345871,1761951,99661,51169,48492,1.12,121219,63512,57707,401168,211150,190018,362794,197184,165610,73931,20783,16.5,34.1,3.7,108,1590.0,43508,12414511,3620,202260,378100,2145600,984,11202,144095,1328,35618,619291,803,19736,304405,98235,93066,428,19254,306302,98943,68181,37,143,753,52713,10450,673683,4669,691,160260,15121,404,157,149579,22912,299274,1632178,1877869,51928,36076,240890,28915890,4167870,133175,15594,65823,50770,8176225,1761718,3747985,2611171,4242734,839,24.2,588,13889,10642,3370,306055,2343,287079,55075,325010,92079,30206,21596,13502,12070,18417,33290,19338,31559,52953
2019,R13000,ìåãûìs,14007000,6889000,7118000,13442000,6612000,6830000,1553000,794000,760000,9158000,4663000,4496000,3209000,1389000,1820000,101818,52032,49786,1.15,120870,63222,57648,427307,222462,204845,340732,184521,156211,86059,22707,16.5,32.8,1.4,111,1874.0,47424,13951235,3308,188775,374300,2157900,985,11167,150270,1331,35103,614873,804,19524,300377,100463,95647,429,19265,310355,100178,66643,37,140,792,52097,11544,671221,5535,736,156932,14205,405,156,148394,26364,290687,1399699,2586504,77407,54230,764687,72456800,27958830,135619,15748,64352,54413,8702367,1786721,4039796,2781571,4407607,871,22.3,589,13707,10670,3114,308527,3690,279024,53881,332517,89185,26350,21419,11828,14291,16227,36886,19935,37702,58695
2018,R13000,ìåãûìs,13887000,6835000,7053000,13368000,6581000,6787000,1550000,792000,758000,9084000,4630000,4453000,3189000,1380000,1808000,107150,55052,52098,1.20,119253,62466,56787,423617,220246,203371,340843,185815,155028,82716,22706,16.8,32.7,0.6,103,1445.5,49410,13919657,2435,175273,354600,1961400,991,11091,154423,1332,34568,609512,804,19301,300085,102161,97646,429,19333,314385,101723,66150,37,138,788,51931,12657,669191,5545,765,155020,14399,405,156,146364,26605,302637,1421774,2706980,90193,65740,736196,61188190,22320850,148382,16121,72899,58338,9150019,1833239,4350875,2888916,4383468,875,21.6,598,13429,10672,2856,273598,5414,250244,47491,326229,87282,27129,21499,10060,13977,16265,34195,22152,35322,58349
2017,R13000,ìåãûìs,13768000,6782000,6985000,13293000,6550000,6742000,1542000,788000,754000,9021000,4605000,4417000,3160000,1368000,1793000,108990,55818,53172,1.21,116453,61473,54980,419283,218753,200530,343785,187715,156070,84993,23055,15.8,31.8,1.7,95,1430.0,47297,14619926,2024,169224,342600,1824500,995,11120,157418,1335,34036,601414,807,19471,304199,102257,98452,429,19340,316903,101782,65814,38,138,834,51214,13406,665984,6172,1057,154073,14765,403,154,145719,24696,326193,1505384,2743679,99432,71673,706090,55810370,19185930,141935,15301,71261,54725,8652536,1752972,4059993,2783052,4417184,888,21.9,597,13257,10632,2414,235571,8586,226588,40286,333072,86412,26131,21059,12732,14819,16237,33565,20301,37046,64771
2016,R13000,ìåãûìs,13646000,6728000,6918000,13216000,6520000,6697000,1535000,784000,751000,8969000,4583000,4386000,3120000,1350000,1771000,111964,57361,54603,1.24,113415,59824,53591,413444,218211,195233,339267,185944,153323,86010,23470,16.4,31.6,1.8,113,1779.0,48868,16148737,1939,154859,332800,1699300,1004,11191,161275,1339,33414,594053,808,19387,306820,103274,99640,429,19259,318447,102326,67416,38,137,843,51115,14241,659782,6432,1123,152640,14955,402,152,145607,24038,342829,1572540,2725410,107565,76500,663081,51861940,16457420,153621,16309,75183,61640,9762017,1894326,4818825,3011526,4428042,897,22.1,601,13184,10658,2234,219392,8466,212963,37125,321147,84980,27212,20669,11039,14572,14951,32043,18794,35661,61225
2015,R13000,ìåãûìs,13515271,6666690,6848581,12948463,6388206,6560257,1518130,776017,742113,8734155,4448525,4285630,3005516,1301249,1704267,113194,58192,55002,1.24,111673,59164,52509,426084,225877,200207,344388,189163,155225,87169,24135,16.4,30.5,1.8,115,1781.5,49152,14442309,1891,149286,323800,1551400,1010,11099,165348,1351,33191,592158,815,19586,310874,104543,101314,429,19242,316933,100422,66741,39,137,870,50497,14909,654383,6668,1280,151441,14679,404,155,144909,22068,365812,1695737,2584202,115762,85402,565916,52983860,16076970,141862,16582,65538,58938,9073954,1964290,4350305,2712085,4501160,918,22.4,598,12944,10620,2111,209802,7814,205280,35349,331229,84843,27287,23340,10841,15841,14967,33797,19518,36931,63863
2014,R13000,ìåãûìs,13399000,6612000,6788000,13049000,6447000,6602000,1517000,776000,741000,8862000,4531000,4331000,3011000,1301000,1710000,110629,56541,54088,1.15,111024,58865,52159,404736,214691,190045,331456,181607,149849,87000,23653,16.6,31.2,2.5,106,1808.0,50685,15165430,1869,143848,317000,1445700,1023,11167,170673,1355,32658,587983,817,19491,311841,104164,101068,431,19059,316058,100635,67159,43,139,919,50040,15568,651905,7070,1310,151880,15171,409,157,144840,22233,395492,1809922,2448814,120679,89276,531802,49755350,12521400,140430,17348,59921,61170,9432825,2032318,4745549,2524946,4513509,931,22.8,592,12780,10579,1868,188319,8672,188888,31994,324999,82178,26834,23744,11710,15671,15648,35849,13984,38221,61161
2013,R13000,ìåãûìs,13307000,6569000,6738000,12983000,6419000,6563000,1503000,769000,735000,8883000,4543000,4340000,2914000,1255000,1659000,109986,56267,53719,1.13,110507,58810,51697,407711,217183,190528,337539,184940,152599,88067,24855,17.1,33.2,1.8,93,1614.0,55325,15337434,1884,142065,309700,1378000,1039,11181,172467,1358,32335,585535,818,19406,312764,104787,101797,431,19009,312683,98535,65050,43,139,958,49187,16737,653092,7694,1603,152251,15496,413,161,144189,22185,419481,1965147,2320113,122200,89971,525067,47107640,9448940,147978,21352,62188,62933,10320658,2506875,5002901,2709862,4572285,949,23.2,595,12758,10647,1774,179313,8117,181205,30676,333331,81466,29883,23658,11189,15704,15282,34475,17359,38541,65772
2012,R13000,ìåãûìs,13234000,6538000,6697000,12918000,6392000,6526000,1494000,764000,730000,8924000,4565000,4358000,2812000,1206000,1606000,107401,54985,52416,1.09,109194,58203,50991,400274,214231,186043,343777,188358,155419,89301,25329,16.3,33.1,1.8,109,1570.0,52076,15642018,1914,140646,308100,1377600,1042,11120,173642,1363,32246,586412,819,19209,311758,103446,100389,432,18951,315341,101970,66405,44,138,1034,48857,18315,643163,8411,1653,149914,15392,419,163,141989,22563,458578,2133928,2072218,124423,89832,599251,44271200,7918960,141316,19875,54177,66226,10073903,2311735,5274518,2414948,4581633,956,22.9,590,12711,10620,1782,179537,7257,180706,30436,318910,79991,24679,23341,10839,15055,15518,32808,18663,35378,62640
2023,R14000,ê_ìﬁêÏåß,9229000,4578000,4651000,8970000,4447000,4523000,1031000,528000,503000,5808000,2996000,2812000,2390000,1055000,1336000,53991,27797,26194,1.13,98744,52476,46268,211257,114713,96544,189169,105099,84070,38176,13343,18.0,33.7,3.0,87,1377.0,32103,7188464,1297,58730,188400,660500,608,7780,82798,881,26751,439962,471,14833,223823,75275,69601,228,12834,191661,60088,41686,12,33,264,5572,4052,175187,1938,163,34770,4093,106,12,25810,3568,150949,803973,721381,17219,19848,348642,20134930,2424400,64766,11120,25501,28033,4718842,1255990,2313289,1138593,2596102,769,24.2,289,7150,4899,1922,164377,222,153370,28808,306565,87320,11639,22174,14765,12152,16512,34826,17692,36781,52704
2022,R14000,ê_ìﬁêÏåß,9232000,4579000,4653000,8991000,4459000,4531000,1053000,539000,514000,5797000,2988000,2809000,2383000,1053000,1330000,56498,28745,27753,1.17,98821,52605,46216,214924,116348,98576,192432,106908,85524,40191,12797,16.7,31.5,2.2,112,1657.5,34574,7889809,1299,57172,183300,624600,616,7892,89843,882,26493,446637,473,14776,225380,76091,70956,231,12922,193066,62649,42611,13,31,269,5483,4704,173109,2130,200,34889,4064,106,12,26901,3395,155184,820183,722184,17727,20198,139855,16558430,462280,67197,12731,25907,28322,5027879,1458328,2372824,1178521,2694614,801,24.4,291,7093,4983,2053,170144,220,162670,27488,301379,85076,23065,21730,12656,10927,16320,34503,21161,29394,46548
2021,R14000,ê_ìﬁêÏåß,9236000,4584000,4652000,9007000,4471000,4536000,1071000,549000,522000,5789000,2983000,2806000,2376000,1052000,1325000,58836,30238,28598,1.22,89701,47659,42042,217649,117840,99809,188727,105259,83468,38664,13169,17.0,31.2,2.5,105,2056.5,36335,7745542,1330,56493,180600,606000,628,7866,97566,885,26225,451098,472,14785,226599,75512,70702,231,13035,195931,64786,42724,14,31,322,5520,5360,171164,2455,236,34812,3758,106,12,28050,3371,157356,865190,674334,18906,21607,60922,11557630,208240,65474,14914,24293,26087,4947632,1711029,2163625,1064422,2757789,819,24.7,290,6996,4984,2012,173848,306,165014,28203,300152,86471,27698,19933,11581,9486,16613,35797,20442,25565,46566
2020,R14000,ê_ìﬁêÏåß,9237337,4588268,4649069,8876834,4406356,4470478,1085763,556579,529184,5628918,2890461,2738457,2308578,1025663,1282915,60865,31276,29589,1.26,84601,45362,39239,213490,116659,96831,188541,105403,83138,39641,13509,17.0,33.7,4.7,108,1687.5,33564,7811637,1349,57184,179300,590300,634,7841,103613,887,26069,454751,473,14652,224709,73540,69350,231,12993,200230,65293,41154,14,31,338,5488,5754,174710,2596,191,34924,3761,108,12,27979,3508,162187,831994,615617,17567,20239,132184,12290040,514520,61589,13550,22780,25089,4520615,1545398,2003706,960230,2819079,837,24.9,289,6907,4959,1941,165323,496,159800,24907,295913,84137,23113,21477,13281,9093,18723,33451,15685,28787,48166
2019,R14000,ê_ìﬁêÏåß,9224000,4589000,4635000,9004000,4481000,4523000,1099000,563000,536000,5771000,2985000,2786000,2329000,1037000,1291000,63035,32367,30668,1.28,83968,44768,39200,214726,116340,98386,190875,106343,84532,45922,14890,16.9,32.7,2.9,111,1937.0,38708,8435889,1341,55024,179500,583000,645,7880,109053,889,25889,459003,476,14575,223830,75417,71362,235,12979,203674,65684,39958,14,30,340,5378,6120,177372,2664,168,35022,3352,108,12,27445,3493,155321,723523,767225,23310,27268,415424,19981840,2956530,70598,14506,27195,28580,5245160,1653014,2410932,1167014,2856077,848,24.1,289,6820,4948,1855,152564,750,141983,22703,307594,82908,19411,20405,10914,13015,16267,42400,14446,33373,54454
2018,R14000,ê_ìﬁêÏåß,9197000,4579000,4618000,8999000,4484000,4515000,1111000,569000,542000,5761000,2979000,2782000,2305000,1028000,1277000,66564,34335,32229,1.33,82336,43899,38437,212423,115360,97063,193557,107755,85802,45079,14943,17.1,32.2,2.1,104,1573.5,37972,8258593,1341,51525,177800,551600,653,7955,113738,888,25536,461304,477,14547,225555,77128,73269,235,12936,206716,66605,40384,14,30,347,5403,6326,180033,2730,154,36095,3517,108,12,26540,3387,160804,734732,819058,26986,31067,401902,18440910,2471030,73462,13782,28257,31312,5363705,1580939,2647745,1130903,2834103,845,24.3,293,6739,4933,1761,150202,864,141156,22326,301237,80546,26314,19378,10317,12632,15928,32826,14144,31101,58051
2017,R14000,ê_ìﬁêÏåß,9173000,4571000,4602000,8994000,4486000,4508000,1122000,574000,548000,5763000,2979000,2784000,2274000,1015000,1258000,68133,34788,33345,1.34,80354,43286,37068,207941,113252,94689,194786,108864,85922,46275,15370,16.3,31.2,3.1,97,1628.5,39070,8406943,1341,50275,176200,522100,667,8059,118478,887,25328,461553,476,14620,229641,77611,74126,235,12883,207864,66239,40369,15,32,346,5448,6509,179846,2826,168,35652,3772,110,12,26552,3274,172678,772339,830324,30208,34557,389500,17061720,2132020,74756,14006,31665,28738,5409102,1615624,2488769,1285423,2873102,858,24.4,291,6661,4915,1524,129604,756,130844,21236,332034,85457,18750,20075,12662,14681,16228,45332,16578,39351,62921
2016,R14000,ê_ìﬁêÏåß,9152000,4566000,4585000,8988000,4489000,4499000,1135000,581000,554000,5778000,2987000,2791000,2232000,997000,1234000,70649,36257,34392,1.36,77363,41520,35843,205368,112883,92485,193312,108956,84356,46696,15674,16.9,31.3,3.4,116,1969.5,39568,8230567,1362,49915,174500,493900,676,8095,124045,888,25067,462880,475,14631,232971,78659,75216,235,12779,208172,66400,40674,15,31,347,5360,6657,179410,2924,183,35754,3806,110,13,26562,3231,184558,817380,765309,32530,37556,370171,16482910,2081890,77303,15021,32203,29512,5629324,1738993,2558895,1308281,2913221,872,24.8,294,6711,4989,1457,125916,497,126825,20132,325377,84424,18414,20000,9829,14613,16215,41694,15725,36670,67794
2015,R14000,ê_ìﬁêÏåß,9126214,4558978,4567236,8887304,4437047,4450257,1140748,583535,557213,5744383,2961819,2782564,2158157,964254,1193903,73476,37758,35718,1.39,75765,40969,34796,210995,115930,95065,197467,111884,85583,48264,16235,16.7,30.2,2.7,119,1836.0,37956,8012141,1387,49184,173700,436600,688,8217,129500,889,25081,466464,476,14669,235344,79314,75961,235,12589,206616,65311,40139,16,30,362,5283,6949,179100,3097,297,35224,3684,111,14,25897,3174,197482,878971,750765,35087,40239,322424,16449920,2088100,71516,14876,28223,28298,5280424,1731180,2352325,1189458,2954371,884,25.2,294,6648,4951,1354,118557,625,119199,18785,313762,83082,21951,23215,11904,14253,14211,31818,18130,36446,58752
2014,R14000,ê_ìﬁêÏåß,9103000,4551000,4552000,8967000,4489000,4478000,1161000,595000,567000,5820000,3009000,2811000,2115000,945000,1170000,72997,37565,35432,1.31,74387,40411,33976,203866,111968,91898,191011,107756,83255,48852,16005,16.2,30.5,2.5,103,1860.0,37261,7894637,1416,48752,171800,423200,720,8577,137910,889,24895,468512,478,14634,236462,78931,75242,235,12448,205223,64590,39834,16,29,356,5167,7095,178405,3104,283,35353,3630,110,14,25289,3136,211532,944627,718566,36720,42566,306468,16103000,1353540,68314,14323,28224,24993,5126117,1668209,2137133,1257990,2971896,893,25.7,294,6556,4920,1225,110806,1079,114408,17997,298009,75160,19306,22599,10168,12889,16291,37880,13330,33222,57165
2013,R14000,ê_ìﬁêÏåß,9084000,4546000,4538000,8956000,4487000,4468000,1170000,599000,571000,5876000,3038000,2839000,2033000,907000,1126000,74320,38245,36075,1.31,72970,39611,33359,207670,113771,93899,195314,110213,85101,49769,16587,16.6,32.7,1.8,95,1516.5,44511,9506098,1443,55671,169900,402000,724,8511,141407,890,24760,471280,480,14637,237461,79734,75709,236,12353,201949,63150,38502,16,29,358,5149,7240,179331,3148,307,35766,3837,110,17,24558,3066,228922,1061521,664239,38248,44489,310358,14674170,1015740,77359,18426,27311,31481,6225367,2162325,2772012,1283915,3008291,906,25.3,295,6545,4915,1146,103996,1462,106750,17051,309536,77034,21360,22272,9507,12845,14137,40827,16228,37088,58237
2012,R14000,ê_ìﬁêÏåß,9070000,4544000,4526000,8946000,4488000,4458000,1178000,602000,575000,5942000,3071000,2870000,1948000,869000,1079000,75477,38710,36767,1.30,71996,39450,32546,207908,114301,93607,199306,112686,86620,51530,16812,15.8,32.4,1.7,110,1997.5,41490,8848510,1498,49850,178200,401400,728,8533,143312,892,24799,475519,481,14577,236734,78468,74159,236,12341,201387,64534,38850,18,29,371,5151,7379,186788,3208,345,35721,3855,110,19,23976,2988,252396,1165301,597671,40302,47245,364763,14027600,822610,69968,17241,23802,28809,5743332,2009232,2618562,1107047,3056604,921,24.8,298,6497,4902,1079,99091,2039,103144,16204,304866,74570,22640,22589,10394,13088,13030,43386,13873,32525,58770
2023,R15000,êVäÉåß,2126000,1034000,1092000,2107000,1026000,1082000,228000,117000,111000,1179000,604000,575000,720000,313000,406000,10916,5562,5354,1.23,33185,16351,16834,20023,11693,8330,26184,14507,11677,6262,2511,15.4,35.6,0.2,154,1866.0,11109,1506845,1917,43693,25800,76200,64,593,2961,436,8035,99137,230,4692,52334,17700,16494,101,3784,49151,15579,8361,5,22,87,2843,1237,28173,569,43,6457,1160,83,5,15082,95,59299,252332,437600,17701,17928,26684,7432330,274890,8385,4836,2207,1306,790684,554651,129627,104132,748692,956,18.7,100,1655,1092,506,48683,0,36224,6836,301215,82712,24071,26185,13006,9397,11123,47494,6547,25310,55371
2022,R15000,êVäÉåß,2153000,1046000,1107000,2136000,1039000,1097000,235000,120000,115000,1195000,612000,584000,722000,314000,408000,11732,6037,5695,1.27,32313,15849,16464,20558,12111,8447,26522,14626,11896,6823,2415,14.5,30.6,-0.1,171,2002.0,12438,1731609,1952,44240,25800,75600,70,638,3525,441,8121,101894,230,4713,52709,17802,16753,101,3866,50345,16473,8638,5,22,89,2802,1273,27893,556,41,6327,1117,84,5,15421,80,59843,248520,435251,18334,18537,8233,6739470,57190,9517,5596,2348,1558,925318,656709,157493,109001,786618,994,19.9,100,1685,1117,714,72018,0,59330,7046,295332,80495,18918,28903,11501,7914,12575,45368,9934,24800,54924
2021,R15000,êVäÉåß,2177000,1057000,1120000,2161000,1051000,1110000,242000,124000,118000,1213000,620000,593000,723000,313000,409000,12608,6448,6160,1.32,30990,15365,15625,20603,12159,8444,26389,14672,11717,7088,2617,14.5,30.8,-0.8,162,1952.0,13250,1895872,1984,44410,25800,75400,76,703,4341,444,8172,103680,230,4749,53720,18192,17288,101,3930,51594,17172,8624,5,22,90,2818,1346,27546,628,45,6271,1148,84,7,14856,69,61308,255127,397909,19395,19527,3167,5477170,20160,10792,6143,2849,1778,1059524,744308,183641,129454,798354,998,20.5,104,1679,1130,720,70136,0,57964,5991,313678,79937,24144,25233,11859,8829,13883,60815,12569,22917,53491
2020,R15000,êVäÉåß,2201272,1068670,1132602,2168416,1053533,1114883,247480,126902,120578,1210917,616752,594165,715935,309603,406332,12981,6616,6365,1.33,29455,14652,14803,20451,12150,8301,26558,14848,11710,7570,2637,14.7,31.5,1.5,182,2077.5,12445,1882984,2020,43449,26000,75700,85,803,5239,452,8286,105818,230,4755,53720,17702,16996,102,4046,53114,17158,8283,5,21,92,2820,1417,27153,647,35,6182,1118,85,7,14379,98,63518,266037,349762,18785,18829,10627,5489410,157710,10722,5929,3053,1695,1034304,722758,167785,140271,820134,1016,21.7,105,1653,1132,721,73818,3,62210,6939,273946,75581,13904,23760,11072,9041,12429,45737,10323,23895,48205
2019,R15000,êVäÉåß,2224000,1079000,1145000,2208000,1073000,1135000,254000,130000,124000,1249000,637000,612000,720000,311000,409000,13640,6930,6710,1.38,30572,15032,15540,20178,11921,8257,28340,15535,12805,8742,2823,14.6,31.7,0.5,153,1352.0,14205,2008712,2062,44112,25900,75100,89,821,5873,456,8303,107351,232,4750,54441,18495,17883,102,4194,55030,18311,8776,5,20,94,2713,1394,26543,620,37,6040,1046,83,6,14642,114,68414,257138,419727,23462,23795,45383,8252690,381920,11703,6749,3603,1296,1154860,843080,136582,171115,845564,1034,22.0,108,1671,1152,723,70781,2,62874,7125,294196,75753,10362,25991,11260,11081,11938,53272,11309,28054,55176
2018,R15000,êVäÉåß,2246000,1090000,1157000,2232000,1084000,1148000,260000,134000,126000,1270000,647000,623000,716000,308000,408000,14509,7419,7090,1.41,30068,14870,15198,20644,12278,8366,28188,15455,12733,8612,2814,14.3,31.7,-1.6,173,1795.5,14232,2227290,2112,44371,25900,74900,92,863,6531,465,8341,109403,234,4807,55315,19056,18468,102,4262,56649,18562,8597,5,19,95,2632,1405,26314,637,38,6143,1077,81,6,14882,124,72383,262192,445641,26203,26664,44473,7666700,286350,11592,6486,3694,1341,1139602,819123,134836,178851,851718,1034,22.9,108,1671,1159,722,68109,1,60042,7455,291158,74871,10291,26565,9161,8823,12236,53924,8674,25738,60875
2017,R15000,êVäÉåß,2267000,1099000,1168000,2254000,1094000,1160000,265000,136000,129000,1292000,658000,634000,709000,304000,405000,14967,7708,7259,1.41,29323,14650,14673,21372,12590,8782,27938,15444,12494,8916,2902,13.7,29.8,0.3,169,2036.5,13508,2172345,2140,44470,26000,74800,97,862,7257,474,8300,110916,237,4902,56940,19201,18727,103,4372,58524,18890,8658,5,18,96,2372,1423,26106,606,36,5914,1120,81,6,15272,129,75331,273175,408052,27448,27777,42387,7513730,214870,12046,6174,4506,1303,1143083,780259,132101,226142,846608,1017,22.2,109,1675,1162,700,66370,2,60282,7551,291583,72534,20406,25663,9704,9252,10698,47775,10920,23572,61059
2016,R15000,êVäÉåß,2286000,1107000,1179000,2274000,1103000,1171000,271000,139000,132000,1315000,669000,646000,700000,299000,401000,15737,8126,7611,1.43,28822,14460,14362,21316,12520,8796,27505,15145,12360,9312,2987,14.5,31.1,0.7,164,1499.0,13781,2234220,2175,44854,26200,75300,101,925,8263,484,8355,112133,238,4962,58851,20501,20074,104,4426,59454,19427,8693,5,18,97,2395,1467,25937,689,42,5854,1087,81,5,15602,154,81143,293271,362539,29555,29915,40429,7459160,190950,12750,6595,5136,992,1216083,850033,103427,260404,850221,1012,22.7,111,1688,1168,692,65536,0,60438,7801,275978,73208,13701,24123,9668,8742,11481,37333,10838,24245,62638
2015,R15000,êVäÉåß,2304264,1115413,1188851,2289345,1109570,1179775,275945,141466,134479,1333453,676493,656960,685085,291629,393456,16340,8359,7981,1.44,28297,14224,14073,21852,12862,8990,28587,15837,12750,9437,3193,14.4,29.5,0.5,152,1467.5,13292,2160136,2216,45552,26500,76300,115,1068,9633,487,8355,114134,238,5004,60358,20628,20223,106,4493,60453,19479,9005,5,18,102,2358,1468,25514,642,38,5627,1039,81,6,16282,155,88124,316800,352154,31219,31585,36981,7419210,177320,11648,6375,4123,1043,1134835,822819,105307,198632,874457,1030,22.8,112,1694,1172,694,63811,0,60916,8016,286762,75385,16719,27614,9936,10801,11003,42617,7786,25782,59119
2014,R15000,êVäÉåß,2320000,1123000,1198000,2309000,1119000,1190000,282000,145000,137000,1359000,690000,669000,672000,284000,388000,16480,8424,8056,1.43,28316,14316,14000,21853,12606,9247,27371,15120,12251,9955,3175,13.7,29.6,-0.3,170,1984.0,13039,2291444,2291,46452,26900,77600,154,1532,14675,497,8389,115671,238,5087,62251,21062,20631,105,4565,61504,19873,9192,5,18,98,2346,1559,25180,725,39,5902,1088,79,6,16880,158,93376,339185,361423,32872,33117,38313,7387930,114610,11562,6368,4125,984,1135983,831898,100607,198543,881955,1033,23.3,111,1687,1170,679,61237,17,60061,8313,278832,68359,13278,27715,10314,8910,10291,48785,6322,26033,58825
2013,R15000,êVäÉåß,2336000,1130000,1206000,2325000,1126000,1199000,287000,147000,140000,1388000,705000,684000,655000,275000,380000,17066,8821,8245,1.44,28383,14160,14223,22656,13105,9551,27788,15365,12423,9965,3276,13.8,30.7,-1.2,172,2327.0,16086,2668172,2355,46738,27300,79200,155,1525,15001,510,8513,118425,240,5165,63367,21620,21204,103,4564,61709,19626,9091,5,18,102,2326,1575,25072,682,38,5772,1034,78,6,17144,157,102117,377133,345024,34849,34964,42690,7302720,93590,13576,8415,4432,710,1425961,1128680,75847,217695,893620,1039,23.2,111,1684,1173,667,59382,0,58634,8004,277591,69774,16101,27156,10328,9575,11359,44124,11156,23564,54455
2012,R15000,êVäÉåß,2350000,1137000,1214000,2339000,1133000,1206000,292000,150000,142000,1415000,718000,697000,639000,267000,373000,17476,8914,8562,1.43,28083,14388,13695,22966,13277,9689,27811,15419,12392,10220,3222,13.8,31.9,-1.2,165,1810.0,13975,2381785,2408,46914,29400,87300,156,1519,15594,525,8626,120812,241,5173,64445,21703,21259,106,4725,63642,21246,9444,6,18,100,2326,1511,25053,623,26,5800,1142,79,7,16449,145,111072,416832,308754,35560,35629,50372,7446880,81100,11490,6956,3775,730,1195960,927556,76117,189082,903998,1044,23.0,111,1672,1185,688,60984,0,59654,8193,293075,68971,16850,26905,11390,10093,12074,41844,11606,26384,66959
2023,R16000,ïxéRåß,1007000,490000,516000,987000,480000,507000,108000,56000,53000,566000,293000,273000,333000,142000,191000,5512,2844,2668,1.35,15095,7312,7783,11588,6777,4811,13556,7693,5863,3276,1126,16.1,35.8,0.6,162,2388.5,7041,903275,380,15071,30900,80200,27,209,1502,178,3661,46089,76,2015,25068,8558,8269,49,2138,24689,8040,4694,2,5,75,1152,934,10981,447,17,2439,658,21,22,2700,4021,25243,108928,172748,7697,7876,16849,3228130,214550,4909,2429,1861,588,449783,292271,62116,92852,369155,989,21.4,86,744,431,153,14604,0,11114,1901,327503,86794,19413,27890,12215,9194,13518,67089,6256,25900,59235
2022,R16000,ïxéRåß,1017000,495000,522000,998000,485000,513000,111000,57000,54000,570000,295000,275000,335000,143000,192000,6022,3094,2928,1.46,15052,7383,7669,11818,7003,4815,13332,7531,5801,3496,1074,15.1,32.4,-0.4,169,2401.5,8169,1037625,374,16278,30800,78000,30,228,1741,178,3627,46879,76,2036,25690,8702,8441,49,2175,25394,8308,4772,2,5,72,1125,1022,11017,459,17,2492,633,22,22,2972,3679,25617,107360,175018,8072,8195,5241,2650130,23990,5337,2842,1833,608,498764,349234,63065,84092,384214,1021,21.5,87,758,439,297,32834,0,28821,1967,316801,83483,14845,30775,13033,9881,15874,47958,9369,30155,61429
2021,R16000,ïxéRåß,1025000,498000,527000,1008000,490000,518000,114000,58000,55000,575000,296000,279000,337000,144000,193000,6076,3129,2947,1.42,13650,6834,6816,11479,6799,4680,13096,7383,5713,3548,1164,15.1,31.5,-0.1,171,2609.5,7758,1098129,374,15248,30800,76600,38,265,2027,181,3610,47818,77,2037,26146,8871,8649,53,2209,26068,8517,4812,2,5,76,1111,1066,10857,493,26,2358,600,23,22,2946,3725,26392,110138,163013,8483,8555,2142,2075620,9290,5660,3090,1817,727,553726,389012,77243,85106,391546,1032,22.3,87,763,437,295,32573,0,28929,2187,317803,81291,14002,26266,11713,9117,13547,52085,12522,28117,69143
2020,R16000,ïxéRåß,1034814,502637,532177,1009388,490245,519143,115177,59295,55882,568052,290743,277309,333008,141663,191345,6256,3236,3020,1.44,12981,6403,6578,11545,6884,4661,13267,7387,5880,3720,1239,15.4,33.9,1.6,186,2136.0,6898,1002817,390,14969,30800,76100,42,284,2249,183,3595,48757,78,2052,26565,8966,8758,53,2222,26722,8720,4772,2,5,77,1112,1123,10739,492,17,2393,517,24,22,3091,3162,25939,112446,138351,7864,7979,6511,1994230,38900,5173,3031,1614,521,523814,393131,54100,75824,397704,1039,22.7,87,759,442,294,32511,0,29101,2251,302233,80185,13035,25840,12610,9779,12348,48804,8802,27599,63232
2019,R16000,ïxéRåß,1043000,506000,537000,1026000,498000,528000,119000,61000,58000,587000,301000,286000,337000,144000,193000,6604,3414,3190,1.53,13207,6555,6652,11663,6836,4827,13669,7603,6066,4226,1327,15.2,32.1,0.5,166,2097.5,7799,1157442,418,15576,30700,74500,47,337,2634,188,3574,49847,82,2109,27235,9304,9115,53,2237,27680,9192,5086,2,5,75,1133,1102,10561,456,10,2298,435,26,23,3198,3179,27780,105948,181929,9685,9990,26774,3218200,276670,5919,3265,2041,587,596353,430035,62788,102006,404812,1046,23.0,87,762,443,301,32331,0,28398,2678,307640,78375,17603,25679,11687,10449,12506,51376,8174,29062,62729
2018,R16000,ïxéRåß,1050000,510000,541000,1035000,502000,533000,122000,63000,59000,593000,304000,289000,336000,143000,193000,6846,3551,3295,1.52,13066,6478,6588,11732,6990,4742,13349,7544,5805,4234,1322,15.0,32.8,-1.0,179,2751.0,8281,1225891,426,15303,30600,73600,51,368,3050,190,3587,50907,82,2130,27879,9552,9369,53,2278,28286,9142,4814,2,5,74,1087,1006,10370,445,13,2309,465,27,23,3356,3028,29119,107027,199681,11212,11293,25883,3116130,265870,6400,3386,2251,724,641446,451432,73545,113475,406000,1045,24.1,88,764,445,303,33851,0,31233,2970,324437,82244,11929,27618,11981,10567,12936,55863,13324,29748,68226
2017,R16000,ïxéRåß,1056000,512000,545000,1043000,505000,537000,124000,64000,60000,598000,306000,292000,334000,142000,192000,7178,3725,3453,1.55,13161,6543,6618,12305,7360,4945,13398,7429,5969,4360,1393,14.3,31.3,0.2,183,2699.5,7602,1162682,433,15034,30500,72600,57,430,3807,193,3598,51932,82,2116,28534,9656,9532,53,2306,28708,9195,4768,2,5,76,1061,1037,10322,476,12,2334,459,27,23,3300,3226,30100,109960,187365,11643,11801,25714,3091600,263840,6588,3240,2599,735,636274,433911,75275,124597,407705,1044,24.1,87,760,445,293,31675,0,29536,2767,315868,75469,16361,24743,11216,10510,12089,45051,8580,28992,82857
2016,R16000,ïxéRåß,1061000,513000,548000,1049000,508000,541000,127000,65000,62000,604000,308000,296000,330000,140000,190000,7302,3720,3582,1.50,12864,6444,6420,12206,7288,4918,13210,7210,6000,4486,1368,15.2,31.3,1.0,171,2335.5,7730,1220550,435,14788,30600,72600,66,487,4547,193,3614,53112,83,2149,29312,10111,9994,53,2313,28624,9115,4758,2,5,73,1052,1084,10189,501,16,2255,435,28,24,3253,2980,31352,116567,167922,11707,11840,23553,2842140,198210,7249,3368,3060,651,692385,459498,72795,153793,407807,1039,23.9,87,758,453,288,31483,0,29281,2988,309205,75501,12236,24105,9540,11371,12630,45581,11414,27761,79066
2015,R16000,ïxéRåß,1066328,515147,551181,1052353,509212,543141,128848,66211,62637,605545,307121,298424,322899,136565,186334,7567,3876,3691,1.51,12731,6506,6225,12549,7379,5170,13594,7555,6039,4539,1477,14.8,30.6,0.1,174,2140.5,7427,1206487,444,14288,30500,71700,74,524,5228,196,3653,54195,83,2173,29867,10095,9938,53,2309,28671,9161,4761,2,5,73,1055,1128,10173,492,10,2276,451,29,25,3425,2320,32927,125035,161896,12344,12470,21526,3152110,192200,6261,3174,2204,794,637231,433755,79929,117273,410200,1038,23.7,88,763,450,289,31144,0,29305,3520,313798,76198,14942,26158,11501,11487,12309,45142,10435,30294,75332
2014,R16000,ïxéRåß,1072000,517000,554000,1061000,513000,548000,133000,68000,65000,619000,314000,305000,318000,134000,184000,7556,3914,3642,1.45,12584,6469,6115,11891,6934,4957,12982,7247,5735,4540,1417,14.3,30.3,-0.5,168,2535.0,7515,1412406,460,14545,30400,70700,86,617,6605,196,3651,55277,83,2183,30419,10189,10041,53,2316,28857,9365,4870,2,5,75,1091,1161,10206,554,17,2295,402,30,25,3494,3012,34963,133516,163119,13079,13181,22549,2849000,132520,5527,3230,1829,416,591621,444592,45831,97588,413128,1042,24.0,88,768,453,288,30235,0,28968,3977,339622,74998,12856,25893,13347,12239,11924,48245,11055,31366,97700
2013,R16000,ïxéRåß,1077000,520000,558000,1067000,516000,551000,135000,69000,66000,632000,320000,312000,309000,129000,179000,7722,3973,3749,1.43,12547,6390,6157,12152,7174,4978,13506,7563,5943,4739,1562,14.5,32.9,-0.8,179,2862.5,8603,1394344,476,14985,30300,70100,89,635,6891,198,3685,56684,82,2172,30372,10063,9930,53,2308,28864,9106,4712,2,5,74,1102,1223,10289,532,9,2321,457,32,25,3442,2458,37996,147776,156641,14484,14527,23874,2888300,125600,6130,3909,1692,475,697946,546823,53319,95420,405329,1017,22.2,90,771,453,291,30127,0,29127,3941,323697,72474,11863,27780,9478,11664,11543,58812,10195,27604,82284
2012,R16000,ïxéRåß,1083000,523000,561000,1073000,518000,555000,138000,71000,67000,646000,327000,319000,299000,124000,175000,7880,4077,3803,1.42,12754,6503,6251,12680,7349,5331,13353,7445,5908,4871,1548,14.2,33.0,-1.2,182,2322.5,7211,1288083,491,15200,32100,83100,92,677,7229,199,3682,57959,83,2152,30364,10098,9939,53,2344,29279,9556,5002,3,5,72,1102,1199,10301,526,10,2251,413,32,26,3338,2391,41159,162737,136046,15171,15304,27736,2798840,79000,5470,3267,1861,285,593856,463022,32613,94891,410709,1024,22.8,91,772,453,298,30297,0,29217,3972,304475,69200,21834,26288,9605,11488,11600,42238,8029,27409,76783
2023,R17000,êŒêÏåß,1109000,539000,570000,1091000,529000,562000,128000,66000,62000,643000,328000,315000,338000,145000,193000,6757,3465,3292,1.34,14746,7363,7383,16107,9436,6671,18348,10518,7830,3792,1356,16.6,34.8,1.5,159,2333.0,4594,982569,727,29492,47900,117000,43,559,3578,202,4025,55181,90,2193,29094,9973,9639,56,2296,28988,8990,5634,4,14,70,2736,1126,27701,598,46,6404,1001,36,19,4791,3936,28193,125618,188770,7518,7371,23334,7970020,932860,5028,2662,1570,796,476282,314910,79599,81773,366477,902,12.9,75,879,472,176,18769,0,14399,2296,306536,86611,14674,25089,11573,10183,12665,47326,15196,31999,51220
2022,R17000,êŒêÏåß,1118000,543000,575000,1102000,534000,568000,132000,67000,64000,648000,330000,318000,338000,145000,193000,7075,3608,3467,1.38,14316,7046,7270,16411,9480,6931,18574,10733,7841,4214,1255,15.7,32.0,0.6,160,2223.5,5194,1056875,733,29635,46700,114300,45,566,4042,202,3999,55923,89,2220,29950,10291,10018,56,2358,28974,9376,5648,4,14,86,2739,1271,27683,606,27,6222,965,36,20,4790,4109,27969,124460,194046,7786,7702,6397,6082860,80750,5946,3042,1894,998,566077,367953,101978,95638,371877,911,14.4,78,886,479,346,38154,0,33485,2526,305812,83476,13869,27534,11819,10039,16907,46104,11682,33376,51003
2021,R17000,êŒêÏåß,1125000,546000,579000,1111000,538000,572000,135000,69000,66000,652000,332000,320000,338000,145000,193000,7258,3700,3558,1.38,13214,6498,6716,17248,10090,7158,18395,10776,7619,4214,1380,15.7,31.1,1.1,169,2690.0,5903,1176263,741,28812,45500,113900,48,577,4529,203,4032,56620,88,2212,30336,10053,9801,56,2378,29764,9995,6023,4,14,86,2749,1353,27627,686,33,6240,948,36,20,4850,4144,28351,126740,173580,7861,7763,2420,4149660,12150,7338,3571,2624,1123,685665,444199,117432,122983,371540,904,15.0,78,884,479,350,38580,0,33280,2351,307083,83862,15254,25215,12170,10311,13908,48598,14830,29965,52969
2020,R17000,êŒêÏåß,1132526,549771,582755,1102692,533544,569148,137096,70104,66992,641383,324568,316815,333660,142915,190745,7712,3973,3739,1.47,12721,6385,6336,17077,10181,6896,18576,10938,7638,4336,1474,15.9,32.9,2.8,194,2535.5,5525,1148844,738,27769,44300,115600,50,651,4834,204,4062,57706,89,2198,30259,9832,9650,56,2409,30515,9872,5711,5,13,88,2741,1440,27369,700,18,5838,921,37,20,4846,3210,28982,131323,152428,7774,7574,8534,4555390,157940,6749,3359,2564,813,625236,421966,88356,112555,377643,913,15.0,78,869,481,350,38830,0,34108,2684,299375,79070,15940,22207,13205,10384,14836,48003,13977,26566,55186
2019,R17000,êŒêÏåß,1139000,553000,586000,1124000,545000,579000,140000,71000,69000,661000,337000,324000,337000,144000,192000,7808,4000,3808,1.46,12900,6358,6542,17083,10176,6907,19639,11362,8277,4985,1532,15.8,32.1,1.3,158,2009.5,6356,1382613,743,27947,44100,118200,52,691,5530,204,4077,58793,89,2190,30109,10156,9993,56,2433,31532,10418,5879,5,13,97,2740,1402,26624,641,22,5739,890,38,20,4676,3426,29909,120344,203873,9778,9658,34248,7631900,926770,7825,3652,2775,1286,741391,466952,136749,132552,389383,933,14.9,81,872,484,355,38907,0,35158,2918,355065,87124,24847,26311,10838,12923,14016,57709,17612,37560,66126
2018,R17000,êŒêÏåß,1145000,555000,590000,1131000,548000,583000,143000,73000,70000,667000,339000,328000,334000,143000,191000,8359,4325,4034,1.54,12723,6256,6467,17392,10426,6966,18989,11074,7915,4965,1469,15.5,32.9,-0.1,185,2765.5,6605,1310302,753,26933,43000,109900,55,693,6052,208,4085,59610,89,2215,30699,10674,10531,56,2435,31987,10439,5732,5,13,104,2734,1483,25984,789,38,5705,878,38,20,4729,3373,30847,119302,218264,10953,10918,32284,7844840,846920,7980,3854,2859,1221,774082,492462,133303,144308,393629,942,15.0,81,873,483,353,38073,0,35095,3280,339175,78671,18189,26486,12514,13150,13656,61649,19808,31264,63788
2017,R17000,êŒêÏåß,1148000,557000,592000,1137000,551000,586000,145000,74000,71000,671000,341000,331000,331000,141000,190000,8696,4432,4264,1.54,12727,6317,6410,17856,10641,7215,18484,10753,7731,5170,1540,15.0,31.2,1.1,179,2703.0,6062,1210100,760,25574,42000,104200,59,713,6752,211,4114,59784,89,2233,31422,10560,10439,56,2455,32430,10357,5697,5,12,101,2634,1647,25233,803,26,5543,853,38,20,4707,3312,32371,124475,203658,11404,11378,31156,7350320,711100,7716,3681,2970,1050,741411,475162,111908,151673,406653,968,14.4,81,876,482,339,36488,0,34153,3547,335446,79714,17995,22931,10328,13717,10736,51248,18238,33219,77320
2016,R17000,êŒêÏåß,1151000,558000,594000,1141000,552000,588000,147000,75000,72000,677000,343000,334000,327000,139000,187000,8928,4646,4282,1.53,12422,6202,6220,17519,10329,7190,18330,10874,7456,5129,1654,15.7,31.8,1.5,177,2390.5,6299,1282495,759,24975,41800,98400,61,735,7105,212,4119,60503,91,2278,32309,11054,10949,56,2475,32574,10550,5739,5,12,100,2651,1607,25251,746,35,5827,906,37,20,4813,3307,33986,133072,186137,12031,12094,28960,7594220,584910,7867,3791,3052,890,751808,489856,96849,158367,414689,984,14.8,82,872,481,337,36277,0,34170,3907,306605,75981,19791,23257,8273,12429,11480,46507,13489,30597,64802
2015,R17000,êŒêÏåß,1154008,558589,595419,1138322,550939,587383,148372,75584,72788,672515,338627,333888,317151,134940,182211,9072,4587,4485,1.54,12280,6047,6233,17933,10705,7228,18220,10537,7683,5200,1703,15.3,30.9,1.2,174,2164.5,6131,1557728,766,25915,41600,90100,61,690,7347,222,4166,61639,94,2312,32861,11188,11063,56,2469,32402,10203,5577,5,12,103,2588,1585,25032,792,37,5351,884,37,20,4834,3282,36305,141985,178821,13134,13151,24634,7542450,433530,7083,3729,2490,846,717087,486682,96352,131513,421269,995,14.4,84,878,487,343,36369,0,34700,4228,310010,75794,17478,24522,10662,11152,16886,43024,8706,29776,72011
2014,R17000,êŒêÏåß,1157000,560000,597000,1148000,556000,592000,152000,77000,74000,691000,350000,341000,313000,132000,181000,8961,4580,4381,1.45,12190,6138,6052,16994,10090,6904,17580,10148,7432,5370,1708,14.8,30.4,0.7,161,2634.5,5830,1361641,791,25818,41600,85100,68,718,7830,228,4190,62162,95,2344,33427,11121,10990,56,2475,32306,10314,5602,5,12,107,2568,1605,25015,755,43,5515,896,36,20,4774,3556,38863,153493,188853,14347,14215,26338,6544330,315070,6766,3426,2372,951,688265,445281,109928,130887,417629,986,13.8,84,874,488,333,35611,0,34110,4920,335861,77986,16871,26048,10907,13244,13716,59617,14993,32808,69671
2013,R17000,êŒêÏåß,1160000,561000,599000,1151000,557000,594000,154000,79000,75000,703000,356000,348000,302000,127000,175000,9449,4869,4580,1.49,12223,6104,6119,17803,10703,7100,18585,10691,7894,5340,1812,15.0,32.0,0.2,181,3318.0,6764,1429805,804,24958,41800,84400,73,740,8086,230,4218,62954,98,2361,33736,11393,11243,56,2480,31968,10093,5464,5,12,108,2566,1597,25128,768,74,5554,871,35,21,4762,3375,41416,168967,177728,15072,14941,26946,6571350,303990,7421,4327,2165,910,800673,577585,102223,118686,422364,994,14.3,85,877,493,344,36816,0,35095,4982,324434,71501,21983,23781,9850,12958,13430,53427,11768,32628,73110
2012,R17000,êŒêÏåß,1164000,562000,601000,1155000,558000,596000,156000,80000,76000,716000,361000,355000,291000,121000,170000,9544,4846,4698,1.47,12223,6203,6020,17263,10254,7009,17684,10152,7532,5708,1765,14.8,33.1,0.0,187,2675.5,6103,1275618,826,25049,42300,89200,73,739,8192,231,4238,64137,101,2370,33622,11055,10940,56,2507,32352,10529,5670,5,12,111,2555,1633,24600,788,69,5396,878,36,21,4692,3494,45084,185959,153825,15954,15774,30930,6381790,180190,6407,3807,1862,693,691559,505076,79907,103038,422358,991,14.7,87,878,495,345,35864,0,34150,4817,313616,72967,14448,25695,10174,12161,14042,48451,17612,30630,67436
2023,R18000,ïüà‰åß,744000,364000,380000,729000,357000,372000,89000,46000,43000,421000,216000,205000,235000,102000,133000,4563,2366,2197,1.46,10426,5101,5325,8135,4870,3265,10742,6067,4675,2620,942,16.2,35.2,0.6,164,2498.0,3529,716272,892,15888,29400,55800,60,190,857,191,3117,37597,80,1835,20549,7013,6752,32,1636,20350,6515,3990,1,6,27,1046,392,9932,194,0,2366,392,18,12,1532,1849,18555,74765,139324,6735,6824,14624,2586240,55840,3936,1953,1431,539,355553,236028,52079,66388,238981,867,12.7,57,571,287,139,13001,0,10031,1451,276690,75825,13596,29225,9496,7709,12470,33336,7700,25844,61489
2022,R18000,ïüà‰åß,753000,368000,385000,738000,361000,377000,92000,47000,45000,426000,219000,207000,235000,102000,133000,4861,2428,2433,1.50,10519,5134,5385,8439,5052,3387,10970,6152,4818,2815,850,15.4,32.5,-0.4,167,2467.0,4040,739341,900,15524,29400,55500,63,203,975,193,3116,38444,81,1860,20942,7075,6841,32,1638,20535,6667,4174,1,6,29,1040,427,9966,220,1,2251,397,19,12,1571,1828,18492,73226,142094,6565,6651,4030,2221950,10790,4720,2250,1874,438,413865,277992,47824,82591,254970,917,13.0,57,573,300,289,29065,0,24337,1624,274299,75027,6220,27273,11646,8214,11522,45519,7808,22948,58123
2021,R18000,ïüà‰åß,760000,371000,389000,746000,364000,381000,94000,48000,46000,431000,221000,210000,236000,102000,133000,5223,2712,2511,1.57,9721,4743,4978,8819,5310,3509,10915,6106,4809,2821,1018,15.4,31.6,0.2,175,2858.0,4393,947729,909,15539,29600,55600,64,228,1113,194,3060,39236,83,1848,21196,7096,6899,35,1631,20701,6705,4010,1,6,30,1053,462,10065,228,4,2315,387,19,12,1479,2082,17695,71263,133443,6688,6789,1375,1929450,6790,5266,2495,1958,762,493824,320734,80342,89312,259733,925,13.3,57,578,301,284,28472,0,24998,1672,252152,72493,14345,25073,10918,6857,11861,34999,9816,22124,43667
2020,R18000,ïüà‰åß,766863,373973,392890,746068,364095,381973,95544,49101,46443,427984,217754,210230,232684,100768,131916,5313,2678,2635,1.56,9286,4644,4642,8492,5107,3385,10800,6108,4692,3029,1052,15.6,34.0,2.2,181,2531.5,3967,690566,932,15762,29700,55900,67,257,1311,196,3095,40177,82,1832,21170,7019,6880,35,1654,21221,7089,4217,1,6,32,1050,459,10068,219,3,2242,341,20,12,1477,1856,18025,74143,115269,6494,6515,5136,2063560,16360,3961,2386,1194,371,406112,308321,41074,55814,265495,938,13.4,57,573,301,284,27969,0,25632,1887,253715,75628,12243,24883,10398,7392,12936,32947,9089,23553,44645
2019,R18000,ïüà‰åß,771000,376000,396000,758000,370000,388000,97000,50000,47000,436000,222000,214000,235000,102000,133000,5307,2770,2537,1.56,9593,4753,4840,8384,5081,3303,11216,6299,4917,3320,1093,15.6,33.0,0.7,172,1851.5,4463,883137,949,15959,30100,54200,71,290,1567,196,3096,41062,82,1835,21206,7107,6978,35,1654,21856,7260,4130,2,6,32,1045,486,9922,253,1,2181,334,20,12,1550,1883,19024,70236,134802,7695,7760,20830,3139410,79440,4827,2598,1653,563,483874,340676,59136,82315,275483,964,14.3,57,573,300,280,27936,10,25400,1998,286636,76582,14360,25639,12412,9321,12517,42775,11039,24358,57634
2018,R18000,ïüà‰åß,777000,378000,399000,764000,372000,391000,99000,51000,48000,441000,224000,217000,234000,101000,133000,5826,2991,2835,1.67,9221,4623,4598,8608,5141,3467,10767,6023,4744,3274,1081,15.3,33.7,-1.6,175,2632.0,4612,939655,973,16193,30300,54500,76,323,1914,200,3130,41801,82,1833,21304,7186,7060,35,1661,22265,7167,4010,2,6,66,1026,712,9820,435,3,2138,354,20,15,1559,2192,19156,69918,139838,8417,8505,20588,3016400,65560,4662,2624,1628,384,474415,350577,42526,78791,287646,1001,18.6,57,575,299,279,27977,18,25588,2093,283352,74240,11937,24929,8853,10640,10336,44709,9340,25546,62822
2017,R18000,ïüà‰åß,780000,379000,401000,769000,374000,394000,101000,52000,49000,446000,226000,220000,232000,100000,132000,5856,2966,2890,1.62,9347,4672,4675,8754,5187,3567,10273,5735,4538,3381,1084,14.6,32.0,0.4,180,2506.5,4022,789523,987,15792,30700,54900,83,391,2585,201,3119,42177,83,1851,21773,7466,7350,35,1677,22592,7365,4183,2,6,64,938,948,9612,452,6,2110,378,20,16,1572,1999,19441,71972,132724,8658,8791,19516,2818900,53800,3875,2268,1214,385,407960,305769,43019,57815,283318,981,18.0,58,575,296,269,27069,0,25559,2272,266190,75836,11563,23450,9423,9537,11172,34521,7821,26530,56337
2016,R18000,ïüà‰åß,783000,380000,403000,773000,376000,397000,102000,52000,50000,451000,228000,223000,229000,99000,130000,6114,3175,2939,1.65,9228,4606,4622,8557,4946,3611,10377,5810,4567,3453,1119,15.6,32.3,1.0,165,2027.0,4266,810277,1003,16008,31000,55700,88,437,3078,202,3158,42962,84,1887,22710,7821,7697,36,1682,22839,7564,4227,2,5,88,898,1148,9359,444,3,2057,406,21,17,1681,1861,21120,77476,125688,9311,9359,17778,2924960,48530,4091,2477,1204,402,445614,336377,45153,63028,278184,958,16.6,58,581,292,267,26668,0,25444,2432,265134,69783,12335,22408,8805,10267,10821,33764,10638,23791,62521
2015,R18000,ïüà‰åß,786740,381474,405266,774337,376236,398101,102986,52796,50190,451409,227558,223851,222408,95685,126723,6230,3226,3004,1.63,8971,4450,4521,8528,5063,3465,10682,6070,4612,3481,1194,15.2,31.8,0.7,171,2299.5,4096,782934,1021,16005,31500,56400,96,462,3337,202,3130,43298,84,1868,23136,7741,7622,38,1711,23026,7348,4118,2,5,85,892,1181,9118,456,7,1918,366,22,17,1851,1935,22707,82782,116093,9704,9920,15889,3161220,48430,3968,2365,1199,398,429707,324997,43439,60030,277789,948,16.1,60,581,290,268,26220,0,25212,2821,279454,72418,14276,22868,8688,11469,11044,34437,7464,25413,71377
2014,R18000,ïüà‰åß,791000,383000,408000,782000,380000,402000,106000,54000,52000,463000,234000,229000,220000,94000,127000,6166,3169,2997,1.55,8817,4421,4396,8048,4768,3280,10294,5858,4436,3706,1135,14.6,30.7,-0.3,169,2463.5,3889,856729,1067,16166,32000,57400,122,572,4768,206,3169,43775,85,1900,23464,7906,7754,39,1762,23235,7503,4147,2,5,82,890,1215,9029,484,11,1954,337,21,19,2000,1952,23629,87820,112191,10420,10460,16283,2634730,27350,3548,2233,966,329,405228,314231,39250,50187,280103,954,16.6,60,582,292,253,24260,0,24329,3228,283518,68391,19387,24709,9192,10854,11722,40858,6682,25645,66078
2013,R18000,ïüà‰åß,796000,385000,410000,786000,381000,404000,108000,55000,53000,473000,239000,234000,214000,90000,124000,6461,3295,3166,1.60,8764,4451,4313,8493,4944,3549,10548,5891,4657,3744,1181,14.9,33.1,-0.1,172,2725.5,4882,926864,1102,16710,32800,58800,125,563,5016,207,3190,44457,85,1903,23816,8156,7998,38,1748,23229,7483,3997,3,4,84,872,1148,8907,392,8,1986,362,22,19,2038,2050,25514,99617,107591,10799,10825,17264,2386970,28460,4334,2993,917,417,527345,428224,49709,48437,285639,967,17.0,60,591,291,261,24940,0,25240,3430,287092,65732,12394,25387,9635,10165,8314,53946,10735,24249,66535
2012,R18000,ïüà‰åß,800000,387000,412000,790000,383000,407000,109000,56000,53000,482000,243000,239000,208000,87000,120000,6712,3452,3260,1.60,8795,4427,4368,8819,5185,3634,10460,5906,4554,3634,1240,14.6,34.2,-1.0,178,2492.5,4334,824406,1126,16983,33400,62100,125,555,5242,207,3181,45023,85,1889,24086,7983,7821,40,1838,23748,7776,4107,3,4,93,896,1152,8765,466,20,1880,348,21,20,2057,2142,27060,105985,101341,11037,11105,20828,2454870,21030,3803,2525,919,353,448607,358024,41162,48644,289940,976,17.8,62,589,286,267,25405,0,25206,3383,278972,67355,13074,25327,9636,10110,10056,36628,10113,25515,71158
2023,R19000,éRóúåß,796000,391000,404000,776000,382000,394000,87000,44000,43000,456000,235000,221000,253000,111000,141000,4397,2229,2168,1.32,11267,5733,5534,12998,7525,5473,13814,7829,5985,2763,1118,16.4,34.5,-2.3,75,946.5,4111,689252,1328,27258,23300,44100,54,517,3241,176,3247,37448,92,1807,20231,6881,6329,40,1744,21471,6988,4358,3,7,61,1328,811,15850,398,111,3495,361,24,12,2377,578,20325,94421,118799,4874,5131,16874,6010700,1146270,3939,2369,1094,467,377649,273755,48854,53834,273595,926,15.6,52,726,418,169,18119,0,12026,2139,297715,78204,17630,23725,11973,9084,17817,56180,8157,25664,49280
2022,R19000,éRóúåß,802000,394000,408000,784000,385000,398000,89000,46000,44000,460000,237000,223000,252000,111000,141000,4759,2416,2343,1.40,11090,5519,5571,13587,7881,5706,13599,7634,5965,2875,1128,15.7,33.0,-2.9,98,1019.5,4737,719359,1330,27303,23500,44300,55,527,3472,177,3232,38141,92,1834,20564,7002,6510,40,1780,22070,7268,4439,3,7,62,1279,886,16035,438,115,3577,351,24,11,2454,297,20957,91690,127760,5066,5383,5542,4543080,121830,4496,2832,1108,546,448041,329005,57215,60265,282526,951,15.8,52,752,429,233,24119,0,18339,1930,285583,74848,20419,24460,12114,9709,14347,40923,6188,22772,59803
2021,R19000,éRóúåß,805000,395000,410000,789000,388000,402000,91000,46000,45000,463000,238000,225000,252000,111000,141000,4966,2493,2473,1.43,10107,5097,5010,13924,8041,5883,13672,7697,5975,2974,1155,15.7,32.4,-1.7,86,1246.0,4730,906792,1323,26600,23700,44600,55,535,3693,177,3162,38572,93,1829,20955,7099,6671,43,1820,22717,7541,4507,3,7,60,1284,993,16097,500,123,3476,360,24,12,2508,217,21262,92944,116440,5256,5467,1903,3489960,13000,4609,2935,1072,540,462700,347256,58713,53878,284028,952,16.6,52,750,428,231,25751,0,20612,2168,270816,73192,16729,20762,10011,8053,11986,42183,10690,21942,55269
2020,R19000,éRóúåß,809974,397309,412665,786673,386041,400632,91629,46780,44849,453633,231727,221906,245884,108049,137835,5184,2652,2532,1.48,9796,4985,4811,12532,7173,5359,13890,7724,6166,3182,1296,15.9,35.8,0.2,89,1431.0,4378,653827,1327,26518,24000,45100,56,526,3841,177,3151,39153,93,1847,21202,7158,6790,43,1827,23384,7727,4533,3,7,60,1253,1044,16126,498,114,3471,311,24,12,2496,314,22225,99946,94823,5196,5384,5711,3433690,201510,4130,2818,824,476,427988,332462,51842,43111,291457,972,17.2,52,697,432,233,25039,0,19107,1947,290406,76623,16718,21662,12158,9302,12856,46564,10919,26373,57231
2019,R19000,éRóúåß,815000,400000,415000,800000,393000,407000,95000,48000,46000,466000,239000,228000,250000,110000,140000,5193,2631,2562,1.44,10083,5133,4950,12267,6973,5294,14620,7980,6640,3664,1356,15.9,33.8,-2.3,95,1168.0,4585,776305,1331,26332,24300,45600,57,515,3913,178,3123,39951,93,1849,21544,7319,6984,42,1829,24070,7888,4496,3,7,63,1278,1062,16047,509,92,3853,288,24,13,2535,423,22784,92155,119195,6165,6545,22763,6826030,1779730,4317,2869,827,571,449206,340702,62651,43964,298771,986,16.7,52,698,435,231,24172,0,19834,2171,298705,72356,19477,21427,9314,10562,12635,47038,6606,28479,70812
2018,R19000,éRóúåß,821000,402000,418000,807000,396000,411000,97000,50000,47000,473000,242000,231000,248000,109000,139000,5556,2821,2735,1.53,9916,5001,4915,12351,7043,5308,14805,8115,6690,3473,1287,16.0,34.5,-2.8,84,1153.5,4803,1103017,1328,25460,24600,46000,57,509,4019,181,3142,40848,93,1863,22020,7561,7269,42,1888,24592,8010,4439,3,7,61,1288,1064,16010,509,116,3511,283,24,13,2479,472,23426,92107,129199,7275,7704,22022,6568790,1618010,4839,2963,1164,529,492459,354914,57420,65012,299168,985,17.0,52,695,436,231,25024,0,20578,2172,273076,70980,9105,22777,9126,9309,10819,38873,9817,23244,69026
2017,R19000,éRóúåß,826000,404000,421000,813000,399000,414000,99000,51000,48000,479000,245000,234000,245000,107000,138000,5705,2861,2844,1.50,9678,4903,4775,12258,7054,5204,14942,8327,6615,3610,1373,14.9,33.3,-2.3,86,1076.0,4658,869903,1341,25272,25000,46500,58,505,4160,182,3124,41598,92,1858,22633,7768,7497,42,1915,25206,8341,4768,3,7,66,1238,1095,15895,535,97,3371,300,24,12,2587,142,24121,93787,123949,7612,7987,21403,6071070,1284080,4845,2880,1195,762,491730,347714,78164,65015,296717,968,15.9,52,692,436,227,23939,0,19860,2286,287703,71521,15406,21574,9121,11879,12539,38964,9153,26806,70739
2016,R19000,éRóúåß,831000,407000,424000,819000,401000,417000,101000,52000,49000,487000,248000,238000,242000,106000,136000,5819,2945,2874,1.51,9565,4901,4664,12366,7189,5177,14377,7923,6454,3673,1369,15.7,33.4,-2.3,97,1125.0,4582,819644,1384,24114,25400,47300,62,541,4622,185,3131,42379,92,1866,23371,8024,7740,42,1933,25501,8229,4682,3,7,64,1224,1163,16008,576,98,3521,305,24,13,2446,163,25505,98975,107183,7897,8337,20122,5851530,1227020,4952,2903,1549,468,493023,355668,51605,84133,306318,992,15.8,52,698,441,226,23755,0,19967,2407,282995,67954,23148,21660,10748,10311,13039,35038,7299,27853,65946
2015,R19000,éRóúåß,834930,408327,426603,819205,401381,417824,102270,52471,49799,488845,248698,240147,234544,102012,132532,5988,3079,2909,1.51,9637,4902,4735,12582,7166,5416,15135,8391,6744,3832,1441,15.6,32.6,-1.8,100,1114.5,4594,808725,1398,24889,25900,47500,65,551,4974,190,3159,43250,97,1929,23873,8087,7811,44,1982,26072,8595,4843,3,7,61,1186,1148,16093,523,76,3532,349,23,13,2323,198,27875,109551,95177,8320,8756,17739,5844570,1141040,4541,2992,1055,479,476383,361816,54130,59749,311035,999,16.3,52,695,436,222,23016,0,19669,2383,281498,70580,10583,22376,9399,12737,12132,35364,11038,31066,66222
2014,R19000,éRóúåß,841000,411000,430000,830000,407000,423000,106000,54000,52000,504000,257000,247000,231000,100000,131000,6063,3097,2966,1.43,9755,4983,4772,12029,6852,5177,14593,8047,6546,3723,1402,14.7,32.4,-2.8,82,1190.0,4400,779377,1411,23340,26600,48700,74,618,6403,191,3186,44172,97,1944,24500,8401,8139,44,2002,26346,8549,4874,3,7,60,1151,1154,16107,579,89,3537,301,23,13,2458,202,29677,118640,98297,8552,8942,17606,5623510,857810,4601,2710,1392,335,448684,331728,37159,70012,310682,995,16.7,52,688,433,219,20631,0,18958,2466,300073,72357,24946,23870,10962,11438,10058,39919,11525,29460,65537
2013,R19000,éRóúåß,847000,414000,433000,836000,409000,426000,108000,55000,53000,515000,262000,252000,225000,97000,128000,6198,3139,3059,1.44,9441,4729,4712,12399,7003,5396,14720,8151,6569,3961,1473,15.4,35.3,-3.4,67,939.0,5173,966946,1434,23369,27200,50300,74,622,6633,193,3194,45292,99,1932,24798,8325,8068,44,2016,26840,8691,4938,3,7,60,1137,1168,16195,540,79,3472,329,23,13,2515,228,31100,129627,92403,9038,9373,19481,5205100,468190,5139,3566,1151,366,553780,445121,40096,61516,310438,987,16.6,52,683,433,222,20506,0,18830,2439,271790,67396,13467,24022,8872,12855,10908,35266,10372,25739,62894
2012,R19000,éRóúåß,852000,417000,435000,841000,412000,429000,110000,57000,53000,524000,267000,257000,218000,93000,125000,6336,3193,3143,1.43,9555,4826,4729,13016,7302,5714,14294,8019,6275,3923,1591,14.8,34.6,-3.1,89,1003.5,4543,750192,1454,24931,28000,52300,74,620,6771,195,3220,46329,99,1971,25466,8748,8501,44,2043,27319,9026,5185,3,7,59,1109,1146,16209,553,88,3492,343,23,14,2490,203,33366,140383,76778,8883,9355,23761,5101350,369350,4362,3162,952,232,469239,388267,27307,51361,314192,991,17.3,52,682,429,231,20556,0,19642,2502,273153,68628,15499,21740,9006,11541,10627,36302,9167,26962,63681
2023,R20000,í∑ñÏåß,2004000,981000,1023000,1965000,963000,1002000,228000,117000,111000,1120000,575000,546000,655000,290000,366000,11125,5767,5358,1.34,28423,13997,14426,26807,15063,11744,28391,15460,12931,6600,2748,13.6,34.8,-4.1,94,830.0,10958,1706957,2578,63671,25100,52500,91,1001,7888,359,7131,98334,193,4652,52811,17931,16670,99,4226,50607,16085,8895,8,11,164,1691,1947,17295,992,39,3714,877,55,20,5864,1122,51304,227264,345801,14376,14489,35811,13414630,1064660,11046,5949,3382,1645,1048916,684909,185650,174562,571686,770,22.0,108,1599,974,504,57266,9,40994,6551,313991,79401,15655,26994,12914,9058,16680,50209,7398,31189,64493
2022,R20000,í∑ñÏåß,2020000,988000,1032000,1984000,971000,1012000,235000,120000,114000,1129000,578000,551000,657000,290000,367000,12143,6286,5857,1.43,28503,14151,14352,27822,15378,12444,27962,15390,12572,7288,2559,12.7,31.7,-5.0,112,1022.5,11785,2118492,2557,63260,25000,52300,91,999,8338,363,7160,100506,196,4717,53834,18444,17363,99,4225,51425,16757,9084,8,11,179,1699,2207,17172,1056,42,3786,867,58,20,6160,1229,51317,226974,376499,15098,15148,12167,10882290,125960,11988,6443,3353,2150,1157396,755216,228214,166848,598783,802,22.0,110,1606,991,562,61198,9,47111,6864,298965,75688,17433,27856,12779,8218,14466,48105,7405,26853,60163
2021,R20000,í∑ñÏåß,2033000,994000,1040000,1999000,978000,1021000,240000,123000,117000,1136000,581000,555000,657000,290000,368000,12514,6479,6035,1.44,26001,12808,13193,26859,15093,11766,27831,15256,12575,7347,2667,12.9,30.9,-3.2,101,1075.0,12344,2009230,2585,63598,25000,52600,93,1004,8658,363,7160,101932,196,4746,55189,18657,17672,99,4233,52632,17397,9287,8,11,179,1686,2300,17032,1064,44,3799,878,60,20,6293,1340,52032,231588,351542,15810,15813,5154,8058270,19640,11809,7212,2810,1718,1198911,864531,190633,140263,600307,800,22.6,111,1605,994,566,61092,21,47018,6176,285963,70085,23380,23164,12434,8077,14946,43913,7994,25752,56218
2020,R20000,í∑ñÏåß,2048011,1000389,1047622,1997083,977045,1020038,242873,124344,118529,1118429,569340,549089,646942,284423,362519,12864,6560,6304,1.46,25428,12673,12755,26050,14565,11485,28131,15494,12637,7701,2910,13.1,33.5,-2.1,106,1030.0,11642,1770168,2602,63415,25000,53100,93,985,8775,365,7209,103666,195,4715,55507,18408,17580,100,4344,54280,17985,9118,9,10,189,1637,2415,16388,1110,43,3355,786,60,20,6409,1392,54389,246420,286405,14779,14859,14736,8217340,323580,12152,6672,3276,1937,1189166,797808,208395,171021,610650,807,21.4,111,1564,1001,568,62598,46,52058,6958,270419,72276,20126,23588,11682,9181,12337,36873,7203,24597,52558
2019,R20000,í∑ñÏåß,2061000,1007000,1054000,2026000,991000,1035000,250000,128000,122000,1146000,585000,561000,653000,287000,366000,13553,6895,6658,1.57,26041,12863,13178,24948,14012,10936,29275,15739,13536,8809,2981,12.9,32.1,-4.5,111,1006.0,12101,2116480,2620,63713,25200,53400,95,943,8913,371,7260,105871,196,4690,56013,18924,18164,100,4431,56070,18506,9089,9,10,190,1636,2536,15911,1151,22,3268,750,60,20,6575,1620,56843,230336,354857,17766,17977,52797,13409970,1244740,12426,6868,3765,1787,1232606,835452,193831,202603,623271,816,20.5,112,1574,1013,568,61862,80,49131,6622,315017,74505,25124,24319,13614,10687,14404,47655,6496,33429,64785
2018,R20000,í∑ñÏåß,2073000,1012000,1061000,2040000,997000,1043000,255000,131000,124000,1158000,590000,567000,651000,285000,365000,14184,7281,6903,1.57,25422,12623,12799,25475,14434,11041,29078,15693,13385,8737,3053,13.0,32.8,-4.6,110,886.0,12259,2037561,2669,63579,25200,53500,96,945,9289,370,7272,108014,196,4678,56800,19462,18788,100,4455,57224,18461,8774,9,10,208,1613,2844,15452,1337,59,3300,723,61,22,6578,1746,58434,230823,389405,20108,20318,51297,13223130,1184530,12386,6964,3527,1749,1219262,843188,188163,182398,621829,811,20.6,113,1574,1017,570,61244,50,50924,6514,288413,71705,11528,24861,12443,10019,12547,50509,6984,27531,60286
2017,R20000,í∑ñÏåß,2082000,1016000,1067000,2052000,1002000,1050000,260000,133000,127000,1169000,596000,574000,647000,283000,364000,14525,7435,7090,1.56,25674,12765,12909,25682,14373,11309,28363,15382,12981,8983,3214,11.9,30.2,-4.1,116,1194.0,12040,1941398,2677,63045,25300,54200,94,920,9475,372,7263,109385,196,4757,58490,20070,19460,99,4470,58156,18844,8991,9,9,239,1551,3063,14816,1304,60,3057,706,61,22,6599,1852,60552,239248,382130,21522,21758,48847,12979530,995670,12020,6662,3701,1629,1183563,817665,168856,190592,630254,817,21.2,114,1581,1025,545,58977,0,50044,6406,278871,66987,21389,24150,11635,10311,13507,45155,5663,24470,55604
2016,R20000,í∑ñÏåß,2091000,1019000,1072000,2063000,1007000,1056000,265000,136000,130000,1182000,601000,580000,641000,280000,361000,15171,7852,7319,1.59,25114,12584,12530,25765,14493,11272,28445,15657,12788,8971,3181,13.1,31.9,-3.8,93,923.0,12309,2212565,2750,63960,25300,55000,100,955,9889,374,7322,111050,197,4834,60144,20598,20032,101,4500,58584,18898,9086,9,9,241,1551,3112,14533,1395,58,3127,730,61,22,6642,1718,63655,250644,345383,22192,22401,45377,13006090,895050,12031,6860,3628,1521,1202718,845682,166847,188281,637955,822,22.1,115,1570,1022,544,57668,0,49218,6249,296357,70398,16791,22715,10563,10884,15764,48285,9397,27417,64141
2015,R20000,í∑ñÏåß,2098804,1022129,1076675,2067713,1009023,1058690,269752,138082,131670,1186865,601540,585325,626085,272810,353275,15639,8043,7596,1.58,24536,12317,12219,26745,15116,11629,29679,16243,13436,9606,3368,12.8,30.2,-4.0,122,1057.5,11855,2107530,2883,65257,25500,55800,104,977,10477,378,7410,113486,199,4907,61305,20512,20040,103,4491,58983,18907,9242,9,9,245,1542,3168,14441,1385,72,3155,693,62,24,6702,1776,67356,270518,322545,23375,23503,40753,13110690,748860,10805,6657,2723,1368,1135502,831080,150220,148663,653520,836,23.0,115,1571,1020,543,57523,0,48894,6160,312467,71508,22998,26381,10760,11772,12540,46955,9561,31551,68441
2014,R20000,í∑ñÏåß,2110000,1027000,1083000,2084000,1016000,1068000,278000,143000,135000,1216000,616000,600000,615000,267000,349000,15848,8173,7675,1.54,24752,12398,12354,25794,14392,11402,29073,15913,13160,9515,3280,11.9,30.3,-5.2,110,902.0,11957,2008150,2946,65677,26000,56800,119,1119,12681,381,7452,115529,200,4900,62094,20902,20354,102,4502,59093,18887,9076,9,8,245,1501,3414,14264,1617,67,3099,651,62,25,6764,1938,70759,286966,305109,24598,24735,39743,12484040,518990,10807,6559,2987,962,1106961,827093,106573,157905,657316,838,23.1,116,1561,1020,548,56934,0,50155,6309,311287,70033,22459,25582,10328,12278,15129,41050,13225,31192,70011
2013,R20000,í∑ñÏåß,2122000,1033000,1090000,2095000,1021000,1074000,283000,145000,138000,1239000,627000,611000,600000,259000,341000,16326,8297,8029,1.54,24304,12291,12013,26482,14685,11797,29172,16111,13061,9933,3420,12.3,31.2,-4.6,107,1137.5,13808,2414422,3002,66496,26500,58200,119,1141,13070,381,7457,117738,198,4892,62653,21217,20628,102,4519,59286,18887,9028,9,8,248,1494,3404,14317,1385,69,3154,663,62,25,6812,2255,76355,324301,273173,25759,25895,42327,13398400,379130,12261,8382,2602,1209,1345269,1059039,133682,144973,667111,847,24.7,115,1561,1022,536,55969,0,49652,6228,291643,66340,17997,24229,11274,10883,14045,44185,7078,28413,67199
2012,R20000,í∑ñÏåß,2132000,1037000,1095000,2107000,1027000,1080000,288000,148000,140000,1260000,638000,622000,585000,251000,334000,16661,8539,8122,1.51,24474,12468,12006,27020,14918,12102,29076,15841,13235,9948,3541,12.1,33.0,-4.5,107,955.5,12145,2178905,3039,66977,27100,62900,118,1121,13302,385,7522,119583,198,4892,63310,21154,20621,104,4601,60331,19867,9476,9,8,253,1472,3259,14326,1436,80,3160,729,65,27,6717,2108,82147,344605,253481,26761,27002,50402,11988640,204600,10845,7319,2311,1186,1197599,935283,124138,135837,681372,862,25.0,116,1554,1019,553,57060,0,51355,6166,307393,65762,25251,25370,10586,12327,13837,48027,10332,29348,66551
2023,R21000,äÚïååß,1931000,938000,993000,1868000,906000,961000,224000,115000,109000,1104000,559000,545000,603000,264000,339000,10469,5324,5145,1.31,26089,13221,12868,24559,13814,10745,29781,16267,13514,6076,2602,17.4,34.9,0.8,111,1986.5,8915,1512913,1068,26451,31900,86900,145,1778,16164,351,7157,96495,181,4205,52631,17914,16343,82,3966,48480,15520,9488,11,13,229,1949,2978,19813,1288,103,4644,607,33,30,3529,2454,40177,187686,303655,10242,10237,41195,5019310,647670,9445,4799,2568,2065,890606,546629,205200,137066,587449,828,17.1,82,1598,938,321,36424,0,26799,4033,320779,76644,12770,26232,12600,9860,14907,69874,10939,25924,61029
2022,R21000,äÚïååß,1946000,945000,1001000,1888000,916000,972000,231000,118000,113000,1111000,562000,549000,604000,265000,339000,11124,5723,5401,1.36,26175,13436,12739,25126,14136,10990,29787,16153,13634,6525,2565,16.7,33.0,0.0,115,1978.5,10255,2138949,1073,26194,32000,86000,149,1853,17132,359,7273,100028,182,4222,53594,18077,16495,82,4014,49435,16124,9675,11,13,242,1961,3360,20269,1368,70,4582,570,33,33,3710,2997,39340,181350,308918,10427,10448,12312,4106040,65500,10886,5480,3147,2178,1039084,636468,236907,161908,610529,859,16.9,85,1636,949,415,48095,0,36543,4451,313314,77357,13720,27584,14485,10573,14956,49215,15724,27226,62473
2021,R21000,äÚïååß,1961000,952000,1009000,1907000,926000,981000,237000,121000,115000,1120000,565000,554000,605000,265000,339000,11730,5921,5809,1.40,24126,12363,11763,24769,13937,10832,29931,16210,13721,6589,2578,16.8,32.3,1.1,118,2249.5,10715,2070332,1075,25738,32200,86500,154,1823,18424,362,7268,101805,185,4255,54493,18349,16967,81,4038,50563,16916,9995,11,13,253,1880,3472,20185,1305,80,4240,549,33,33,3935,3099,39685,189830,285212,10840,10961,4603,3027650,23160,11235,6028,2913,2288,1119221,716977,251480,149722,625586,874,16.3,85,1630,959,415,47808,0,38709,4016,306115,77757,16280,22188,11565,8451,17156,56839,11684,27296,56898
2020,R21000,äÚïååß,1978742,960436,1018306,1900727,922646,978081,240520,123166,117354,1105215,554871,550344,593751,260558,333193,12092,6204,5888,1.42,22720,11506,11214,24615,14077,10538,30312,16453,13859,7003,2834,17.0,35.9,2.8,110,2088.5,9743,1819476,1095,25791,32600,88200,164,1896,19001,367,7280,104118,185,4229,54433,18015,16768,81,4079,52577,17565,10056,11,13,272,1876,3596,19827,1481,60,4145,553,33,33,4008,2955,44048,203201,252997,10342,10348,15386,3408440,193210,10584,5542,2734,2305,1065927,666034,256321,143228,634466,878,16.3,85,1610,958,418,46892,0,37467,4393,304271,76629,18816,22270,13358,10997,17115,49751,11658,27896,55781
2019,R21000,äÚïååß,1992000,967000,1025000,1941000,942000,999000,248000,127000,121000,1140000,574000,565000,599000,263000,336000,12776,6463,6313,1.45,23417,11924,11493,25093,14219,10874,31326,16857,14469,8227,3004,17.0,34.2,0.8,108,1798.0,10836,2134754,1098,25461,33200,88400,167,1914,19792,370,7302,106404,186,4276,55223,18630,17482,81,4084,54178,17778,9977,11,13,284,1839,3711,19125,1506,183,4030,529,33,33,4066,3213,43123,171184,314733,13087,13486,60812,5964320,1281280,11751,6091,2888,2714,1218842,742793,323019,150077,653280,894,17.2,86,1587,968,417,46522,2,36665,4196,287263,73422,12233,22270,11979,9691,13320,46046,14598,27413,56291
2018,R21000,äÚïååß,2001000,971000,1031000,1957000,950000,1007000,253000,130000,123000,1148000,577000,571000,595000,261000,334000,13720,7048,6672,1.52,23062,11847,11215,25427,14427,11000,30801,16680,14121,7912,2876,16.9,35.1,-0.1,114,2087.0,10780,2125377,1110,25204,33400,88400,172,1940,20742,371,7321,107902,188,4315,56160,19430,18269,81,4065,55400,18146,10026,11,12,305,1814,3954,19415,1532,61,4017,574,34,35,4111,3400,43262,171836,330910,14313,14916,58821,5316500,1151960,11631,5998,2996,2583,1180676,736635,279664,159136,652087,891,18.2,88,1590,962,418,46671,0,38857,4448,322163,76988,16277,22684,11014,12980,13387,55090,15719,32576,65447
2017,R21000,äÚïååß,2012000,975000,1037000,1971000,956000,1015000,258000,132000,126000,1161000,582000,579000,589000,259000,330000,14040,7139,6901,1.51,22968,11781,11187,24868,14015,10853,30623,16363,14260,8392,2965,15.9,32.9,0.4,118,1864.0,10682,2152385,1133,25012,33600,88100,177,1926,21628,371,7285,108707,188,4423,57976,19991,18938,81,4052,55914,18240,10117,11,12,307,1800,4125,19331,1575,74,4338,617,34,36,4263,3719,47133,185314,318991,15604,16150,55941,5177750,855810,11355,5852,3127,2333,1155770,732338,255753,163996,654293,892,18.6,89,1585,965,414,46410,2,39057,4468,303296,72378,14567,22677,11054,12228,12612,50385,17940,29572,59885
2016,R21000,äÚïååß,2024000,980000,1043000,1985000,963000,1022000,263000,135000,128000,1177000,589000,588000,581000,255000,326000,14831,7549,7282,1.54,22474,11522,10952,25459,14304,11155,30490,16702,13788,8585,3059,16.9,34.3,1.7,113,1988.0,10512,1977893,1136,24710,33700,84100,184,1925,22388,374,7305,109907,191,4470,59474,20069,19067,81,4075,56508,18379,10275,11,12,314,1751,4185,19292,1588,76,4264,588,34,36,4364,3599,51602,200182,313480,16680,17237,52718,5198150,855540,10523,5990,2643,1874,1115125,753829,212240,147027,658435,892,18.9,90,1589,960,404,44696,23,38018,4399,292863,73226,16419,23381,10533,12597,12470,47207,10404,26278,60350
2015,R21000,äÚïååß,2031903,983850,1048053,1989980,965283,1024697,266998,136683,130315,1185431,591138,594293,567571,249169,318402,15467,7983,7484,1.56,21999,11393,10606,25858,14545,11313,31052,16975,14077,8865,3110,16.5,33.2,1.3,122,2266.5,10823,2012485,1160,25743,33800,84300,184,1893,22502,374,7349,111729,195,4534,60556,20490,19435,81,4071,56451,18029,9939,11,12,317,1757,4338,19374,1664,101,4328,590,35,35,4469,3358,55865,216486,313214,17906,18591,46477,5119030,719800,10418,6082,2382,1921,1120705,770799,219866,127669,673852,906,19.3,90,1591,957,404,45154,7,39269,4685,272976,66375,12909,23654,9638,12146,11917,41775,14304,31127,49131
2014,R21000,äÚïååß,2043000,989000,1054000,2008000,974000,1034000,274000,141000,134000,1210000,603000,607000,557000,244000,313000,15138,7709,7429,1.42,21658,11256,10402,25258,14201,11057,29412,16055,13357,9073,3182,16.1,32.2,0.4,109,1719.0,10486,2109552,1187,25156,33700,83900,188,1935,23033,375,7391,113603,195,4511,61278,20705,19644,81,4077,56681,18477,10355,11,12,317,1741,4354,19528,1614,91,4363,599,36,34,4563,3429,60418,236557,293132,18553,19278,46100,4889730,457740,10331,5911,2464,1936,1113946,759122,217756,134185,680621,911,19.9,90,1579,947,407,45527,27,40628,4846,270768,62884,12774,25082,9493,9440,11702,42256,10928,26269,59940
2013,R21000,äÚïååß,2053000,994000,1059000,2018000,979000,1039000,279000,143000,136000,1233000,615000,619000,539000,235000,304000,16000,8271,7729,1.45,21518,11168,10350,25930,14530,11400,30742,16799,13943,9492,3227,16.3,34.6,-0.3,102,1875.5,12119,2217811,1209,25469,34200,83500,188,1887,22861,377,7422,115568,197,4568,61996,20795,19776,81,4081,56675,18263,10139,11,12,314,1693,4167,19693,1472,124,4355,577,36,34,4634,3178,66023,270463,280303,20475,21423,48619,4790650,355530,12124,7709,2696,1677,1349949,1002698,189565,151457,696217,928,19.7,91,1588,943,403,44273,8,39536,4644,272039,63946,11589,23633,8217,10539,12272,46439,12436,27083,55884
2012,R21000,äÚïååß,2062000,998000,1064000,2029000,984000,1045000,283000,145000,138000,1258000,627000,632000,520000,226000,294000,16496,8372,8124,1.45,21531,11126,10405,26630,15028,11602,30546,16641,13905,9521,3306,15.7,33.7,0.3,102,1871.5,11037,2140150,1233,25545,35100,87000,188,1883,23403,377,7430,117728,197,4560,62055,20560,19564,81,4105,57276,18475,10204,11,12,307,1688,4095,19540,1622,110,4063,558,37,34,4605,3239,72939,290507,255587,20847,21993,60109,4546820,239430,11086,6598,2664,1755,1211826,859157,199565,148005,702404,932,20.7,91,1579,940,419,45595,0,41039,4720,285054,68380,14412,24093,8667,12309,13607,40475,12176,28083,62853
2023,R22000,ê√â™åß,3555000,1754000,1801000,3449000,1702000,1748000,404000,208000,196000,2050000,1059000,991000,1101000,488000,614000,18969,9681,9288,1.25,47926,24361,23565,48516,28512,20004,55276,31686,23590,12387,5028,18.2,33.0,2.4,93,2382.5,15818,3247332,2538,68149,64100,140800,328,2786,24401,493,11358,175775,290,6915,95770,32315,29411,136,6342,88766,28128,16344,5,14,111,2197,1631,33336,751,93,7749,956,89,21,14134,1717,79021,377227,508002,15607,15994,77589,18063770,903850,19163,8776,6566,3756,1714086,996825,372439,336489,1066536,807,17.9,139,2724,1714,394,41880,5,35278,5966,300652,85135,19678,24269,10514,9040,14748,38974,10113,28942,59240
2022,R22000,ê√â™åß,3582000,1766000,1816000,3484000,1718000,1766000,417000,214000,203000,2064000,1065000,999000,1101000,487000,614000,20575,10638,9937,1.33,47334,24254,23080,48811,28531,20280,54849,31008,23841,13127,4957,17.4,32.0,1.4,112,2967.0,17412,3435024,2571,68611,64000,139900,340,2957,27734,500,11481,180387,288,6961,97183,33120,30460,138,6392,89919,29624,16960,5,14,108,2171,1748,33679,816,122,7887,887,90,25,14753,1410,77650,371048,518084,16267,16624,26450,14910840,125750,19911,9760,6274,3647,1851177,1131179,373322,327689,1115285,840,18.4,139,2761,1743,693,73658,23,65191,6198,300439,83217,12874,25342,10547,9486,15300,43410,12938,28300,59024
2021,R22000,ê√â™åß,3608000,1778000,1829000,3515000,1733000,1782000,429000,220000,209000,2079000,1072000,1008000,1099000,486000,613000,21571,11044,10527,1.36,43194,22210,20984,48863,28550,20313,53512,30603,22909,13341,5162,17.7,31.3,2.6,103,2511.0,18843,3343647,2654,70019,64200,139700,350,3031,30886,502,11545,183614,291,6980,98192,32739,30400,138,6441,91613,30164,16797,6,14,112,2147,1912,33778,910,124,7684,892,92,26,14821,1234,77385,383096,479428,17052,17388,11502,11597060,72040,20916,11151,5856,3773,2026479,1317359,390873,304510,1127120,843,18.7,139,2750,1751,683,71546,61,65880,6032,291793,76006,17542,22344,10251,7986,13843,43829,14039,23572,62381
2020,R22000,ê√â™åß,3633202,1791118,1842084,3523817,1737558,1786259,438723,224978,213745,2071258,1064983,1006275,1084282,479321,604961,22497,11509,10988,1.39,42191,21839,20352,48690,28803,19887,54270,30846,23424,13846,5474,17.8,33.4,4.6,108,2613.5,17461,3137634,2760,71210,64500,140900,366,3193,34376,509,11564,187254,293,6937,97950,32050,29970,138,6663,94652,31272,16843,6,13,138,2171,1991,33809,822,111,7390,829,91,26,14222,1415,84327,412532,411658,17119,17588,29117,11714450,213160,20528,10527,5865,3824,1936783,1245664,384880,290577,1156091,858,18.2,140,2715,1750,667,68800,122,62833,6245,281343,79406,17084,21167,11808,7925,16191,39741,7714,24461,55845
2019,R22000,ê√â™åß,3653000,1802000,1851000,3564000,1758000,1806000,447000,229000,218000,2107000,1086000,1021000,1089000,481000,608000,23457,12101,11356,1.44,42190,21642,20548,49294,29146,20148,56692,32083,24609,15848,5834,17.8,32.4,2.8,118,2390.5,20101,3636875,2841,70454,65300,142800,385,3377,37470,508,11521,190302,294,6948,98143,33378,31440,138,6747,96815,31854,16993,5,12,122,2124,2092,33505,990,95,7335,793,90,26,13984,1595,82678,357074,541297,21248,21834,110853,18823210,2113160,21863,11804,6084,3841,2138560,1415125,396765,311785,1201647,885,18.2,144,2732,1761,655,68562,212,64221,6340,280604,77574,12706,22524,12221,10278,14084,40252,8919,25200,56846
2018,R22000,ê√â™åß,3667000,1807000,1859000,3587000,1769000,1819000,456000,234000,222000,2122000,1092000,1031000,1081000,478000,604000,25192,12865,12327,1.50,41972,21587,20385,49616,29492,20124,56270,31816,24454,15768,5923,17.7,32.7,1.3,106,2442.0,20446,4151090,2928,70591,65500,141300,393,3421,40032,508,11533,192601,294,6924,99221,33844,31998,138,6815,98846,32163,16723,5,12,127,2105,2156,33274,1007,96,7556,803,91,26,14050,1812,84013,353078,610394,23850,24309,107098,17984600,1569750,22953,11925,7092,3837,2211683,1439763,388048,372266,1205161,886,18.4,147,2718,1770,645,64825,325,59272,6333,306940,80181,16025,23106,9549,10647,14250,50172,12401,24014,66596
2017,R22000,ê√â™åß,3681000,1813000,1868000,3608000,1778000,1830000,464000,238000,226000,2143000,1100000,1043000,1069000,472000,597000,26261,13474,12787,1.52,41078,21193,19885,50088,29390,20698,55330,31442,23888,16573,5984,16.8,31.5,2.4,100,2108.0,20129,3749917,3004,69927,65900,140300,416,3659,45079,510,11440,193560,295,6972,101903,34622,32923,138,6843,99733,32434,17162,5,12,134,2099,2201,33016,1048,84,7482,819,91,26,14089,1644,92563,379743,602762,27107,27763,104262,17677710,1336020,23589,11755,7527,4150,2268404,1433218,414441,406762,1200491,878,18.1,149,2708,1766,599,62326,456,60128,6512,281962,76228,21445,21686,9795,10117,11437,34506,10603,25690,60454
2016,R22000,ê√â™åß,3690000,1817000,1874000,3625000,1786000,1839000,472000,242000,229000,2165000,1110000,1055000,1051000,463000,588000,27654,14232,13422,1.55,39297,20359,18938,49211,29177,20034,55601,31509,24092,17083,6237,17.6,32.3,2.3,107,2441.5,21105,3806267,3073,70264,66300,139500,430,3790,48597,514,11438,195265,295,7016,103594,35112,33619,138,6924,100664,32825,17354,5,14,146,2123,2276,32895,1088,103,7394,791,93,27,13829,1577,99738,410526,545942,28587,29268,97045,17729590,1414890,24800,12256,8187,4178,2364310,1507880,419423,424619,1215286,886,18.6,150,2711,1783,576,59512,449,58244,6853,297327,76472,17435,21197,9451,10581,11860,41300,13400,25569,70061
2015,R22000,ê√â™åß,3700305,1820993,1879312,3626991,1786265,1840726,478084,245364,232720,2175004,1111045,1063959,1021283,448723,572560,28352,14478,13874,1.54,39518,20523,18995,50639,29927,20712,56845,32277,24568,17666,6504,17.2,31.1,2.2,114,2804.5,20542,3779269,3146,70605,66700,138600,448,3986,52466,514,11409,197424,295,7049,104951,35245,33720,138,6941,100536,32058,16998,5,14,151,2105,2432,32596,1201,139,7041,775,96,29,13853,1546,109255,451146,501033,30770,31707,87971,18125830,1630100,23785,12269,7551,3841,2313351,1506962,391122,403943,1236820,896,19.2,149,2697,1780,552,56909,780,56186,6964,299712,74926,20839,24885,8693,11507,11635,39186,11436,26780,69825
2014,R22000,ê√â™åß,3715000,1828000,1886000,3656000,1801000,1855000,488000,251000,237000,2219000,1136000,1083000,998000,437000,561000,28684,14832,13852,1.50,38342,20023,18319,48814,28594,20220,56054,31705,24349,18066,6439,16.6,30.9,2.2,106,2374.0,20354,3921850,3233,70973,67000,138700,504,4466,59003,516,11457,199947,295,7038,105808,35474,33906,140,6955,100819,32404,17438,5,14,155,2072,2593,32344,1212,116,7186,805,97,34,14034,1656,116360,482634,489704,33119,33877,88243,16537730,746870,23843,12064,7682,3894,2309187,1505877,383453,402999,1248140,902,20.5,151,2685,1776,503,52368,567,53773,8224,286567,72751,12776,24612,8849,11747,12182,34598,13100,28954,66998
2013,R22000,ê√â™åß,3730000,1836000,1894000,3672000,1809000,1863000,496000,255000,241000,2261000,1157000,1104000,966000,422000,545000,30260,15620,14640,1.53,38393,20221,18172,50407,29588,20819,57299,32613,24686,18463,6732,17.2,32.3,0.9,88,1822.0,24610,4740021,3344,71998,67500,138900,511,4449,60884,520,11480,202275,295,6954,106781,35989,34442,142,6907,99974,31726,16828,5,14,167,2056,2738,32156,1234,160,7139,770,96,37,14046,1681,124262,531006,427415,34546,34882,91079,16088330,496990,28570,15778,9077,3505,2873785,1993113,353188,506317,1273877,917,21.0,150,2705,1777,489,50835,519,52400,7883,306847,72938,18061,24692,9502,13127,14180,41400,9849,33132,69965
2012,R22000,ê√â™åß,3739000,1841000,1898000,3686000,1816000,1870000,501000,257000,244000,2302000,1176000,1125000,932000,405000,526000,30810,15865,14945,1.52,38194,19940,18254,51969,30323,21646,55921,31915,24006,19323,6878,16.6,31.6,1.6,107,2488.5,22195,4119713,3464,74121,72700,144000,511,4476,62201,523,11466,205222,295,6962,106995,35404,33922,144,7039,101507,33516,17776,5,14,170,2019,2796,31726,1304,175,6981,811,97,38,13863,1684,132531,557965,383121,35098,35605,114096,16070760,473920,24641,13935,7500,3081,2510070,1774524,304370,416668,1318353,943,21.2,152,2715,1765,500,51726,514,53202,8044,307815,73167,17159,24779,12116,12024,13636,36934,11023,31213,75762
2023,R23000,à§ímåß,7477000,3726000,3751000,7195000,3584000,3611000,927000,476000,452000,4627000,2399000,2228000,1923000,851000,1071000,48402,24674,23728,1.29,80557,42676,37881,104565,61316,43249,107208,62619,44589,31759,10928,17.5,34.8,1.1,99,1504.5,34520,8175946,1208,68479,112300,480600,390,4420,57300,967,25531,395820,434,14214,207714,69714,62827,221,12244,181249,56956,36440,18,52,353,11765,4758,177582,2119,102,40077,4018,171,61,48636,10726,136105,694058,969882,25017,23834,223635,17210700,1919760,56825,15361,20770,20478,4525189,1795299,1681216,1026894,2282051,831,22.0,278,5682,3696,1343,169679,52,136328,19254,300221,88312,13435,23900,12560,11338,18175,38837,11831,30824,51009
2022,R23000,à§ímåß,7495000,3734000,3761000,7228000,3601000,3627000,948000,486000,461000,4628000,2397000,2231000,1920000,851000,1068000,51152,26432,24720,1.35,81183,43092,38091,103743,59995,43748,108916,63675,45241,33434,11061,16.9,33.1,0.5,104,1578.0,37803,8628704,1214,68158,108300,458200,399,4579,62736,968,25091,401581,438,14012,208568,70093,63347,220,12211,183404,59717,37497,18,52,388,11643,5541,176874,2627,183,40056,3780,174,62,49848,10097,137146,693332,983771,25525,24537,74322,13773700,301640,57032,16845,20213,19663,4813758,2007432,1784696,994095,2371103,864,22.2,281,5617,3703,1582,191331,53,156689,20646,319344,79757,22575,24825,14688,11080,19107,46904,12166,30894,57349
2021,R23000,à§ímåß,7517000,3746000,3771000,7261000,3619000,3642000,966000,495000,470000,4633000,2398000,2235000,1918000,852000,1066000,53918,27667,26251,1.41,73769,39082,34687,103901,60945,42956,106496,62575,43921,33509,11130,16.8,32.0,1.5,111,1998.5,40202,8492572,1236,69448,105300,441800,410,4728,67860,970,24738,405839,439,13910,209151,69625,63546,220,12252,185920,60818,37572,18,52,418,11603,6321,176722,2821,215,40768,3855,176,62,50486,10143,138045,735503,923305,26901,25750,31453,9743600,93190,61293,19103,20887,21026,5260387,2322287,1900114,1020191,2412295,877,22.3,283,5556,3718,1558,183099,174,148009,16597,263912,75450,21186,19382,11696,9189,11812,32193,10494,26835,45674
2020,R23000,à§ímåß,7542415,3761502,3780913,7164758,3574729,3590029,973642,499205,474437,4502713,2323364,2179349,1864603,830811,1033792,55613,28610,27003,1.44,70518,37698,32820,105208,61447,43761,107475,63460,44015,35390,11713,17.0,35.9,3.1,112,1711.0,35795,7792743,1221,66965,104300,423900,419,4729,71105,969,24518,410482,440,13744,206920,67374,62080,222,12354,190309,62134,37161,19,51,424,11364,6800,177380,3039,206,40628,3668,175,67,49939,9905,150444,764643,823126,25994,25072,81639,9598320,567600,53284,17801,17348,17637,4642089,2178237,1601803,831639,2469354,895,22.3,284,5463,3712,1533,189374,155,157939,18399,282283,78351,13305,20536,13985,9784,14453,45329,14570,26949,45022
2019,R23000,à§ímåß,7557000,3777000,3780000,7301000,3648000,3653000,991000,508000,483000,4669000,2428000,2241000,1892000,843000,1049000,57145,29487,27658,1.45,69932,37162,32770,110970,64983,45987,110001,64204,45797,39933,12342,17.0,33.9,1.2,109,1555.5,42734,8880221,1202,66925,103500,470500,449,4994,77179,974,24435,414038,442,13670,206367,69675,64611,222,12369,193454,63287,37353,20,50,452,11248,7165,177029,3134,202,39858,3499,178,65,52271,10843,139403,628718,1123145,32334,30552,295374,18102800,3577060,64544,19644,21769,22571,5577566,2424483,2057289,1062581,2536734,915,21.3,286,5455,3735,1479,179582,258,156863,18393,287547,75820,23763,20885,10478,10041,13008,40436,11680,28458,52978
2018,R23000,à§ímåß,7541000,3768000,3772000,7312000,3656000,3657000,1002000,513000,489000,4659000,2420000,2239000,1875000,837000,1039000,61230,31259,29971,1.54,68833,36713,32120,111067,65278,45789,108908,63713,45195,39117,12653,16.9,35.3,0.2,111,1695.5,43337,9522617,1191,65445,101500,430700,462,5107,81499,976,24232,416159,444,13624,206910,70197,65152,221,12486,197385,64353,37360,21,51,480,11211,7452,175639,3265,197,39549,3470,176,69,47452,12465,140162,618325,1181650,36150,34272,280253,15666650,2698340,68801,19757,26690,21376,5802739,2466207,2020600,1270604,2514869,911,21.9,286,5404,3737,1438,181705,238,154752,17385,286146,75866,16509,20580,11894,11681,13760,43902,10876,29970,51110
2017,R23000,à§ímåß,7528000,3763000,3765000,7321000,3662000,3658000,1010000,518000,493000,4663000,2419000,2244000,1852000,827000,1025000,62436,31994,30442,1.54,67177,35929,31248,110577,64875,45702,105738,62139,43599,40072,12471,15.9,32.7,1.0,105,1701.5,42278,8932521,1175,59342,100100,391200,477,5237,84903,975,23954,414767,443,13700,210948,71427,66516,222,12516,199697,64684,37641,22,51,488,11211,7889,174418,3663,266,38840,3512,177,70,47082,12558,149520,648078,1143998,40810,38427,263812,15714760,2443780,62724,19136,25775,17475,5372985,2395033,1715399,1242103,2522256,916,21.7,286,5347,3735,1324,166666,185,148345,16831,300195,78959,20972,20535,10732,12469,13432,41635,10492,32623,58346
2016,R23000,à§ímåß,7509000,3755000,3754000,7321000,3664000,3656000,1018000,522000,496000,4667000,2418000,2249000,1821000,814000,1007000,64231,32990,31241,1.56,65227,34503,30724,111160,66016,45144,104895,61494,43401,40676,12465,17.0,33.8,1.9,114,1686.0,42723,8933359,1184,56399,99000,352000,492,5440,89448,976,23633,414657,443,13704,213816,72657,67654,221,12466,201322,65204,37715,22,50,509,11020,8511,173266,3758,285,39335,3641,178,75,47433,12662,160988,695551,1063590,43591,40658,251128,14460410,2259730,62316,20212,26045,15863,5440819,2550001,1616681,1258466,2547869,927,22.0,285,5298,3707,1302,163907,202,147581,17049,295673,77270,16625,20415,9980,13320,12864,40081,13957,31292,59868
2015,R23000,à§ímåß,7483128,3740844,3742284,7260847,3634844,3626003,1022532,524531,498001,4618657,2380978,2237679,1760763,788910,971853,65615,33609,32006,1.57,64061,33897,30164,114416,68167,46249,106094,62322,43772,41058,13102,16.6,32.9,1.5,114,1803.0,41131,9066956,1236,55782,97900,312000,502,5574,92332,980,23331,415182,443,13686,216944,73336,68528,220,12430,200277,63579,37340,22,50,520,10918,8574,172224,3677,265,38177,3505,178,77,46973,12392,172604,734892,1052489,48087,43588,220316,14602540,2214350,60356,19687,24526,15670,5333134,2498662,1568588,1239575,2549821,929,21.7,284,5259,3704,1290,161401,165,145863,16536,276953,74327,17202,23629,9209,11734,13119,33485,11869,29922,52455
2014,R23000,à§ímåß,7464000,3729000,3734000,7303000,3655000,3648000,1041000,534000,507000,4686000,2419000,2267000,1728000,772000,956000,65219,33650,31569,1.46,62426,33441,28985,109405,64931,44474,103215,60431,42784,41414,12782,16.1,32.3,0.5,107,1505.5,39352,9055568,1277,55480,96200,284500,521,5728,96825,984,23170,416989,443,13705,219348,73625,68621,220,12349,198951,63156,37126,22,51,527,10776,8791,171910,3888,266,38753,3552,179,83,47937,12721,183516,781857,1137975,51849,46551,214355,13405060,1463330,55204,19168,20366,15125,5075912,2456641,1546412,1048542,2551069,934,22.3,283,5227,3695,1233,152769,107,142840,16724,306464,78416,11341,24563,11948,14575,13546,44676,11813,34127,61460
2013,R23000,à§ímåß,7449000,3722000,3727000,7293000,3650000,3643000,1049000,538000,511000,4732000,2439000,2293000,1662000,741000,921000,66825,34137,32688,1.47,62395,33286,29109,111461,66014,45447,103570,60498,43072,42306,13078,16.4,34.5,0.0,88,1463.5,47178,10262700,1313,56017,95800,253300,521,5702,97842,983,23077,419848,443,13687,221212,74427,69366,220,12183,195504,61326,35848,22,52,531,10643,8986,172617,3916,272,38687,3562,177,87,46731,13309,199794,871598,1163470,54914,49030,219408,12379980,1116730,63974,24614,21642,17515,6216392,3179667,1805664,1212633,2572076,940,22.7,288,5161,3687,1174,146552,452,136813,15840,306559,74707,14886,23595,10033,14263,10573,45087,13858,31757,67801
2012,R23000,à§ímåß,7431000,3713000,3718000,7279000,3643000,3636000,1056000,542000,514000,4780000,2460000,2319000,1591000,709000,882000,67913,35013,32900,1.46,61354,32902,28452,110624,65421,45203,103032,60281,42751,42704,13494,15.8,33.4,0.4,96,1567.5,43452,9375455,1371,56001,101800,253100,522,5697,98891,985,22983,423742,440,13589,220898,72932,67909,220,12256,194965,62695,36542,23,51,545,10499,9189,171679,3927,253,37969,3529,176,96,46413,13282,221382,949781,1027718,56686,51297,259968,11529700,917520,57660,22756,18947,15584,5650460,2956185,1613641,1060865,2581137,945,22.9,287,5108,3682,1182,149047,1207,139906,15865,253787,69088,14579,21847,8674,10730,9837,28591,11845,27424,51171
2023,R24000,éOèdåß,1727000,844000,882000,1669000,815000,855000,198000,102000,97000,999000,512000,487000,529000,231000,298000,9524,4826,4698,1.29,23744,11898,11846,23783,14177,9606,29504,17189,12315,6039,2515,17.4,32.6,2.4,102,1346.0,7475,1339411,1292,30581,28100,62600,150,1126,10149,363,6743,86500,167,3775,46472,15711,14452,70,3311,42567,13451,7451,4,7,82,1273,1319,13609,609,51,3188,408,36,35,4425,1739,37831,170039,228239,8633,9111,36837,6288320,162090,8859,4250,3228,1307,765939,479535,130830,151004,573569,892,19.5,81,1498,789,347,39285,103,27963,4541,332663,81408,20307,22129,11891,8588,14758,75702,9329,33346,55205
2022,R24000,éOèdåß,1742000,851000,891000,1689000,824000,865000,204000,104000,99000,1008000,515000,493000,531000,232000,299000,10489,5396,5093,1.40,23341,11782,11559,25059,15206,9853,28934,16569,12365,6443,2481,16.9,32.0,1.9,106,1408.0,8275,1691289,1284,30450,28100,62200,157,1149,11004,366,6772,88413,167,3769,46987,15907,14747,70,3348,43328,14108,7716,4,7,82,1279,1378,13850,656,54,3208,420,36,35,4470,1885,37081,164689,248773,8871,9212,10979,5831110,40090,9907,4684,3275,1884,876777,539805,189264,143767,595589,921,19.7,81,1526,805,426,45725,64,38489,4863,277102,72106,15488,22809,12560,8147,15465,42452,7735,26321,54020
2021,R24000,éOèdåß,1756000,857000,898000,1705000,831000,873000,209000,107000,102000,1016000,518000,498000,531000,232000,299000,10980,5684,5296,1.43,21639,11041,10598,25040,15148,9892,28520,16466,12054,6474,2508,16.9,31.0,2.6,117,1839.5,8686,1747265,1285,30646,28200,62300,172,1186,12099,366,6779,90040,168,3775,47567,16084,15014,70,3374,44229,14607,7833,4,7,82,1274,1419,14062,657,69,3178,424,37,37,4435,1903,37769,173358,227848,9486,9842,4768,4267050,15360,10077,5213,3360,1334,922178,614835,146586,152637,611390,938,20.0,82,1530,813,426,46264,50,41891,5237,295770,73270,15439,19220,12408,10355,15462,56844,12760,26500,53512
2020,R24000,éOèdåß,1770254,864475,905779,1698876,829130,869746,211090,108019,103071,997052,506124,490928,522073,228250,293823,11141,5809,5332,1.42,20716,10502,10214,25108,15112,9996,29419,16972,12447,6855,2759,17.1,33.6,3.8,109,1787.0,8196,1723491,1284,30593,28500,63000,179,1373,12874,372,6847,91910,168,3772,47472,15615,14697,70,3472,45829,15116,7940,4,7,83,1268,1415,14064,666,63,3129,388,37,37,4207,2052,39692,182566,192869,9172,9595,14679,4484250,46820,9508,4983,2371,1587,894944,596163,165279,112591,622282,947,20.4,81,1504,816,429,45963,81,39969,5069,285114,73364,15410,19790,14676,8679,12212,52476,9353,26012,53140
2019,R24000,éOèdåß,1783000,871000,912000,1734000,845000,888000,218000,111000,106000,1034000,528000,506000,530000,231000,299000,11690,5983,5707,1.47,20811,10680,10131,25345,15485,9860,31596,18103,13493,7743,2864,16.9,32.1,2.7,109,1630.0,8901,1566920,1293,30664,28800,63400,184,1425,13909,373,6917,93515,168,3819,47916,16342,15441,70,3535,47154,15384,7859,4,7,83,1274,1467,13969,699,65,3070,336,38,41,4065,2395,40343,164285,247408,11060,11642,53945,6586240,352750,10450,5401,3719,1174,961563,648577,130095,176541,628172,947,23.1,81,1519,822,432,45885,109,39806,4831,311319,74195,18778,20635,13003,10572,14486,56808,10646,31240,60957
2018,R24000,éOèdåß,1793000,875000,918000,1749000,853000,897000,222000,113000,109000,1042000,531000,511000,527000,230000,297000,12582,6404,6178,1.54,20900,10555,10345,26419,15984,10435,30644,17491,13153,7446,2929,16.9,33.2,1.2,108,1720.0,9191,1940730,1372,31345,29100,63500,195,1497,15149,375,6984,95086,170,3876,48625,16867,15998,70,3634,48350,15738,7802,4,7,88,1274,1447,13869,649,55,2995,383,39,47,4156,2788,41949,164922,267427,12296,12828,52110,6800920,314140,10613,5419,3789,1324,991581,660549,144530,182200,629059,947,26.4,82,1529,829,427,44329,80,39319,5044,283443,75275,17001,20370,13540,11111,14263,36760,7780,30183,57159
2017,R24000,éOèdåß,1801000,877000,924000,1762000,858000,904000,226000,116000,110000,1051000,533000,518000,522000,228000,294000,12663,6490,6173,1.49,20531,10468,10063,25633,15206,10427,29696,16680,13016,7937,2784,16.1,31.8,2.2,98,1679.5,8906,1976647,1394,31260,29300,63900,215,1585,16690,379,7023,95480,171,3988,50428,17430,16595,72,3663,48919,15695,7936,4,7,86,1261,1430,13742,687,60,3060,380,39,48,4254,2853,43037,168468,259904,13000,13614,49352,6843660,306780,9894,5202,3307,1298,950862,636186,140120,170707,629772,943,27.2,86,1525,837,411,42877,100,38530,5290,293824,74010,13446,19988,12208,12380,12839,38394,17268,28966,64325
2016,R24000,éOèdåß,1809000,881000,928000,1775000,864000,910000,231000,118000,113000,1062000,538000,524000,516000,225000,291000,13376,6889,6487,1.53,20098,10268,9830,25728,15260,10468,29325,16807,12518,8253,2956,16.9,32.2,2.9,115,1785.5,9444,2083131,1457,31891,30400,62200,224,1632,18060,394,7084,96695,174,4083,51664,17513,16739,73,3696,49843,16212,8249,3,7,83,1255,1470,13615,682,67,3018,414,40,51,4300,2961,47153,186544,240994,14137,14812,46768,6937100,327580,10812,5468,4040,1237,1030797,681375,137879,207883,636393,950,27.4,87,1523,850,403,42051,101,38296,5191,296627,71125,14259,20328,11380,11966,12617,39905,10494,27705,76848
2015,R24000,éOèdåß,1815865,883516,932349,1776805,865150,911655,233525,119471,114054,1061577,534265,527312,501046,218388,282658,13950,7153,6797,1.56,20139,10294,9845,26736,15836,10900,30954,17766,13188,8507,3125,16.6,31.3,2.7,115,1979.0,9018,1841135,1541,32499,31200,62700,232,1659,18269,402,7038,97776,175,4125,52667,17852,17115,72,3708,50147,15952,8052,3,7,84,1246,1439,13657,641,58,3022,409,42,55,4241,3154,51869,205330,237974,14796,15737,42181,6580160,294230,10066,5279,3252,1499,998505,660868,162283,172225,644756,959,28.5,88,1530,849,402,41785,98,38324,5165,300668,69215,24440,21362,12231,10966,14125,41703,9379,30834,66413
2014,R24000,éOèdåß,1826000,888000,937000,1795000,874000,921000,241000,123000,118000,1089000,551000,538000,495000,215000,280000,13727,7033,6694,1.45,19525,9921,9604,26337,15491,10846,29176,16627,12549,8555,3098,16.1,30.9,1.4,100,1589.0,9240,1748578,1597,32847,31800,63700,246,1710,19224,405,7098,99358,176,4132,53040,17797,17011,72,3748,50583,15988,8234,3,7,85,1225,1446,13608,665,68,3044,382,43,58,4008,3228,54636,213926,239456,15928,16925,41885,6593790,150580,9734,5369,2902,1438,990991,677143,154855,156684,650102,975,29.7,89,1527,856,400,39194,48,37908,5315,301337,69211,25492,21632,14394,11851,13230,41829,7253,30902,65544
2013,R24000,éOèdåß,1833000,892000,941000,1803000,878000,925000,245000,125000,120000,1108000,560000,548000,480000,208000,273000,14514,7451,7063,1.49,19690,10133,9557,26747,15673,11074,29973,16905,13068,8844,3281,16.5,33.4,1.6,86,1393.5,10881,2036822,1653,33191,32300,64000,254,1690,19650,415,7167,100903,181,4169,53920,18382,17622,72,3764,50220,15798,8127,3,8,86,1232,1436,13643,636,55,3067,420,41,57,4006,2965,58239,240392,226860,17320,18311,43102,6750300,113950,10858,6691,2822,1316,1155599,849760,147360,154638,656900,982,30.1,90,1528,861,407,39029,27,37581,5189,289603,66398,9880,23825,12118,12241,12976,44711,7861,32463,67130
2012,R24000,éOèdåß,1841000,896000,945000,1811000,882000,929000,248000,127000,121000,1128000,569000,558000,465000,200000,264000,14729,7492,7237,1.47,19210,9934,9276,27750,16386,11364,29859,17239,12620,9006,3237,15.9,31.8,1.8,102,1714.0,9808,1953336,1691,32813,34200,66200,258,1779,20094,417,7152,102580,183,4175,54143,18120,17398,72,3814,50645,16424,8349,3,8,86,1220,1453,13595,692,71,2940,424,41,60,3966,3073,64012,262258,196640,17430,18418,54100,6103630,86490,9777,6102,2327,1308,1053269,777840,143347,128278,659502,976,30.7,89,1523,854,419,40066,41,38646,5334,286223,62968,14168,21494,11045,10904,12900,48747,9839,32908,61250
2023,R25000,é†âÍåß,1407000,695000,712000,1367000,673000,694000,182000,94000,89000,844000,432000,412000,380000,169000,211000,9249,4681,4568,1.38,14955,7645,7310,25545,14421,11124,26222,14846,11376,5230,1943,16.3,34.1,1.3,127,1442.0,6834,1626794,494,15243,47200,96500,121,1062,8521,219,5655,78073,103,3149,40845,13730,12975,56,2698,35868,11326,6992,3,9,61,1090,714,32099,379,9,7071,1394,22,10,1576,1086,32396,151078,152173,6651,7399,38901,4010950,258650,8865,3830,3201,1602,742276,436068,149638,148490,393014,761,15.7,51,1143,561,216,22129,169,19429,3620,305586,83265,13467,22135,12723,9582,16229,48005,15864,30228,54087
2022,R25000,é†âÍåß,1409000,695000,714000,1373000,676000,697000,186000,96000,91000,845000,431000,414000,378000,168000,210000,9766,5039,4727,1.43,15043,7728,7315,25974,14673,11301,25462,14528,10934,5642,1836,15.7,32.7,0.1,120,1426.0,7438,1592700,492,15053,46800,94000,125,1105,9407,220,5605,79371,103,3135,40932,13665,12959,56,2722,36222,11735,7227,3,9,66,1096,873,31602,420,14,7037,1391,22,10,1665,1290,32276,150652,162593,7001,7750,12344,3303410,36550,10131,4213,3559,1727,851158,489273,171376,168348,407605,789,16.1,51,1145,564,337,37079,118,34119,3216,319456,84692,22303,24893,11991,11435,16193,44258,19738,29266,54687
2021,R25000,é†âÍåß,1411000,696000,715000,1377000,678000,699000,189000,97000,92000,845000,431000,414000,376000,167000,208000,10130,5258,4872,1.46,13674,6915,6759,25534,14478,11056,25195,14518,10677,5733,1887,15.7,31.3,0.8,126,1803.5,7691,1597279,489,15013,46600,93100,127,1123,10120,220,5578,80289,103,3138,41086,13707,13084,56,2752,36673,12108,7190,3,9,62,1101,885,31242,402,11,6877,1237,22,10,1677,1212,33859,158381,147376,7803,8532,4860,2474740,9530,10131,4496,2448,2960,935356,533496,272790,118940,418030,809,17.1,51,1132,565,335,36535,184,34837,3434,296980,81058,13564,21505,14280,10019,15568,47908,11607,26266,55205
2020,R25000,é†âÍåß,1413610,697429,716181,1359501,669459,690042,191369,98372,92997,824781,418619,406162,365311,162962,202349,10437,5363,5074,1.50,13039,6661,6378,24935,14265,10670,25427,14498,10929,5878,2050,15.8,34.2,2.4,135,1862.5,7234,1412253,496,15143,46500,93600,132,1218,11436,220,5513,81054,103,3113,40601,13242,12741,56,2783,37868,12524,7185,3,9,61,1085,825,31100,361,10,7141,1292,23,10,1792,1067,34882,163236,124089,7425,8163,13938,2484390,53770,8900,4276,2460,1937,826035,509276,189075,119199,425971,822,18.0,50,1100,559,330,35753,495,34237,3704,304172,81180,12435,21491,13705,11649,12620,55097,12135,29293,54566
2019,R25000,é†âÍåß,1416000,699000,717000,1384000,682000,702000,195000,100000,95000,852000,435000,417000,368000,164000,204000,10627,5480,5147,1.47,13221,6718,6503,25679,14708,10971,26090,14733,11357,6439,2095,15.8,32.8,1.6,125,1398.5,7578,1767946,500,14942,46800,89900,138,1350,12486,223,5568,81817,106,3115,40716,13732,13235,56,2827,38792,12752,7195,3,8,62,1064,824,30692,411,3,6783,1159,26,11,2024,1033,35163,144271,168479,9555,10403,53728,4182040,396790,9060,4452,2521,2002,868489,536357,197057,129707,435270,837,17.8,50,1091,565,315,35148,459,34089,3799,303491,79385,20657,22786,11335,10478,16230,41618,13629,30122,57251
2018,R25000,é†âÍåß,1414000,698000,716000,1387000,684000,704000,197000,101000,96000,852000,434000,418000,363000,162000,201000,11350,5854,5496,1.55,13246,6732,6514,25535,14608,10927,26077,14813,11264,6455,2060,15.7,33.6,-0.4,127,1863.0,7720,1719353,502,14884,46400,89200,140,1339,13203,223,5536,82283,106,3086,40961,13978,13495,56,2852,39473,12688,6943,3,8,63,1066,902,30609,430,10,6863,1117,26,11,2247,928,35874,144237,182402,11059,12153,50915,3992700,399860,8980,4445,2323,2161,880634,539601,208165,130584,432758,834,18.7,50,1089,556,305,33719,439,32531,3943,276534,78632,10777,22432,11145,10457,13098,35490,12102,28426,53974
2017,R25000,é†âÍåß,1414000,697000,717000,1390000,685000,705000,200000,102000,97000,856000,435000,420000,357000,159000,198000,11600,6012,5588,1.54,13083,6662,6421,24911,14386,10525,25626,14626,11000,6589,2205,14.8,31.8,0.7,148,1895.0,7451,1725822,506,14492,46500,88200,147,1351,13986,226,5453,82193,107,3124,42021,14299,13890,60,2863,39681,12701,6939,3,8,62,1052,892,30219,386,1,6338,1123,26,11,2385,927,38510,152689,179958,12056,13048,46476,3900830,378470,8978,4251,2755,1961,867010,517425,197844,151024,429912,830,18.7,50,1070,556,285,31225,356,31099,3915,282876,78159,13212,23036,13054,11215,11845,39276,11348,29602,52130
2016,R25000,é†âÍåß,1414000,697000,716000,1392000,686000,706000,202000,104000,98000,860000,437000,423000,350000,156000,195000,12073,6144,5929,1.56,12507,6469,6038,24656,14164,10492,25362,14555,10807,6825,2203,15.8,32.9,1.4,124,1628.5,7755,1488042,508,14213,46500,87700,156,1410,15125,227,5388,82412,107,3117,42793,14500,14089,61,2869,39718,12884,7205,3,8,62,1048,879,29445,433,9,6303,1056,26,11,2396,921,41453,163176,169530,12630,13829,44611,3996450,457430,9200,4376,3056,1764,879124,537698,175923,165247,430993,831,19.3,50,1062,558,270,29210,339,29388,3790,299756,78255,12168,22048,12619,13329,13093,44974,13693,30638,58940
2015,R25000,é†âÍåß,1412916,696941,715975,1386795,683979,702816,203450,104588,98862,857720,434079,423641,337877,150120,187757,12622,6509,6113,1.61,12507,6353,6154,24916,14374,10542,26903,15582,11321,6855,2321,15.5,31.7,1.1,144,1784.0,7518,1533951,514,14025,46400,87000,160,1445,15934,227,5368,82872,107,3116,43119,14310,13912,59,2868,39755,12656,6955,3,8,64,1042,896,30620,391,5,6307,1069,26,11,2402,859,44730,174685,155507,13411,14599,39003,3872740,389910,8734,4118,2756,1838,838488,508580,184055,145033,438059,843,20.8,50,1046,559,272,29160,346,29020,4006,296258,73510,9608,23393,8860,13456,10867,38472,12990,29980,75121
2014,R25000,é†âÍåß,1414000,698000,717000,1395000,688000,707000,207000,107000,101000,877000,446000,430000,332000,146000,185000,12729,6566,6163,1.53,12266,6304,5962,24554,14035,10519,25443,14544,10899,6990,2241,14.9,31.0,0.1,127,1449.5,7401,1484945,521,14900,46300,86100,193,1703,18999,230,5316,83457,107,3101,43209,14411,13935,59,2872,39510,12360,6861,3,8,64,1044,909,34089,439,12,6774,1110,27,12,2421,919,46691,183427,153969,13810,14879,39541,3743520,222570,8205,4151,2565,1401,800666,513462,147651,134774,441418,851,21.0,51,1035,564,262,27939,441,28849,4638,291015,72906,14126,24382,9472,11247,11664,42631,19138,27563,57887
2013,R25000,é†âÍåß,1415000,699000,717000,1395000,689000,707000,209000,107000,102000,888000,452000,436000,319000,140000,179000,13015,6680,6335,1.53,12233,6317,5916,25699,14623,11076,25842,14931,10911,7465,2329,15.1,33.0,0.3,126,1492.0,9504,1950630,529,13934,46200,84500,193,1796,19214,231,5297,84374,107,3080,43237,14537,14138,59,2810,38838,12082,6744,3,8,66,1041,956,33818,411,11,7270,1050,27,12,2387,854,52574,214762,149456,14839,16243,41095,3466480,129740,10662,5524,2712,2394,1093962,698898,243156,149821,456649,880,19.1,51,1019,558,253,26988,415,27898,4427,271287,66645,13358,21361,9054,11182,11064,42687,14059,31306,50570
2012,R25000,é†âÍåß,1414000,698000,716000,1395000,689000,706000,210000,108000,102000,899000,457000,441000,306000,134000,172000,13236,6720,6516,1.53,12221,6131,6090,26456,14998,11458,25173,14408,10765,7389,2346,14.8,33.4,0.5,135,1737.5,8551,1762910,536,14172,52100,88000,194,1789,19674,233,5292,84910,107,3053,43221,14281,13924,58,2806,38954,12690,7137,4,8,67,1014,1029,33967,510,13,7421,1087,27,12,2345,765,59468,240056,133241,15718,16836,47778,3399940,111710,9646,4967,2608,2021,975347,624430,208918,138679,454032,876,19.0,52,1017,560,252,27052,492,27329,4408,264630,68231,12180,20340,8277,11386,10997,37461,8680,27982,59096
2023,R26000,ãûìsï{,2535000,1210000,1325000,2465000,1174000,1290000,275000,141000,134000,1507000,749000,758000,753000,321000,433000,13882,7119,6763,1.11,30735,15564,15171,51833,27611,24222,55653,29743,25910,8731,3561,17.4,35.5,1.6,104,1345.0,8144,1989781,964,50263,111900,746100,189,1987,17204,365,8399,116346,188,5138,63604,21494,20096,105,5203,65266,20757,15350,9,34,154,10430,2548,146710,1191,146,32349,4164,61,50,14774,4007,55951,302187,347997,11651,11495,84178,26464250,9950040,14611,3602,5995,4721,1095527,404335,387018,290976,699278,749,14.6,149,2488,1250,381,40430,19,37220,5200,314636,85900,23779,23414,10245,9307,15075,37798,17396,29737,61984
2022,R26000,ãûìsï{,2550000,1217000,1333000,2485000,1185000,1300000,282000,145000,137000,1512000,751000,762000,755000,322000,433000,15068,7667,7401,1.18,31491,15973,15518,52400,27985,24415,55735,29904,25831,9571,3514,16.8,34.2,0.7,85,1459.5,8855,2018445,978,49952,109900,656800,194,2087,19082,365,8436,118394,189,5135,64365,21797,20528,108,5204,66038,21359,15589,9,34,159,10373,2762,145230,1257,206,31807,4016,62,53,15765,4821,56785,310019,361498,11996,11772,28570,18114080,1109250,15740,4119,6689,4884,1178105,470104,390527,313711,721419,770,14.7,149,2496,1281,512,58242,17,53838,6349,299924,84056,22849,23785,14939,9971,18383,31133,11941,27799,55068
2021,R26000,ãûìsï{,2561000,1223000,1339000,2505000,1195000,1310000,289000,148000,141000,1515000,751000,764000,758000,323000,434000,15818,8119,7699,1.22,28316,14287,14029,51890,27584,24306,55364,29861,25503,9417,3658,16.9,32.8,1.6,110,2034.0,9582,2173118,1013,49375,109500,602000,196,2193,20929,368,8420,119892,189,5178,65187,21992,20858,111,5240,66457,21821,15559,10,34,160,10351,3103,143095,1554,280,31933,4124,61,53,16238,4427,59083,324111,345976,12417,12261,11704,9703940,77830,16602,4553,6950,5031,1278175,517987,432988,321887,728410,775,13.9,151,2482,1286,512,58740,6,55412,5951,283208,80899,17141,20754,10732,8053,13556,39483,16306,25858,50426
2020,R26000,ãûìsï{,2578087,1231468,1346619,2460764,1172585,1288179,293465,150511,142954,1467216,723486,743730,734493,314351,420142,16440,8363,8077,1.26,26860,13718,13142,51753,27667,24086,55681,29895,25786,10197,3742,17.0,36.2,3.3,112,1644.5,9490,2313414,1017,47134,109300,602700,197,2205,22094,371,8395,121712,190,5204,65443,21712,20774,110,5222,67847,22049,15394,11,34,176,10291,3433,141870,1588,237,31639,3738,62,52,16064,4464,60589,312066,312360,12362,12368,30960,11249850,1167800,15707,4576,5410,5639,1233983,512281,473308,242096,743452,785,14.3,152,2449,1289,508,58776,48,54203,6785,253880,79072,8686,20662,11732,8888,13433,31929,12487,23448,43543
2019,R26000,ãûìsï{,2592000,1239000,1353000,2532000,1210000,1323000,299000,153000,146000,1531000,759000,772000,753000,322000,430000,16993,8755,8238,1.25,27028,13645,13383,52884,28169,24715,56327,30128,26199,11497,4022,16.9,34.3,1.9,111,1407.5,10160,2403576,995,43379,109100,587300,201,2228,23127,380,8376,123493,191,5141,65551,21903,21035,105,5276,69037,22541,15276,11,34,185,10194,3537,140970,1661,184,31174,3716,62,52,15890,4946,60535,269880,389024,15683,16088,106711,25281610,8949140,15051,4706,5031,5182,1205050,539303,421089,237802,796455,836,15.7,154,2451,1299,509,58882,86,57297,6886,257780,74071,10563,19911,9681,9870,13018,30135,14170,25234,51128
2018,R26000,ãûìsï{,2598000,1241000,1356000,2544000,1215000,1328000,304000,156000,148000,1539000,762000,777000,749000,321000,428000,17909,9188,8721,1.29,26654,13516,13138,52628,27835,24793,55618,29902,25716,11491,4046,16.9,35.0,0.4,107,1770.0,9998,2447681,969,40777,107000,509000,204,2234,23709,385,8430,125952,192,5148,66035,22324,21465,105,5263,70815,23240,15304,12,34,194,10065,3710,141045,1744,181,31613,3874,63,51,15709,5279,63699,276140,391120,17919,18043,100923,17696810,5217010,15322,4648,6196,4245,1177226,534579,351378,280754,799066,838,15.9,157,2461,1306,507,58772,75,58923,7760,281401,78346,13207,21492,11162,10982,12194,37058,7512,29710,59739
2017,R26000,ãûìsï{,2604000,1245000,1359000,2554000,1221000,1333000,308000,158000,150000,1548000,766000,782000,743000,318000,424000,18521,9476,9045,1.31,26431,13288,13143,53456,28295,25161,55118,29882,25236,11875,4104,16.0,33.6,1.5,103,1469.5,10068,2563327,921,36189,104000,429400,215,2315,24913,395,8538,128594,198,5251,67723,23014,22298,106,5282,71596,23074,15189,13,34,226,10042,3851,141336,1807,235,31360,3894,64,51,15715,4601,69303,293324,396854,19860,20077,95624,16535370,4685300,15096,4568,6265,4220,1215671,528949,370979,311467,805416,843,15.9,158,2459,1308,466,53294,227,52808,7287,249704,75471,13970,20385,9202,8345,12950,29387,8971,23846,47178
2016,R26000,ãûìsï{,2608000,1247000,1361000,2561000,1225000,1336000,312000,160000,152000,1560000,772000,789000,733000,314000,419000,19327,9863,9464,1.34,25830,13117,12713,53759,28732,25027,54509,29724,24785,12143,4222,17.1,34.7,2.0,112,1840.0,10345,2365619,906,35650,102900,374500,217,2329,25774,399,8622,130041,202,5342,69418,23646,22886,106,5288,72375,23480,15542,13,34,241,9946,4011,141385,1847,232,31540,4046,65,51,15546,4706,73899,320304,368283,20884,20917,90189,15868870,4149930,16223,4630,6435,5054,1299036,536216,453369,303370,809526,845,16.0,159,2471,1313,454,50886,64,51183,7172,274853,79319,17441,21800,9101,11171,11469,29498,15204,29586,50264
2015,R26000,ãûìsï{,2610353,1248972,1361381,2533645,1213342,1320303,313866,160780,153086,1539540,757513,782027,703419,302287,401132,19663,10228,9435,1.35,25495,12905,12590,55488,29453,26035,55767,30592,25175,12460,4435,16.6,33.6,2.2,123,2042.5,10439,2329090,899,33595,102400,339400,220,2361,26924,404,8633,131247,202,5381,70853,24095,23340,105,5280,72131,22813,15151,14,34,249,10027,4107,139709,1896,209,31093,4039,66,52,15541,4504,81204,352367,357733,23206,23285,77865,16242000,4092200,17490,4663,6569,5963,1417723,544942,543885,312690,843788,877,15.6,161,2452,1301,448,49963,6,50411,7151,282808,80511,11688,25067,9489,11012,11062,35950,14521,31827,51681
2014,R26000,ãûìsï{,2616000,1252000,1363000,2572000,1232000,1340000,322000,165000,157000,1586000,785000,801000,701000,300000,401000,19583,10025,9558,1.24,25507,12872,12635,53417,28776,24641,54591,29782,24809,12672,4462,16.1,32.6,0.7,104,1377.0,10057,2353771,909,33596,102000,322300,226,2344,27936,413,8613,132437,201,5369,71783,24120,23364,104,5245,72147,22966,15241,14,34,259,9885,4273,140475,2011,207,30572,4139,65,53,15264,4394,90724,381107,346491,24284,23997,77284,14922940,2948360,16826,4382,7037,5331,1359018,514455,475410,363238,864441,901,14.1,162,2459,1309,448,48853,11,50883,7492,304913,83488,12514,24397,10945,14445,11576,40989,17364,29344,59851
2013,R26000,ãûìsï{,2622000,1256000,1366000,2578000,1236000,1342000,326000,167000,159000,1616000,799000,816000,676000,288000,387000,20106,10388,9718,1.26,25332,12822,12510,53307,28507,24800,55280,30097,25183,12748,4581,16.2,35.1,0.4,91,1450.5,11736,2995062,919,33028,101700,313600,229,2336,28817,420,8624,133804,203,5429,72721,24543,23740,104,5192,71047,22250,14591,15,33,256,9681,4334,140617,1949,217,30491,4144,66,56,15127,5074,96440,416688,336478,26424,26176,77640,15086560,2363720,19582,5453,7225,6695,1652990,639376,637552,354506,884106,919,14.4,161,2472,1317,441,48413,109,50684,7413,309384,79652,13732,24698,11178,11837,14004,36100,13557,34170,70455
2012,R26000,ãûìsï{,2628000,1260000,1368000,2585000,1240000,1345000,330000,169000,161000,1646000,814000,832000,649000,276000,373000,20111,10442,9669,1.23,25416,12828,12588,53821,28617,25204,54239,29513,24726,13189,4646,15.8,34.5,0.6,112,1562.0,10229,2185514,936,32522,110600,321200,229,2323,29602,428,8744,135428,204,5391,72382,23751,23045,104,5254,71903,23240,15060,15,33,273,9500,4368,139701,2041,216,30596,4163,64,56,14901,4981,104912,455680,320005,26950,26243,90777,14523860,1652300,16036,4742,5713,5349,1315575,556111,474942,270850,895229,928,13.8,161,2484,1319,452,48676,152,50663,7339,271914,73166,18265,23172,10640,12687,12496,30331,8840,29127,53191
2023,R27000,ëÂç„ï{,8763000,4191000,4572000,8488000,4053000,4435000,984000,504000,481000,5355000,2656000,2699000,2424000,1032000,1392000,55292,28381,26911,1.19,104964,55386,49578,159522,84761,74761,146451,79682,66769,38513,14556,18.0,35.2,3.1,95,1343.5,25017,7028902,1576,123056,155200,1074400,520,6154,62788,983,29280,410467,513,17219,217213,73472,67505,254,13864,198941,62697,43208,21,58,546,14303,6908,232937,3240,457,51349,4850,216,29,65958,8594,203553,1201740,1484028,39419,34014,296496,44005760,15669930,65927,9425,34816,21471,4353859,1099808,1683186,1548706,2821113,877,12.6,463,8877,5411,970,103426,147,85829,14765,271246,85042,20861,22037,10112,8191,12956,29650,11771,25851,44775
2022,R27000,ëÂç„ï{,8782000,4202000,4580000,8524000,4074000,4450000,1002000,513000,489000,5349000,2651000,2698000,2432000,1038000,1394000,57315,29478,27837,1.22,106277,56022,50255,156398,83422,72976,148994,81081,67913,40362,14462,17.5,33.8,2.1,92,1058.0,26550,8746074,1572,122729,152200,1013600,535,6192,67972,986,28799,416847,515,16914,219494,74001,68407,254,14096,202876,66415,44849,22,58,564,14204,8059,230544,3812,629,50180,4728,219,35,69758,8138,214463,1211150,1479806,39649,34145,100106,26996430,1813240,73776,10106,37826,25530,4911569,1186596,2032597,1660547,2891792,899,13.0,467,8821,5468,1595,181591,134,163302,16939,265161,80890,18350,22121,10463,8848,12551,28186,6807,25978,50967
2021,R27000,ëÂç„ï{,8806000,4216000,4590000,8565000,4097000,4468000,1018000,521000,498000,5346000,2649000,2696000,2442000,1046000,1396000,59780,30585,29195,1.27,97282,51865,45417,154207,82363,71844,148324,80959,67365,39005,14594,17.5,32.5,3.0,99,2014.5,28090,7969732,1558,119230,150900,1006900,550,6358,73822,994,28850,422433,517,17118,221610,73999,68982,254,14299,207262,68065,45275,24,56,585,14197,9076,228194,4173,645,50170,4750,222,38,74531,8386,222073,1247324,1365890,39876,34595,40550,15357680,274860,68657,11253,32334,24661,4724340,1326074,1967895,1399377,2929670,911,13.3,470,8680,5442,1573,186248,158,172365,15926,249980,78611,23296,19734,10293,9229,12582,24432,10621,20496,40685
2020,R27000,ëÂç„ï{,8837685,4235956,4601729,8411856,4029310,4382546,1029499,526362,503137,5199504,2564194,2635310,2361723,1015345,1346378,61878,31745,30133,1.31,91644,49011,42633,159317,85233,74084,145935,80349,65586,40989,14832,17.7,35.7,4.7,102,1521.5,27307,8103283,1520,117489,150700,1060400,569,6330,78517,996,28574,427884,519,16867,220342,72405,68232,256,14451,214115,70339,45200,23,55,591,13911,9575,226452,4348,598,50478,4637,224,40,74596,8506,220682,1170353,1269051,40357,35126,110991,15261570,2118590,63519,10894,28187,24300,4539088,1284154,1983401,1258717,2950844,915,13.4,473,8534,5438,1570,176332,348,163745,15092,246247,76729,18912,20164,10695,7903,12829,24808,10542,19294,44371
2019,R27000,ëÂç„ï{,8842000,4243000,4599000,8612000,4131000,4481000,1043000,533000,509000,5333000,2641000,2691000,2434000,1052000,1382000,62557,31848,30709,1.31,90410,48057,42353,160815,85262,75553,150122,81890,68232,46395,16282,17.6,33.7,3.2,92,1219.0,29959,8329026,1477,112900,150500,1026500,587,6371,81942,999,28319,433013,521,16777,221426,75353,71350,260,14614,220504,72555,44855,23,55,616,13618,10030,223409,4512,601,48307,4298,223,39,74143,10358,226098,1032376,1615270,56483,49974,374008,41532450,15869040,68970,11977,30328,26352,4902964,1409677,2061144,1409684,3084929,953,13.1,475,8533,5517,1531,169448,589,160537,16135,270408,76693,19775,21085,10397,10152,13399,30963,10052,27349,50543
2018,R27000,ëÂç„ï{,8838000,4245000,4594000,8632000,4145000,4486000,1056000,540000,516000,5336000,2643000,2693000,2420000,1048000,1372000,65446,33597,31849,1.35,89494,47684,41810,156125,82802,73323,150928,82562,68366,44365,16243,17.4,34.6,1.8,96,1651.5,28971,8179905,1339,99983,149200,844800,627,6501,86823,1004,28052,438974,525,16700,225305,77216,73186,260,14833,226957,73826,44008,24,55,610,13519,10519,222041,4769,564,47555,4250,226,42,73594,10653,232591,1041342,1650157,65325,58650,350118,35465170,12839050,77940,11280,34371,31781,5229713,1326649,2367157,1509582,3104687,961,13.4,478,8481,5518,1481,163613,677,160190,16238,268768,80280,15400,21609,9129,11014,12713,30906,12134,27854,47730
2017,R27000,ëÂç„ï{,8841000,4249000,4591000,8652000,4160000,4493000,1069000,546000,522000,5356000,2653000,2702000,2399000,1041000,1358000,66605,34132,32473,1.35,87086,46439,40647,152881,81596,71285,149920,82224,67696,45469,16931,16.8,33.8,2.9,85,1275.5,28506,7747009,1230,89598,148300,764400,649,6706,92129,1011,27792,441161,527,16829,232262,79381,75718,258,14975,232280,75043,44626,25,55,613,13391,10804,218879,4817,583,46356,4247,227,43,73006,10755,252030,1105390,1554140,71519,64850,328328,30487290,10783660,67648,10760,33138,23493,4610223,1274326,1873172,1443265,3053759,945,13.4,482,8400,5509,1323,150592,1190,148658,15443,260814,74537,20044,20434,8495,9127,14062,28087,9996,25888,50143
2016,R27000,ëÂç„ï{,8841000,4254000,4588000,8670000,4173000,4497000,1083000,554000,529000,5383000,2667000,2716000,2366000,1029000,1338000,68817,35343,33474,1.37,84391,45092,39299,152537,82271,70266,150743,82905,67838,46187,17279,17.7,35.0,3.4,105,1453.5,29670,8597956,1160,80869,147800,690600,679,6809,97597,1015,27493,444586,528,16943,238200,81618,78093,257,15117,235580,75858,45264,25,55,643,13258,11034,215824,5021,578,46614,4351,224,44,71912,10641,276551,1190860,1408554,75551,68991,307724,29420320,9800040,70054,11406,32990,25318,4894962,1354934,2076004,1441333,3073830,950,13.8,483,8387,5553,1268,143580,1434,142096,15896,251435,76832,11594,20580,8724,10316,12272,26565,10883,23429,50242
2015,R27000,ëÂç„ï{,8839469,4256049,4583420,8524530,4101504,4423026,1093111,558854,534257,5341654,2635813,2705841,2278324,990815,1287509,70596,35936,34660,1.39,83577,44779,38798,156413,84364,72049,154117,85007,69110,46690,18101,17.2,33.2,3.3,119,1648.5,27979,8257236,1137,77894,146900,555900,693,6836,102095,1027,27436,449927,531,17086,244705,82869,79149,257,15068,236700,74413,44992,26,55,652,13208,11350,212562,5071,569,45613,4383,228,46,70779,10401,298965,1290647,1349013,81605,74185,261517,28361590,8653660,66896,10343,30037,25967,4628737,1243692,2022923,1329531,3147394,970,13.8,491,8342,5540,1208,138106,1365,137405,16370,260187,73482,18657,22266,8118,10051,11632,28431,9223,24166,54160
2014,R27000,ëÂç„ï{,8845000,4262000,4583000,8691000,4191000,4500000,1122000,574000,548000,5446000,2695000,2752000,2267000,988000,1279000,69968,35787,34181,1.31,81653,43783,37870,149142,79885,69257,149533,82544,66989,46934,17834,16.7,32.1,2.2,101,1278.5,27625,8208878,1130,76128,145600,513500,766,7723,116952,1033,27215,455633,534,17025,248947,83664,80014,257,14901,236529,73852,43869,27,57,665,13128,11809,206305,5291,618,45613,4387,226,45,70409,10790,321909,1379821,1326705,95350,88507,257676,25960400,5954990,63730,9664,28747,25000,4585566,1173577,2107477,1288072,3184536,983,13.7,491,8307,5505,1169,129251,1124,136829,20098,267169,71683,15942,21883,7940,13304,10655,31534,14941,25248,54039
2013,R27000,ëÂç„ï{,8856000,4271000,4585000,8699000,4199000,4500000,1138000,582000,556000,5527000,2734000,2792000,2184000,950000,1234000,72054,36949,35105,1.32,81864,43932,37932,153281,82731,70550,149904,82360,67544,48596,18104,17.1,34.8,1.7,88,1418.0,32709,8670033,1157,76311,145900,432100,774,7740,119145,1036,27133,463068,533,16954,252766,85560,81724,260,14881,232995,71422,41655,29,56,683,12994,11915,206260,5112,560,44607,4331,231,50,70266,10814,350205,1531477,1335156,104894,96731,264923,21682060,4076500,68806,12493,27967,28197,5299648,1516757,2466819,1303377,3299582,1018,13.2,496,8293,5515,1139,126302,1390,134552,19791,272813,72205,24337,21382,8796,12900,10320,31290,11594,27179,52810
2012,R27000,ëÂç„ï{,8861000,4277000,4584000,8703000,4204000,4499000,1152000,589000,563000,5605000,2772000,2833000,2099000,913000,1186000,73012,37419,35593,1.31,80472,43006,37466,154847,83551,71296,149466,82094,67372,48114,18761,16.6,34.3,2.0,97,1519.5,30072,8031191,1167,74991,149200,426300,780,7750,120743,1039,26973,471301,532,16728,253485,83617,80083,261,14987,232159,72506,41785,30,56,710,12956,12306,205507,5671,609,43559,4406,236,51,69268,9589,385141,1690073,1195818,105643,97765,304696,20651970,2890740,60847,11469,21823,27446,4962950,1383434,2514589,1055640,3406284,1051,12.2,496,8253,5482,1166,128575,2050,137476,19948,276646,70246,21660,20872,9775,12096,14268,31504,17296,25123,53806
2023,R28000,ï∫å…åß,5370000,2551000,2819000,5247000,2490000,2758000,629000,322000,307000,3132000,1540000,1592000,1609000,689000,920000,32615,16745,15870,1.29,66171,33522,32649,82910,44261,38649,89914,48552,41362,19629,8060,18.0,33.9,3.5,93,1279.5,17498,4861322,1430,46778,110000,325300,428,3756,35056,737,18407,270738,375,10382,140958,47752,43938,205,9605,123589,39100,26802,15,35,296,6867,4264,114154,1971,297,26121,2298,95,74,17867,6573,114139,578587,586287,19904,21859,165023,12940710,908310,28662,7666,10905,9958,2304639,882065,884122,521613,1687105,849,15.2,312,5196,2917,615,58210,241,52003,9012,279880,85960,16138,20150,11417,9390,16308,32598,9339,29444,49135
2022,R28000,ï∫å…åß,5402000,2567000,2835000,5287000,2510000,2777000,644000,330000,314000,3151000,1548000,1603000,1608000,690000,918000,33565,17190,16375,1.31,66541,33738,32803,84235,44806,39429,90225,48511,41714,20844,7902,17.5,32.3,2.5,83,1160.5,19289,4305478,1433,46953,107300,325000,446,3944,39222,742,18336,275186,376,10388,141997,47736,44145,205,9649,125676,41408,27758,15,35,310,6807,4755,115030,2066,314,26226,2269,94,74,18853,6744,114976,590835,605369,20601,22293,55809,10807250,115640,31911,8646,12767,10351,2576679,1007097,924761,627257,1743413,875,15.2,314,5218,2960,1113,108893,311,105663,8586,298485,81920,22153,17897,9218,10832,16063,40617,11564,31637,56584
2021,R28000,ï∫å…åß,5432000,2582000,2850000,5324000,2529000,2795000,655000,336000,320000,3169000,1556000,1613000,1608000,691000,918000,35581,18200,17381,1.36,61980,31759,30221,83089,44281,38808,89309,48351,40958,20938,8184,17.5,31.3,3.0,94,1637.0,20234,4600889,1447,47299,105900,321400,461,3969,42264,747,18364,278500,380,10406,143075,47681,44511,205,9744,128298,42454,27986,15,36,318,6855,5439,115536,2517,409,26145,2352,98,75,19748,6862,117428,618792,563799,21705,23170,22811,7626220,50180,29844,9832,11182,8493,2519459,1164472,779668,555862,1793989,895,15.4,314,5192,2971,1090,106619,769,107185,9202,287016,77694,25088,17420,12671,9367,14958,37392,16518,29159,46748
2020,R28000,ï∫å…åß,5465002,2599756,2865246,5215927,2475690,2740237,660205,338142,322063,3075863,1500270,1575593,1546543,664883,881660,36953,18808,18145,1.39,58654,30259,28395,83526,45191,38335,91049,49697,41352,21964,8370,17.6,34.0,5.1,98,1614.5,18714,4675823,1475,48228,103100,327900,473,4045,45514,754,18485,282758,383,10316,142012,46634,43817,205,9930,132810,43957,28271,17,36,318,6873,5866,116299,2305,308,26160,2186,96,75,19468,7102,117482,590485,513402,21784,22945,59077,7948490,171890,30551,9045,9614,11392,2537412,1068719,983259,443835,1814640,901,15.5,314,5149,2970,1064,103958,1528,103747,8654,268760,78235,11982,17461,14954,9449,15875,31173,12525,23502,53604
2019,R28000,ï∫å…åß,5488000,2614000,2874000,5383000,2563000,2820000,674000,345000,329000,3202000,1573000,1629000,1591000,687000,904000,38043,19372,18671,1.41,57938,29589,28349,85647,45865,39782,92907,50058,42849,25109,9143,17.7,32.3,3.7,91,1177.5,20218,4607385,1490,47555,103100,314100,505,4140,48033,761,18609,287019,386,10388,143222,48624,46081,205,10005,136275,44846,28034,17,37,335,6810,5871,115811,2620,291,25724,2076,97,76,18958,7436,120019,528170,656040,28021,29953,216532,12732700,1301160,31567,9738,10287,11102,2725879,1162391,1012473,524664,1879230,926,15.7,316,5125,2986,1030,100210,1569,100945,9176,271236,74775,18533,16640,10465,9977,12643,33994,12170,27492,54547
2018,R28000,ï∫å…åß,5501000,2621000,2880000,5405000,2575000,2830000,683000,350000,333000,3224000,1583000,1641000,1577000,682000,896000,39713,20450,19263,1.44,57452,29388,28064,86414,46267,40147,92502,49984,42518,24532,8969,17.4,32.7,2.1,97,2037.5,21266,4660018,1507,45885,102300,279900,532,4226,50780,764,18570,290093,387,10469,145111,49587,47171,205,10118,139953,45882,27926,17,37,353,6841,6143,115085,2847,275,25209,2078,97,80,18587,7853,125663,541014,697146,32505,34331,204881,11904280,1175150,31774,10063,12392,9209,2700929,1202273,874673,613525,1904386,937,16.7,321,5071,2974,1007,96942,1988,101033,8944,280999,76550,27466,17004,9570,10946,13128,29104,9801,25661,61769
2017,R28000,ï∫å…åß,5515000,2629000,2886000,5425000,2586000,2839000,692000,355000,338000,3252000,1595000,1657000,1558000,674000,884000,41606,21275,20331,1.47,56584,29109,27475,85438,45900,39538,92095,49990,42105,25482,9113,16.8,32.6,3.2,86,1196.0,21037,5071492,1525,44704,102100,255800,558,4322,54317,766,18576,291341,387,10643,149600,51201,49026,207,10222,142429,46333,28069,17,37,388,6886,6430,114125,2899,277,24761,2077,96,81,18649,7498,135735,574133,661933,36367,38425,192964,11525350,1130070,33444,9743,13033,10520,2822643,1175020,1004951,631071,1911647,938,16.9,318,5053,2981,935,99243,1572,92768,9262,235238,71263,12337,15764,9452,10388,9765,31082,4262,24780,46145
2016,R28000,ï∫å…åß,5526000,2636000,2890000,5442000,2596000,2846000,702000,359000,343000,3284000,1610000,1673000,1535000,663000,871000,43379,22346,21033,1.49,55422,28505,26917,85933,46016,39917,92693,50814,41879,25809,9302,17.8,33.7,3.9,96,1346.5,22482,5383201,1554,44189,101300,238200,578,4454,58076,771,18384,293190,386,10693,152827,51962,49820,207,10329,144943,47201,28645,17,37,376,6853,6633,112892,3014,283,25022,1954,97,81,18383,7724,143946,620431,600960,37977,40133,184646,11580810,1041250,34793,10627,14011,10117,2897957,1282881,935549,675482,1925288,941,16.8,318,5033,3011,900,85944,1050,89741,9516,264958,75177,21605,16592,7773,10528,12004,30157,10409,27831,52882
2015,R28000,ï∫å…åß,5534800,2641561,2893239,5398880,2576313,2822567,706871,361675,345196,3280212,1602852,1677360,1481646,639761,841885,44016,22672,21344,1.48,55391,28371,27020,87946,47508,40438,95355,52146,43209,26422,9775,17.3,31.7,3.6,113,1578.0,21577,5077588,1574,43494,100700,214700,611,4520,61818,782,18423,296690,389,10814,156364,52957,50931,209,10345,145323,46229,28015,17,38,383,6815,6796,112703,3100,309,25173,2076,94,83,17746,7413,157523,675223,560974,41964,44097,159904,11803050,1120270,33981,10089,11510,12191,2902343,1225087,1093915,564657,1966186,956,16.6,321,5002,2987,878,82666,942,86573,10103,263986,73860,17761,18342,9556,11817,11848,29926,8905,25931,56040
2014,R28000,ï∫å…åß,5550000,2650000,2900000,5473000,2614000,2859000,732000,375000,357000,3349000,1641000,1709000,1460000,630000,830000,44352,22778,21574,1.41,54147,28099,26048,86390,46458,39932,93482,51090,42392,26941,9598,16.7,30.6,3.0,90,1222.0,21382,5205238,1610,43709,100300,206000,696,5032,69768,790,18429,299948,391,10890,158659,53579,51535,212,10317,145112,45872,27875,17,39,387,6734,6927,113099,3089,329,25294,2073,91,86,17486,7789,169822,727093,542567,47249,50052,155052,11170590,664350,33520,9811,11886,11188,2921444,1200119,1091379,601756,1986661,966,16.8,321,4983,2987,837,78502,552,83497,11513,260364,69948,12143,19177,10225,11798,12309,32575,12467,26829,52891
2013,R28000,ï∫å…åß,5565000,2659000,2906000,5487000,2623000,2864000,741000,379000,362000,3409000,1670000,1739000,1408000,606000,802000,45673,23309,22364,1.42,54366,28016,26350,88382,47473,40909,93596,51070,42526,27826,10047,17.0,33.1,2.1,87,1297.5,24850,5326267,1637,43274,99600,201700,698,5005,70987,797,18497,304052,391,10880,161171,54500,52295,212,10263,143867,45400,27189,17,41,381,6715,7099,114202,3224,307,25338,2096,93,87,17253,7917,182665,793132,506195,51100,54457,158025,10867970,484230,36420,12141,11379,12685,3283497,1500673,1186789,577127,2010569,975,16.7,320,5010,2992,832,77372,802,82628,11356,267048,68819,11294,18202,8682,11124,13408,42990,11292,30022,51215
2012,R28000,ï∫å…åß,5575000,2665000,2910000,5499000,2630000,2869000,750000,384000,366000,3466000,1698000,1768000,1355000,581000,774000,46436,23854,22582,1.40,53657,27858,25799,90850,49137,41713,92145,50178,41967,28236,10264,16.6,33.2,2.2,97,1254.5,23413,5188601,1663,43289,96900,196100,708,4996,71557,802,18571,308950,392,10920,162116,53852,51764,213,10276,144054,46249,27556,17,42,401,6693,7377,114790,3366,318,25490,2167,94,91,17322,8241,192013,852515,472446,51564,54875,189637,10107490,330970,33129,10927,9653,12092,3050332,1360296,1156275,501404,2033532,984,16.7,317,4971,2990,838,76403,927,81557,11031,269877,69327,19445,19056,9782,11184,11907,36711,9945,26605,55914
2023,R29000,ìﬁó«åß,1296000,609000,686000,1279000,601000,678000,145000,74000,71000,728000,352000,375000,423000,183000,240000,6943,3574,3369,1.21,16972,8513,8459,22010,11315,10695,24022,12656,11366,4019,1751,16.6,34.4,0.7,107,1358.0,4338,847619,417,10433,52900,172900,133,968,8436,188,4800,62281,107,2802,34054,11535,10896,51,2416,31118,9791,6379,3,10,99,1490,1223,19240,529,124,4750,440,28,25,2584,2321,26397,126777,135901,5217,6095,36534,2119760,218740,5550,2304,1758,1433,507291,265974,144261,93091,405074,841,15.7,71,1213,677,132,17131,84,14271,2665,313833,85274,11799,24552,12309,10262,15311,41521,15176,30883,66746
2022,R29000,ìﬁó«åß,1306000,614000,691000,1291000,607000,684000,148000,76000,73000,735000,356000,379000,423000,183000,240000,7315,3749,3566,1.25,17166,8619,8547,22265,11427,10838,23977,12324,11653,4205,1780,16.2,33.5,-0.1,94,1216.0,5043,928190,407,10209,52600,168100,143,972,9317,190,4807,63595,107,2771,34811,11945,11325,58,2495,31582,10341,6606,3,11,98,1506,1276,20025,475,120,4848,447,28,28,2574,2534,27399,127525,143777,5667,6721,11696,1565720,18490,6097,2609,1493,1942,588835,306928,193671,85035,416988,861,15.7,71,1225,682,223,28615,81,24389,2716,303376,82006,25605,26118,13671,9793,15612,37452,10213,29540,53365
2021,R29000,ìﬁó«åß,1315000,619000,696000,1302000,613000,689000,152000,77000,74000,741000,359000,382000,423000,183000,239000,7751,4005,3746,1.30,15573,7893,7680,22921,11668,11253,24617,12653,11964,4435,1837,16.3,32.5,1.0,106,1642.0,5160,980949,409,10232,52600,166100,153,1125,10501,196,4895,65989,109,2844,35964,12147,11621,59,2525,32530,10939,6933,3,11,98,1524,1212,20512,432,122,4783,452,27,32,2489,2733,27119,126020,137969,5695,6579,4671,1046680,5980,5870,2833,1426,1610,587243,339915,169213,78018,430693,883,15.8,71,1223,681,221,27497,132,26388,2669,290843,78070,18176,21408,11410,8011,16337,45315,9073,26055,56987
2020,R29000,ìﬁó«åß,1324473,623926,700547,1302289,612908,689381,154271,78715,75556,737675,355441,382234,414576,180145,234431,7831,4021,3810,1.28,14678,7526,7152,22128,11429,10699,25177,13152,12025,4574,1831,16.3,35.8,2.3,105,1628.5,4336,794545,408,9948,52900,168400,159,1176,11097,202,4892,67172,110,2840,36085,11840,11387,54,2561,33849,11180,6908,3,11,104,1538,1229,20655,517,142,4365,409,33,32,2747,2986,27050,127220,128046,5851,6685,13727,1096330,43130,4987,2454,1000,1468,508894,298605,147819,58718,433912,883,15.8,71,1214,679,220,28196,201,26285,2830,299627,81275,21951,22665,11659,9912,14386,40514,16884,27727,52654
2019,R29000,ìﬁó«åß,1333000,628000,705000,1321000,623000,699000,158000,80000,77000,756000,365000,391000,417000,181000,236000,8323,4235,4088,1.31,14660,7471,7189,22198,11398,10800,26045,13381,12664,5249,2024,16.3,33.5,0.7,111,1482.5,5283,977236,417,9735,53200,167200,163,1203,11962,207,4911,68361,115,2877,36288,12207,11827,53,2585,35220,11661,6982,4,11,102,1544,1218,20374,461,160,4445,388,34,31,2770,3027,27642,118071,154785,6823,8027,50292,2221080,439610,6209,2840,1424,1930,620614,340082,199044,80288,448835,905,16.2,75,1215,681,219,28461,198,27566,2998,314939,76536,27137,22165,13113,11179,14269,48332,16759,30742,54707
2018,R29000,ìﬁó«åß,1341000,632000,709000,1331000,628000,703000,160000,82000,79000,765000,369000,396000,413000,180000,233000,8947,4626,4321,1.37,14674,7479,7195,22498,11518,10980,26524,13817,12707,5234,2047,16.2,34.4,-0.2,110,1646.5,5310,968267,417,9426,52700,167000,168,1234,12644,207,4901,69369,115,2895,36791,12681,12336,53,2605,35745,11455,6801,4,11,110,1535,1323,20087,574,128,4471,365,34,32,2884,3302,28841,120788,155311,7500,8849,48010,1995490,345690,6310,2750,1506,2044,632302,336030,206484,88606,446736,898,16.3,75,1211,690,215,25927,201,23042,2786,307408,78714,17196,22322,12072,12883,15660,43431,13833,33109,58188
2017,R29000,ìﬁó«åß,1349000,636000,713000,1340000,632000,708000,163000,83000,80000,776000,374000,402000,408000,178000,230000,8965,4583,4382,1.33,14486,7344,7142,23136,11801,11335,26603,13863,12740,5492,2055,15.4,33.2,0.0,94,1291.0,5470,1031043,406,9197,52300,152200,175,1340,13754,209,4871,70093,117,2928,37756,12808,12505,53,2650,36533,11983,6970,4,11,114,1528,1380,19690,531,128,4351,372,34,32,2890,3347,31528,132518,146878,8317,9708,45988,1879120,263900,6377,2640,1934,1753,624933,323519,183596,116121,455203,909,16.3,75,1204,690,199,24723,287,23835,3110,303831,74188,13204,22855,10729,12285,13940,38568,22188,32536,63339
2016,R29000,ìﬁó«åß,1357000,640000,717000,1348000,636000,712000,166000,85000,81000,789000,380000,409000,401000,175000,226000,9430,4780,4650,1.36,14054,7213,6841,23004,11822,11182,26623,13768,12855,5628,2184,16.0,34.3,0.5,109,1493.5,5652,1058289,405,8690,52500,149500,183,1378,14392,215,4881,70852,117,2934,38760,13255,12989,53,2631,36967,12061,7082,4,11,130,1520,1402,19539,533,114,4436,365,34,32,2921,3730,34263,145369,137904,8561,10042,44046,1969700,289760,6738,2748,2081,1882,663183,340299,195938,123946,456273,905,15.2,73,1208,689,190,23746,260,23077,3338,323726,79763,16678,23745,11276,13165,16544,48065,13748,35162,65580
2015,R29000,ìﬁó«åß,1364316,643946,720370,1351535,638330,713205,168970,86393,82577,796552,382752,413800,388614,169346,219268,9832,5041,4791,1.38,13920,7077,6843,23796,12182,11614,27758,14643,13115,5691,2309,15.5,32.6,0.8,129,1512.0,5291,988892,446,9051,52600,148200,186,1365,14983,216,4895,72022,117,2976,39408,13197,12941,53,2652,37455,11962,7044,4,11,127,1518,1432,20519,547,106,4692,385,35,33,2732,3937,37035,155069,129180,9135,10791,37582,1959930,243060,6542,2714,1666,2138,647351,335627,216825,92973,470717,926,15.5,74,1199,696,190,23309,253,22761,3250,334972,79486,20042,24052,11653,15143,15362,48043,11418,38329,71445
2014,R29000,ìﬁó«åß,1373000,648000,724000,1364000,644000,719000,173000,88000,85000,819000,394000,425000,383000,167000,216000,9625,4878,4747,1.27,13835,7058,6777,23662,12131,11531,26727,13962,12765,6002,2225,14.9,31.8,-1.0,105,1320.5,5197,1065802,453,9205,52600,147100,201,1517,16647,217,4902,73156,118,2988,40352,13716,13457,53,2633,37537,11920,7150,4,11,121,1524,1405,20614,573,95,4706,402,38,35,2753,4096,38091,161463,116767,9401,11149,37582,1717650,106730,5992,2560,1863,1568,586342,319195,164490,102483,482709,947,15.6,73,1187,697,180,22756,191,21751,3576,324605,72496,28138,24271,10812,16179,14873,46091,12875,36378,62492
2013,R29000,ìﬁó«åß,1381000,653000,728000,1372000,649000,723000,176000,90000,86000,838000,403000,435000,369000,160000,209000,10190,5168,5022,1.31,14029,7114,6915,24501,12604,11897,27282,14260,13022,6143,2266,15.3,33.9,-0.9,94,1505.5,6223,1316540,457,9055,52600,146800,202,1501,17282,218,4937,74325,117,3025,40921,13847,13566,53,2632,37463,11803,6790,5,11,126,1484,1493,20906,579,105,4671,418,42,37,2923,3957,40369,179798,116035,10569,12485,38874,1824880,67890,7481,3208,1928,2317,772430,409571,242845,118714,470501,918,13.1,71,1189,704,178,22414,205,21426,3541,307879,71345,14642,23776,9088,12986,12583,40723,18724,31186,72826
2012,R29000,ìﬁó«åß,1388000,656000,732000,1379000,653000,727000,179000,92000,88000,856000,412000,444000,355000,154000,201000,10565,5405,5160,1.32,13656,7021,6635,24671,12576,12095,27362,14306,13056,6223,2390,14.7,33.9,-0.8,109,1597.5,5733,1145775,468,9283,56800,155200,203,1484,17775,219,4936,75458,117,3050,41693,13903,13600,53,2646,37866,12395,7161,5,11,131,1472,1551,21295,654,99,4779,383,41,37,3163,3337,43744,199084,107372,10668,12781,48305,1706260,53240,6887,2941,1592,2343,706830,371295,240765,94416,470054,914,13.3,71,1188,695,178,22613,251,21920,3431,315513,71093,21107,22478,11799,12914,14496,42410,16592,30792,71833
2023,R30000,òaâÃéRåß,892000,420000,471000,884000,417000,467000,99000,50000,48000,488000,241000,247000,305000,129000,176000,4901,2479,2422,1.33,14535,7154,7381,10787,6032,4755,13316,7155,6161,2944,1466,17.8,33.5,3.0,93,1268.0,3567,586084,648,16871,35400,82400,63,431,3695,240,3971,42164,126,2300,23002,7891,7606,47,2016,22311,7074,4042,1,5,24,751,278,8601,133,0,1812,286,23,24,2174,1260,21432,98309,104034,5271,5714,16762,3684370,246540,3734,2021,1197,498,348036,228818,49199,67173,298410,890,11.9,75,1008,511,141,17320,39,13771,2088,259437,74738,15699,20892,11875,7142,12485,39487,9539,22743,44837
2022,R30000,òaâÃéRåß,903000,426000,477000,896000,423000,473000,101000,52000,50000,495000,244000,251000,307000,130000,177000,5238,2686,2552,1.39,14308,7085,7223,11077,6089,4988,13431,7263,6168,3193,1386,17.3,33.2,1.8,88,1006.5,4171,716501,649,16922,35700,82900,65,431,3998,246,3959,43055,127,2301,23436,7887,7626,47,2031,22667,7289,4151,1,5,25,745,291,8296,141,0,1719,304,22,24,2267,1622,22120,99898,107958,5583,6010,4601,3283330,30010,4590,2453,1285,816,435725,282412,77324,73350,310199,918,12.4,75,1030,520,192,23395,30,19912,2056,263910,68715,8609,22436,12100,7362,10846,50419,11911,21614,49899
2021,R30000,òaâÃéRåß,914000,431000,483000,907000,428000,479000,104000,53000,51000,502000,248000,254000,308000,130000,178000,5514,2854,2660,1.43,12930,6490,6440,10970,6097,4873,13121,6987,6134,3264,1442,17.4,31.2,3.1,95,1725.0,4653,793957,669,16923,35800,83300,68,448,4370,247,3892,43676,128,2314,23677,7875,7645,47,2065,23349,7816,4373,1,5,25,738,295,7891,140,2,1670,259,22,24,2348,1452,22375,100897,107798,5638,6029,1692,2870980,4620,4908,2828,1376,704,475281,331134,68159,75988,317619,929,13.2,75,1021,525,194,23346,30,19200,2010,225703,64931,10909,19193,10867,6273,11856,27713,8139,18545,47277
2020,R30000,òaâÃéRåß,922584,435051,487533,911408,430016,481392,105360,53884,51476,503704,247515,256189,305500,128954,176546,5732,2933,2799,1.43,12610,6242,6368,10631,5988,4643,13808,7413,6395,3527,1529,17.5,34.5,4.3,106,1657.5,4212,710594,675,16827,36200,83300,69,495,4606,248,3914,44501,128,2280,23633,7849,7676,47,2119,24240,7968,4304,1,4,26,693,351,7524,199,1,1594,255,23,29,2471,1402,22354,104127,97225,5665,5992,5876,2791130,37600,4452,2510,1267,636,429784,296925,62441,68249,323712,938,13.2,75,1022,526,197,23397,35,19765,2047,245467,65955,17125,19669,10336,7608,15361,29836,8723,21593,49261
2019,R30000,òaâÃéRåß,931000,439000,492000,925000,436000,489000,107000,55000,52000,511000,251000,261000,306000,129000,177000,5869,3030,2839,1.46,12837,6374,6463,10499,5827,4672,14367,7588,6779,3860,1595,17.4,32.2,2.9,88,1625.5,4521,819246,691,17056,36400,83800,72,519,5270,249,3900,45438,129,2276,23809,8057,7887,47,2149,25524,8482,4367,1,4,26,704,385,7297,180,1,1572,241,23,31,2617,1753,22585,92057,111633,6810,7382,25001,4216700,390550,5000,2831,1321,756,480089,335108,67797,72911,332927,952,12.2,75,1025,527,201,23833,54,18952,2367,242191,65239,13440,20035,8064,8495,12400,33189,9082,24093,48153
2018,R30000,òaâÃéRåß,940000,443000,497000,934000,441000,494000,109000,56000,53000,520000,255000,265000,306000,129000,177000,6070,3122,2948,1.48,13062,6502,6560,10810,5977,4833,14391,7596,6795,3785,1686,17.3,33.2,1.9,94,1950.5,4735,949704,698,16974,35400,83800,77,572,5878,255,3845,46029,131,2303,24480,8537,8398,47,2158,26489,8715,4231,1,3,28,687,402,7119,210,0,1566,238,23,34,2555,1739,22859,93912,110934,7629,8330,23731,4192020,401700,4899,2902,1270,712,482224,344475,69076,67122,338944,962,12.1,75,1034,533,202,23191,16,18634,2349,224853,65642,9117,21083,7213,7794,12015,27543,3697,24383,46366
2017,R30000,òaâÃéRåß,948000,446000,502000,943000,444000,499000,112000,57000,55000,529000,259000,270000,304000,128000,176000,6465,3351,3114,1.52,12772,6339,6433,10719,5903,4816,14207,7554,6653,4041,1714,16.8,33.6,3.1,85,1341.5,4462,754787,716,17220,36200,81100,83,587,6228,260,3816,46351,131,2339,25375,8744,8620,48,2178,27333,8793,4200,1,3,28,693,417,7026,197,3,1563,254,23,35,2574,1836,24958,101545,105480,8471,9115,22024,4111180,414250,4654,2664,1317,666,453704,315312,68825,68670,336430,942,12.4,75,1035,540,186,22323,29,19316,2279,238907,67556,13266,21053,9178,8837,9376,31133,5504,22531,50473
2016,R30000,òaâÃéRåß,956000,450000,506000,951000,448000,503000,114000,58000,56000,538000,263000,275000,302000,127000,175000,6659,3446,3213,1.50,12620,6306,6314,10681,5900,4781,14575,7744,6831,4061,1771,17.7,33.9,3.6,100,1508.0,4551,808409,724,17556,34300,78600,86,600,6586,267,3832,47469,134,2401,26777,9283,9130,49,2208,27857,8986,4388,1,3,25,708,410,6986,201,1,1556,273,23,37,2764,2127,26535,108748,101927,8755,9417,20956,4100870,458400,4973,2791,1293,877,495093,335461,81760,75848,340327,946,12.6,75,1056,547,190,22555,10,19559,2514,247243,66828,12886,19527,11120,9394,12401,26256,7166,24723,56942
2015,R30000,òaâÃéRåß,963579,453216,510363,956199,450243,505956,116412,59450,56962,546279,266634,279645,296239,124463,171776,7030,3549,3481,1.54,12549,6263,6286,11178,6169,5009,15158,8112,7046,4326,1891,17.2,32.2,3.5,108,1537.5,4380,847872,697,17438,34700,78700,94,632,6912,268,3810,48488,136,2434,27632,9490,9349,49,2231,28053,8904,4408,1,3,24,671,423,7003,204,6,1594,260,24,38,2682,2358,29008,116957,98913,9366,10081,18588,4101760,366890,4604,2560,1615,420,441935,314792,41064,84567,356028,978,13.6,78,1065,552,194,21080,18,18884,2380,278489,66589,17583,20848,10764,10668,11866,38294,9151,26605,66122
2014,R30000,òaâÃéRåß,972000,457000,515000,968000,456000,512000,119000,61000,58000,556000,272000,284000,296000,124000,172000,7140,3665,3475,1.55,12609,6305,6304,11420,6313,5107,14377,7664,6713,4419,1914,16.7,31.2,2.1,102,1409.5,4565,848430,735,17132,35400,79700,106,732,8028,271,3794,49325,137,2448,28528,9695,9524,50,2269,28523,9102,4331,1,3,27,663,432,7019,214,1,1549,236,23,41,2677,2515,29283,119806,97481,9792,10365,18828,3880650,253240,4845,2577,1465,654,459477,314586,60985,78219,363681,992,13.5,78,1070,554,199,22553,10,20235,2649,264987,65780,8655,21681,10254,11138,10551,40660,13615,24644,58009
2013,R30000,òaâÃéRåß,980000,461000,519000,976000,460000,516000,121000,62000,59000,570000,278000,291000,288000,120000,168000,7122,3603,3519,1.52,12773,6316,6457,11900,6583,5317,14405,7658,6747,4618,1961,17.0,33.5,1.7,88,1369.5,5464,986084,793,17800,36200,81400,106,737,8301,272,3819,50662,138,2465,29232,9998,9804,51,2301,28579,8937,4418,1,3,24,679,409,7046,183,3,1548,230,22,42,2739,2650,32296,132616,94664,10503,11196,19695,3779000,158980,5667,3415,1451,786,570726,420008,71157,76373,382687,1035,13.6,78,1079,563,201,22280,13,19710,2634,258464,64350,15389,21069,11235,10801,9550,27751,10596,25105,62619
2012,R30000,òaâÃéRåß,988000,465000,524000,984000,463000,521000,124000,63000,61000,583000,285000,298000,281000,116000,164000,7424,3778,3646,1.53,12435,6290,6145,11757,6576,5181,14139,7508,6631,4664,1959,16.4,33.2,1.9,106,1637.0,4875,1085824,824,17929,37700,83700,106,751,8478,278,3881,52139,138,2470,29663,9930,9735,51,2325,29203,9333,4457,1,3,25,680,405,7113,208,0,1592,250,22,47,2739,2680,35185,143831,90690,11315,11779,24649,3577710,97830,5159,3045,1437,648,527724,379847,63408,79705,381019,1022,14.3,79,1075,559,205,22450,13,19910,2619,244922,63070,10735,20112,9071,9686,10997,26975,9395,25259,59620
2023,R31000,íπéÊåß,537000,257000,280000,532000,255000,277000,65000,33000,31000,294000,148000,146000,179000,76000,103000,3263,1685,1578,1.44,8290,4013,4277,7578,4362,3216,9466,5142,4324,1810,781,16.6,35.2,1.4,147,2058.5,2494,359030,326,9718,19000,44500,18,236,1514,114,2333,27232,56,1348,13904,4604,4356,32,1378,13868,4407,2265,1,3,43,813,517,6769,238,6,1455,366,20,14,1719,1674,15329,70954,101618,5130,5251,7863,1878060,57500,2473,1242,748,443,217486,137807,40099,37422,190681,963,28.2,39,474,256,138,13797,0,11211,1820,272599,73150,12297,25300,11354,7706,13084,46561,4928,26546,51674
2022,R31000,íπéÊåß,544000,260000,284000,539000,258000,281000,66000,34000,32000,298000,150000,148000,180000,76000,104000,3752,1930,1822,1.60,8031,3858,4173,7967,4551,3416,9279,5134,4145,1981,763,15.7,33.3,-0.3,149,1534.5,2726,409895,329,9730,19000,45000,19,247,1719,117,2366,27650,57,1353,14179,4826,4595,32,1385,14124,4590,2386,1,3,41,823,521,6718,253,10,1443,337,20,16,1791,1402,15122,69621,111959,5302,5466,2059,1700080,8480,2557,1467,736,348,235669,165571,32801,36388,197867,990,28.3,39,485,258,187,19609,0,16514,1896,272862,69588,19750,25286,10572,7646,11638,46108,6757,22670,52847
2021,R31000,íπéÊåß,549000,262000,286000,544000,261000,283000,67000,35000,33000,302000,152000,150000,180000,76000,104000,3708,1926,1782,1.51,7605,3641,3964,8435,4747,3688,9305,5253,4052,1977,788,15.9,32.0,0.7,149,2188.0,2865,473157,334,9782,19100,45700,20,259,1943,118,2411,28027,58,1384,14316,4857,4675,32,1391,14321,4679,2248,1,3,43,822,566,6721,279,11,1481,334,21,17,1779,1426,15338,71037,103004,5378,5361,935,1505210,4810,2714,1654,746,306,262961,194862,29697,37400,201555,1001,28.5,39,491,254,185,19126,0,16536,1915,273927,68847,18293,21818,9899,7732,11851,55356,8505,22563,49065
2020,R31000,íπéÊåß,553407,264432,288975,543979,260387,283592,68330,35060,33270,300002,150283,149719,177046,74616,102430,3783,1949,1834,1.52,7096,3464,3632,8144,4666,3478,9152,5166,3986,2098,814,15.9,35.0,2.3,156,2096.0,2554,394972,335,9734,19200,46500,20,257,2021,118,2415,28238,58,1403,14522,4844,4676,32,1389,14572,4718,2182,1,3,40,853,555,6736,253,9,1484,342,22,17,1783,1324,15797,72783,90012,5273,5383,2785,1666570,24640,2499,1530,665,296,235172,179752,23484,30728,202597,995,28.6,39,490,253,186,19293,0,16994,1933,296669,76348,17658,21726,12191,9164,13722,61606,5735,24816,53702
2019,R31000,íπéÊåß,557000,266000,291000,553000,265000,288000,70000,36000,34000,308000,155000,153000,178000,75000,103000,3988,2056,1932,1.63,7605,3646,3959,8048,4531,3517,9783,5397,4386,2389,885,16.0,33.6,1.5,151,1536.5,2715,440251,604,9971,19400,47400,20,244,2131,122,2444,28569,59,1428,14762,5003,4819,32,1386,14793,4805,2179,1,3,42,845,545,6712,264,3,1436,302,23,17,1939,1245,17263,70559,112337,6217,6397,12098,2440160,154070,2647,1610,731,290,258305,192605,28594,35569,211921,1031,29.2,39,497,259,186,19537,0,17583,2141,280966,72470,16859,21901,11411,9882,11450,44073,7664,26828,58428
2018,R31000,íπéÊåß,562000,268000,293000,558000,267000,291000,71000,36000,35000,313000,157000,155000,177000,74000,103000,4190,2211,1979,1.61,7309,3569,3740,8113,4604,3509,10096,5593,4503,2329,914,15.7,34.4,-0.9,152,2183.5,2954,533260,424,10166,19500,47700,20,257,2217,125,2454,28939,60,1433,15063,5187,5023,32,1355,15033,4900,2119,1,3,41,865,567,6710,272,5,1443,326,23,16,2018,1384,18359,72123,110480,6957,7193,11689,2334290,149830,2916,1691,949,246,275152,204238,24084,45942,212379,1027,29.6,39,502,260,188,19825,0,17528,2351,266955,71015,14672,22577,11070,9470,10699,36332,8218,24500,58403
2017,R31000,íπéÊåß,566000,270000,296000,562000,269000,293000,72000,37000,35000,318000,160000,158000,175000,73000,102000,4310,2210,2100,1.66,7536,3695,3841,8516,4961,3555,10000,5477,4523,2414,895,15.2,32.8,1.1,157,2248.0,2837,550688,375,9473,19600,48000,20,256,2253,128,2514,29418,63,1466,15540,5195,5055,32,1354,15316,4945,2166,1,3,39,872,554,6685,254,3,1443,347,23,15,2082,1396,19654,75349,112012,7695,7909,10322,2277610,125180,2943,1624,1108,203,275540,197180,20333,56556,218890,1050,31.2,39,497,261,180,18263,0,17616,2247,257533,68355,18994,20109,9492,8627,10385,46107,5433,22228,47802
2016,R31000,íπéÊåß,570000,272000,298000,566000,271000,296000,73000,37000,36000,324000,163000,161000,173000,72000,101000,4436,2312,2124,1.60,7357,3662,3695,8672,4901,3771,9982,5487,4495,2444,937,16.0,33.0,1.3,163,1795.0,2619,564740,386,9444,19800,48300,20,248,2190,132,2529,29791,63,1488,15853,5360,5182,32,1335,15461,4881,2060,1,3,42,881,523,6650,233,4,1459,334,24,13,1958,1158,21198,81811,100771,8010,8275,10348,2318000,89810,2823,1412,1194,189,257060,174052,18440,61950,219163,1043,30.6,39,503,257,180,17760,0,17106,2175,252245,68331,12124,19833,9553,9633,10022,35548,8142,24172,54887
2015,R31000,íπéÊåß,573441,273705,299736,567993,271580,296413,73685,37539,36146,326301,163762,162539,169092,69909,99183,4624,2400,2224,1.65,7271,3623,3648,9028,5089,3939,10531,5837,4694,2681,993,15.4,31.4,1.7,159,1750.0,2564,534994,435,10966,20100,49400,20,262,2210,135,2535,30238,63,1494,16107,5502,5360,32,1346,15369,4900,2130,1,3,41,870,527,6581,258,14,1362,328,24,13,1978,1590,23876,90826,91504,8494,8701,9020,2253890,91640,2526,1325,977,218,235603,162777,21487,50005,213306,1006,26.9,40,507,256,181,17922,0,17112,2298,274809,65870,12446,21360,10209,11327,11374,43473,7682,23481,67587
2014,R31000,íπéÊåß,577000,275000,302000,573000,274000,299000,75000,38000,37000,332000,167000,165000,167000,68000,98000,4527,2290,2237,1.60,7076,3511,3565,8965,5065,3900,10096,5616,4480,2663,1029,14.9,31.2,0.8,158,1890.0,2417,477064,437,10902,20600,51800,35,432,3888,135,2522,30735,65,1510,16377,5465,5339,32,1386,15500,5055,2120,1,2,45,814,572,6420,279,26,1300,305,22,15,1681,1884,25049,97671,85276,8949,9297,9004,2290550,48470,2568,1212,1153,195,235847,154823,18112,61826,213522,1002,26.0,40,511,257,183,16994,0,16130,2515,268355,63945,17578,23097,9550,7973,10784,43782,6842,23269,61535
2013,R31000,íπéÊåß,580000,277000,303000,576000,276000,301000,76000,39000,37000,339000,171000,169000,163000,66000,97000,4759,2443,2316,1.62,7270,3647,3623,8791,4960,3831,10474,5788,4686,2719,979,15.5,33.6,0.4,137,2048.0,2908,564955,443,11046,21300,53900,35,437,4087,138,2547,31109,64,1481,16418,5427,5289,31,1383,15630,4922,2054,1,2,44,796,566,6240,255,11,1252,320,24,15,1723,1565,26000,108479,79009,9232,9610,10156,2311790,36910,2419,1631,680,101,263765,215626,10136,37073,216607,1011,26.1,40,517,261,178,16494,0,16392,2568,266115,65865,10665,23542,9931,10532,11274,37652,6372,23810,66472
2012,R31000,íπéÊåß,583000,278000,305000,580000,277000,303000,77000,39000,38000,347000,175000,172000,158000,64000,95000,4771,2402,2369,1.57,7074,3492,3582,9119,5168,3951,10572,5891,4681,2759,1065,14.9,34.9,-0.7,165,2281.0,2419,464380,444,11049,22900,58700,37,435,4117,140,2566,31737,65,1485,16389,5467,5331,31,1414,16377,5477,2317,1,2,44,811,553,6111,271,27,1246,354,23,14,1783,1465,28370,117685,67635,9206,9671,11607,2136640,33450,2184,1198,803,158,216759,154966,15442,45170,217879,1009,26.0,40,518,263,184,16669,0,16447,2566,276867,65626,17523,23659,9220,10165,11225,42908,8064,24460,64017
2023,R32000,ìáç™åß,650000,314000,335000,640000,310000,330000,77000,40000,37000,346000,177000,168000,227000,98000,130000,3759,1886,1873,1.46,10461,5114,5347,9318,5345,3973,11258,6170,5088,2095,799,16.5,34.1,1.6,134,1970.5,2714,553415,371,10953,20400,37500,76,357,2002,196,2999,32449,95,1808,16609,5556,5321,47,1721,16854,5253,2630,1,2,16,867,263,7283,117,9,1592,268,19,21,2415,257,18274,80721,138359,6193,6636,7636,2863760,46930,3224,1438,1147,603,276895,160692,57677,57153,214869,902,19.9,37,689,251,272,20523,0,19414,3497,294837,76446,15875,28112,12020,8171,12177,54749,6616,24889,55781
2022,R32000,ìáç™åß,658000,318000,340000,648000,314000,334000,79000,41000,38000,350000,180000,171000,229000,98000,131000,4161,2088,2073,1.57,10434,5061,5373,9637,5505,4132,11073,6070,5003,2167,813,15.8,32.2,0.5,130,1300.0,2870,481578,378,11074,20500,37600,80,377,2280,197,3054,32892,95,1811,16817,5695,5491,47,1722,17042,5512,2754,1,2,14,877,163,7268,117,8,1633,251,19,25,2477,400,18175,77529,147740,6524,6812,2106,2395940,8260,3631,1598,1462,570,304571,180995,54924,68435,222774,925,19.8,37,707,251,297,22458,0,20644,3457,278522,72412,15182,28662,11257,7661,12515,44897,5957,25736,54243
2021,R32000,ìáç™åß,665000,322000,343000,655000,317000,338000,81000,42000,39000,355000,182000,173000,229000,98000,131000,4415,2262,2153,1.62,9851,4811,5040,9548,5458,4090,10818,5963,4855,2337,863,15.9,31.2,1.3,151,2223.5,2722,454604,386,10563,20600,37900,85,381,2595,197,3095,33162,95,1823,17040,5782,5603,47,1728,17145,5554,2728,1,2,13,893,167,7263,86,3,1629,253,21,25,2426,409,17722,77691,134747,6508,6841,854,2231380,8510,2770,1544,923,282,253035,179029,26627,45979,228780,940,20.3,38,709,254,298,22930,1,20896,3449,273925,72271,18243,25547,11213,8579,13865,39752,6824,24682,52949
2020,R32000,ìáç™åß,671126,324291,346835,656197,316811,339386,81641,42002,39639,352656,180058,172598,227881,97061,130820,4473,2290,2183,1.60,9585,4581,5004,9693,5576,4117,11225,6155,5070,2398,877,15.8,34.0,2.1,137,2015.0,2900,482785,399,10734,20800,38200,89,399,2852,200,3162,33921,97,1859,17119,5515,5364,47,1739,17707,5837,2763,1,2,13,884,171,7098,85,2,1479,273,21,27,2374,411,17819,77696,120749,6450,6672,2832,1989340,10930,3136,1588,1293,255,276610,187870,25505,63235,232553,946,21.0,38,705,257,297,22589,0,22067,3504,294519,73347,18742,24954,12947,8691,13740,49798,8320,24210,59770
2019,R32000,ìáç™åß,677000,327000,350000,668000,323000,346000,83000,42000,40000,360000,185000,176000,231000,98000,133000,4594,2353,2241,1.68,9710,4759,4951,9841,5628,4213,11465,6229,5236,2625,945,15.9,31.7,1.8,150,1490.5,3230,592888,391,10535,21000,38600,90,390,3100,200,3168,34115,97,1881,17188,5821,5688,47,1744,18121,5949,2683,1,2,13,949,174,6944,88,8,1450,203,21,29,2411,477,19393,75750,133055,6981,7426,11484,2924620,71020,4086,1748,1982,320,336372,206510,32304,93129,238088,955,20.8,40,715,268,295,23043,0,23122,3674,276112,66834,16988,24027,10314,10559,12698,43969,6055,22584,62085
2018,R32000,ìáç™åß,682000,329000,353000,674000,325000,349000,84000,43000,41000,366000,187000,178000,231000,98000,133000,4887,2526,2361,1.74,9724,4611,5113,9836,5618,4218,11293,6091,5202,2672,901,15.6,33.7,-0.7,148,1976.5,3102,693193,402,10290,21200,39000,90,407,3227,203,3191,34801,100,1909,17596,5986,5837,47,1736,18590,6044,2776,1,2,14,963,326,6818,230,17,1476,249,21,29,2435,377,20673,79436,137389,7925,8466,11119,2671220,64700,3783,1724,1626,346,329086,205999,35837,83941,239104,954,21.9,41,723,269,290,22733,30,22102,3558,313323,74367,19793,24884,11882,10776,13162,48616,12299,30846,66699
2017,R32000,ìáç™åß,687000,330000,356000,679000,327000,352000,85000,43000,41000,370000,189000,181000,230000,97000,133000,5109,2619,2490,1.72,9694,4596,5098,9897,5707,4190,11425,6153,5272,2662,1035,15.3,31.5,1.1,148,1760.5,3088,503988,434,10722,21400,39500,92,421,3522,204,3175,34894,102,1934,18246,6233,6103,47,1739,18818,6051,2827,1,2,34,911,484,6641,232,23,1481,246,21,29,2535,436,22035,83261,129529,8183,8678,10316,2579590,44180,3328,1715,1312,269,300539,205268,24840,68117,238971,946,22.3,43,721,271,276,21860,119,22406,3629,293721,73698,19239,25525,10754,10098,12126,44194,7194,27173,63720
2016,R32000,ìáç™åß,691000,332000,359000,685000,329000,355000,86000,44000,42000,376000,192000,184000,228000,96000,133000,5300,2729,2571,1.75,9562,4605,4957,10248,5812,4436,11500,6229,5271,2755,949,15.9,32.2,1.5,154,1800.0,3016,531009,438,10414,21700,40100,92,505,3679,206,3201,35161,102,1957,18727,6482,6350,47,1755,18886,6045,2770,1,2,35,892,503,6652,243,23,1454,236,21,29,2560,440,22619,85222,114191,8300,8792,9782,2656660,42720,3334,1543,1451,330,295996,188433,32354,73987,240040,944,22.6,43,725,273,278,21925,38,22568,3598,278273,70301,21697,22004,10553,9968,10712,42183,8189,28907,53760
2015,R32000,ìáç™åß,694352,333112,361240,687180,329866,357314,86056,44115,41941,376877,191489,185388,222648,92523,130125,5551,2948,2603,1.78,9604,4708,4896,10548,5959,4589,11914,6485,5429,2931,1022,15.4,30.4,1.9,149,1706.0,2906,621340,455,10585,22100,40400,95,511,3783,211,3199,35426,102,1956,19138,6454,6340,47,1780,18714,5905,2778,1,2,34,875,502,6701,237,31,1465,221,21,29,2645,409,23463,90313,103146,8433,9052,8577,2591480,34290,3121,1473,1265,365,282072,180691,34824,64572,244471,952,23.4,43,723,271,277,21310,46,22136,3572,289805,67479,16175,24238,9371,10147,11836,51055,8645,26242,64616
2014,R32000,ìáç™åß,699000,335000,364000,694000,333000,361000,88000,45000,43000,387000,197000,190000,221000,91000,130000,5359,2730,2629,1.66,9369,4692,4677,10061,5598,4463,11662,6325,5337,3022,966,14.9,30.2,1.1,150,1818.5,3010,687157,466,10656,22500,41500,104,544,4058,216,3219,35958,103,1940,19381,6436,6331,48,1779,18889,6183,2860,1,2,45,847,505,6669,247,34,1391,241,21,29,2734,423,24138,95548,101772,8866,9359,9001,2573640,23270,3147,1499,1374,264,289361,185804,26522,75903,247718,960,24.2,44,723,274,266,19734,3,20910,3416,281782,64534,18581,24037,9588,10852,12431,47902,7972,27513,58372
2013,R32000,ìáç™åß,704000,337000,367000,699000,335000,364000,89000,46000,43000,396000,202000,194000,217000,89000,128000,5534,2804,2730,1.65,9572,4713,4859,10340,5717,4623,11687,6322,5365,2992,1045,15.4,32.4,0.5,133,2035.0,3398,665800,479,10616,23100,42700,108,560,4244,221,3253,36582,104,1934,19440,6517,6363,48,1803,19093,6183,2906,1,2,44,833,576,6588,307,52,1380,236,21,29,2601,460,25485,102234,99256,9621,10028,9582,2553810,16920,3471,1928,1210,266,342868,244520,26779,68749,246613,949,25.0,45,727,279,269,20284,14,21271,3559,296630,65488,22584,24318,9448,11664,12241,47456,8828,27193,67410
2012,R32000,ìáç™åß,708000,339000,369000,704000,337000,366000,90000,46000,44000,405000,206000,199000,212000,86000,126000,5585,2975,2610,1.68,9513,4704,4809,10657,5975,4682,11856,6395,5461,3114,1014,15.1,33.9,0.3,158,1561.5,2819,543197,489,10794,23500,43900,111,560,4621,230,3279,37064,105,1946,19560,6594,6460,50,1815,19580,6384,2939,1,2,46,834,650,6488,321,61,1382,262,20,31,2305,430,27299,110681,92160,9985,10508,12100,2118450,16110,2889,1413,1294,163,267864,177128,17755,72087,245755,939,25.5,46,729,282,270,20215,32,21375,3419,271469,63515,21254,25076,8942,9750,10418,40353,4539,23097,64526
2023,R33000,â™éRåß,1847000,889000,958000,1814000,872000,942000,220000,113000,107000,1054000,529000,525000,573000,247000,326000,11575,5950,5625,1.32,25281,12503,12778,25298,14099,11199,29568,16404,13164,6781,2750,16.8,34.0,-0.1,85,1032.0,7384,1612593,684,21582,29800,102500,199,1283,9934,375,7496,94614,163,4089,49563,16669,15634,86,3854,47875,15022,8537,8,18,168,3899,1938,37991,842,55,8943,1135,50,14,8966,1539,47332,212108,320885,12336,12808,34375,4634900,285440,10279,3971,3660,2612,867759,450628,238847,176256,624945,923,29.0,143,1550,951,328,37576,56,33472,5301,300973,81556,13911,23593,14599,12160,14503,35396,13275,29238,62740
2022,R33000,â™éRåß,1862000,896000,966000,1832000,881000,951000,225000,116000,110000,1063000,533000,530000,574000,247000,327000,12371,6404,5967,1.39,24901,12406,12495,26002,14537,11465,29507,16340,13167,7399,2787,16.4,33.9,-1.0,78,839.5,8940,1840963,664,21300,29400,99600,207,1310,10791,383,7562,96499,164,4126,50145,17035,16063,86,3907,48516,15822,9013,8,18,174,3919,2054,38921,876,60,9174,1095,52,14,9258,1546,49112,217240,328085,12634,13026,10059,4024090,38870,11743,4803,4422,2487,1005734,552577,234384,214462,612305,899,23.5,143,1608,995,456,49549,79,44721,5166,303131,73521,19856,24091,13301,9097,16218,38305,12750,25271,70721
2021,R33000,â™éRåß,1876000,902000,974000,1847000,888000,959000,230000,118000,112000,1071000,537000,535000,575000,248000,327000,13107,6743,6364,1.45,22857,11471,11386,26216,14774,11442,29098,15993,13105,7399,2781,16.4,32.3,-0.1,91,1191.5,9733,1740454,681,21839,29200,96700,216,1351,11881,389,7609,97981,165,4142,50820,16980,16145,86,3912,49501,16274,8935,8,18,175,3909,2108,39071,876,60,8822,1006,53,15,9422,1626,49627,224147,311146,13381,13656,3983,3125080,16930,12782,5473,4577,2665,1111408,636920,248199,220541,633566,923,24.1,143,1636,1001,457,49609,104,47237,5209,276603,71175,20199,21463,12443,8861,15154,41951,13780,21528,50047
2020,R33000,â™éRåß,1888432,908045,980387,1810900,871369,939531,229352,117924,111428,1032394,513907,518487,557991,239914,318077,13521,6917,6604,1.48,21788,10995,10793,27074,15272,11802,29057,16034,13023,7852,2986,16.5,35.6,1.6,85,1154.0,9121,1658918,683,21518,29300,96100,224,1443,13087,389,7574,98893,165,4100,50683,16598,15844,86,3959,51008,16792,9098,9,18,171,3934,2166,39347,940,67,8378,1065,55,15,9246,1348,49532,215470,294105,13357,13724,13724,3146180,61480,11901,5252,4356,2105,1026889,610016,200813,206153,642895,931,24.6,145,1637,996,447,50128,403,47538,5568,262385,72021,18861,20653,10793,9344,13493,36796,11895,21249,47279
2019,R33000,â™éRåß,1897000,912000,985000,1869000,899000,971000,237000,122000,115000,1080000,541000,539000,573000,246000,327000,13695,7059,6636,1.47,21944,11022,10922,27045,15136,11909,30311,16449,13862,8734,3064,16.5,32.8,0.4,78,921.5,9756,1854917,695,21051,29300,94800,238,1489,14535,391,7589,100129,164,4105,50698,17103,16423,86,3997,52458,17257,8934,9,17,183,3879,2275,38912,1054,73,8613,1008,54,15,9194,1302,51675,204483,377627,15871,16385,50751,4656040,440540,11976,5793,4185,1911,1081277,676827,185374,212633,697297,1002,29.1,145,1650,988,440,47449,580,45281,5398,306454,73890,22597,20952,12746,11410,14322,48805,11971,27416,62344
2018,R33000,â™éRåß,1904000,914000,989000,1880000,903000,976000,240000,124000,116000,1087000,544000,543000,571000,245000,326000,14485,7355,7130,1.53,22429,11196,11233,27028,15187,11841,30351,16483,13868,8436,3078,16.3,34.7,-0.9,84,1410.0,9914,2190202,684,20647,29100,92200,260,1521,15466,392,7518,101099,164,4087,51267,17523,16909,86,4027,53688,17520,9148,9,17,219,3813,2631,38307,1284,68,8554,964,54,15,9367,1354,53780,212845,391740,18274,18553,47412,4783130,446950,13792,5541,5903,2307,1192652,653336,239721,294683,676618,970,28.6,146,1654,984,434,49231,698,46705,5704,290915,70041,17233,22409,10955,10635,15519,38849,15764,25693,63818
2017,R33000,â™éRåß,1911000,917000,994000,1890000,908000,982000,243000,125000,118000,1097000,548000,549000,567000,243000,324000,14910,7634,7276,1.54,21604,10764,10840,27554,15377,12177,29736,16368,13368,8832,3241,15.7,33.7,0.5,89,1205.5,9546,2087584,693,20218,29100,90100,276,1554,16382,396,7462,101550,164,4139,52682,18015,17408,86,4037,54239,17178,8758,9,17,238,3755,2896,37927,1308,90,8427,1010,52,15,9562,1430,58627,228369,368465,20116,20487,44851,4587710,395240,13370,5374,6123,1811,1120283,637815,173374,302596,694655,993,29.6,146,1648,984,408,43554,1048,41684,5473,305472,74869,16295,21932,11043,11591,15990,47248,13082,27648,65774
2016,R33000,â™éRåß,1917000,920000,997000,1897000,911000,986000,247000,127000,120000,1107000,552000,555000,560000,239000,321000,15477,7904,7573,1.56,21532,10905,10627,28054,15682,12372,30027,16540,13487,8916,3245,16.6,34.3,0.8,95,1513.0,10144,2001131,723,20662,29100,88600,284,1569,17360,403,7402,102067,165,4172,54015,18462,17859,86,4060,54851,17762,9001,10,17,258,3684,3136,37653,1334,77,8499,1051,52,16,9565,1410,61806,238547,355498,21144,21466,41935,4533020,268280,13853,5714,6081,1935,1182169,683286,190957,303866,687543,979,31.2,147,1661,1000,408,43355,875,42083,5557,300762,72346,18401,21919,11831,11702,14967,39394,13481,27739,68983
2015,R33000,â™éRåß,1921525,922226,999299,1885691,906580,979111,247890,127760,120130,1098140,544837,553303,540876,230625,310251,15599,8031,7568,1.54,21525,10888,10637,29352,16318,13034,30602,17002,13600,9263,3296,16.2,32.3,2.3,100,1333.5,9673,2002113,744,21157,29200,87500,303,1611,18001,410,7369,103081,170,4219,55132,18636,18072,86,4038,54907,17534,8861,10,17,269,3634,3232,37472,1390,86,8362,1021,56,16,9211,1252,65292,256813,328260,22527,22924,36291,4513180,167180,12738,5427,5292,1960,1122083,658171,194422,265782,704620,1000,30.3,147,1659,996,398,42125,393,40584,5677,279855,73455,15988,23040,12043,11844,12788,36888,11510,27014,55286
2014,R33000,â™éRåß,1926000,924000,1002000,1909000,917000,992000,256000,132000,124000,1129000,562000,567000,540000,230000,310000,15837,8215,7622,1.49,21051,10730,10321,28900,15971,12929,29282,15949,13333,9265,3212,16.1,31.8,1.3,96,1142.5,9201,1760946,760,21731,29400,86000,329,1701,19045,417,7276,104214,169,4167,55517,18439,17812,88,4055,55306,17631,8933,10,17,272,3618,3426,37176,1484,115,8157,1036,56,16,9394,1261,68202,270181,338381,23498,23861,37783,4098080,100180,10372,5095,4197,1053,953644,621119,109048,221759,708313,1000,29.5,150,1653,990,392,39338,51,41390,6024,285582,67364,23899,22996,11392,12900,10987,38486,12596,27847,57114
2013,R33000,â™éRåß,1932000,927000,1005000,1915000,920000,995000,258000,133000,125000,1148000,571000,577000,524000,222000,302000,16210,8217,7993,1.49,21199,10648,10551,28929,16080,12849,29652,16262,13390,9651,3427,16.4,34.1,-0.1,81,1341.0,10928,2669581,800,22164,29600,85700,330,1687,19623,419,7239,105617,172,4152,56041,18997,18343,88,4017,54805,17054,8726,10,17,274,3367,3520,37035,1462,103,8257,1053,54,17,9264,1179,73948,295210,340729,25593,25773,38773,3979860,81890,13467,6728,4976,1720,1267798,830012,167445,265843,688621,970,27.1,153,1638,1006,395,39582,68,41705,5868,289791,63507,21836,22173,12277,12049,12859,41835,9919,27123,66213
2012,R33000,â™éRåß,1937000,929000,1008000,1920000,922000,998000,261000,135000,127000,1167000,580000,587000,507000,214000,294000,16279,8378,7901,1.47,21181,10661,10520,30173,16621,13552,29769,16312,13457,9570,3518,16.1,33.7,0.6,97,1106.0,9354,1916491,818,22485,30200,91300,330,1682,19884,423,7263,107305,172,4144,56327,18921,18290,90,4026,54925,17686,9026,10,17,278,3359,3555,36498,1522,120,8017,1091,55,18,8985,1126,80770,323946,295919,25742,25561,45847,3791520,65250,11261,5865,4137,1121,1064407,719364,107598,227294,674221,947,26.7,154,1631,1003,393,38722,31,40886,5899,274737,62346,23111,22017,9329,11756,12450,40622,10429,27483,55194
2023,R34000,çLìáåß,2738000,1329000,1409000,2682000,1299000,1383000,331000,170000,162000,1582000,803000,778000,825000,356000,469000,16682,8607,8075,1.33,35563,17716,17847,40561,23770,16791,47957,27441,20516,10083,4103,17.5,34.3,2.0,93,1460.5,9519,2042041,726,32640,59400,228600,208,1797,16632,463,10040,141948,261,5657,74909,24975,23097,128,5125,66888,20902,13733,4,21,94,3985,1279,54229,615,22,12341,1383,69,20,12285,1590,63571,317608,510642,17347,16331,55849,9615410,944830,16032,4168,6868,4738,1272344,478946,462748,320949,841356,834,20.6,201,2521,1476,530,52991,3,42963,7333,305373,83473,27143,23015,12438,10250,14114,46144,9461,26681,52653
2022,R34000,çLìáåß,2760000,1338000,1422000,2708000,1312000,1396000,340000,174000,166000,1594000,808000,786000,826000,357000,470000,17903,9195,8708,1.40,34940,17515,17425,41546,24251,17295,47590,27237,20353,10883,3962,17.1,33.1,1.1,69,1212.5,10516,2246585,729,32275,58400,219200,213,1839,18191,466,10013,145103,263,5636,75065,25137,23471,128,5135,67289,21634,13978,4,21,92,4130,1393,55110,652,29,12744,1302,71,21,12656,1352,64236,311413,502512,17487,16763,17722,7051620,101690,18713,4519,8269,5579,1473596,528187,542101,388998,874064,863,20.5,201,2537,1502,698,71714,8,60603,8031,291402,78205,23406,24556,12166,9836,14791,34128,12879,27043,54392
2021,R34000,çLìáåß,2780000,1347000,1432000,2729000,1322000,1407000,347000,178000,170000,1605000,812000,793000,827000,357000,470000,18636,9540,9096,1.42,31774,15903,15871,42067,24573,17494,47430,27109,20321,11116,4017,17.1,31.7,1.7,92,2267.0,11271,2205631,713,31926,57400,212000,217,1865,20027,471,9981,147671,266,5693,75326,25021,23576,129,5152,68044,22196,14159,5,21,97,4252,1480,55487,702,29,12681,1303,72,23,12641,1494,65480,323453,455813,18721,17785,8002,4982680,35990,18099,5365,7636,5067,1471333,633305,488736,347420,894447,877,20.4,204,2534,1518,689,71613,14,64330,7779,284423,75006,23688,21670,12259,9411,13749,36550,11732,27425,52934
2020,R34000,çLìáåß,2799702,1357156,1442546,2713163,1313123,1400040,352678,180405,172273,1580054,795707,784347,811931,350305,461626,19606,10104,9502,1.48,30244,15258,14986,42389,24894,17495,46568,26641,19927,11765,4233,17.1,34.5,3.6,99,2026.5,10617,2419934,730,31633,57000,209200,225,1989,22254,475,9771,149529,267,5513,74729,24403,23166,130,5253,69260,22463,13880,5,20,97,4127,1521,55652,647,27,12546,1250,75,23,12575,1709,67287,321599,399102,18131,17421,22019,5562800,131350,16081,4986,5821,5152,1376267,588794,498529,284140,900920,877,19.6,206,2533,1527,685,69502,39,61549,7843,287257,78956,16352,21780,12251,8840,16707,40062,10419,26585,55305
2019,R34000,çLìáåß,2813000,1364000,1449000,2762000,1338000,1424000,358000,183000,175000,1623000,824000,799000,823000,355000,468000,20034,10317,9717,1.49,31237,15680,15557,43984,25823,18161,49302,28071,21231,13185,4484,17.2,32.1,2.6,80,1381.5,11752,2519904,701,29594,56400,204300,240,2055,24365,479,9707,150797,268,5490,74394,24977,23775,130,5289,70884,23247,14257,5,20,106,4062,1552,55496,718,22,12247,1165,76,24,12510,2101,68796,287691,510515,22537,21798,80492,9600610,1072690,18377,5569,6728,5932,1571106,663037,570262,330466,930550,899,18.7,207,2563,1546,680,70020,128,65231,8388,308614,76752,25871,20339,12160,11983,13872,47197,15504,32141,52796
2018,R34000,çLìáåß,2824000,1369000,1455000,2777000,1345000,1432000,364000,186000,178000,1636000,830000,807000,817000,352000,466000,21363,10864,10499,1.55,31346,15816,15530,44916,26239,18677,48453,27563,20890,12613,4568,16.8,34.7,1.0,81,1878.5,11593,2580378,696,28893,54800,191400,252,2040,26030,485,9646,151779,268,5451,75049,25643,24450,131,5312,71948,23237,14086,5,20,100,4037,1663,55430,810,25,12433,1168,76,25,12625,2226,70473,294422,552638,24986,23977,76197,8478650,917390,18383,5436,7492,4831,1526423,649323,477090,368935,934225,901,20.6,209,2550,1548,672,72683,207,66190,7797,282307,74698,16682,21124,10527,11720,12537,40856,9561,26382,58221
2017,R34000,çLìáåß,2833000,1373000,1460000,2790000,1352000,1439000,368000,188000,180000,1652000,836000,815000,809000,348000,461000,22150,11354,10796,1.56,30795,15450,15345,45695,26594,19101,48871,28089,20782,13177,4603,16.3,33.3,2.1,92,1619.5,11934,2755997,697,28223,53500,181500,256,2065,27010,488,9604,151464,267,5524,76520,25863,24707,130,5367,72914,23225,14084,6,20,104,4015,1773,54922,829,34,12038,1259,78,26,12552,2350,69768,302742,519275,26873,25904,70103,8353900,793690,21070,5463,9003,6522,1705296,652192,634075,416260,926811,891,21.3,211,2546,1566,639,66165,186,62248,7602,303131,77461,16852,20741,10802,11716,12454,48044,14609,28825,61628
2016,R34000,çLìáåß,2840000,1376000,1464000,2800000,1356000,1444000,372000,190000,182000,1666000,842000,824000,799000,343000,456000,22736,11747,10989,1.57,29994,15027,14967,45966,27166,18800,48102,27326,20776,13594,4691,17.2,34.3,2.3,109,2124.0,11786,2882711,726,28291,52700,174000,266,2103,28785,492,9534,152080,270,5577,78536,26747,25630,129,5380,73258,23780,14441,6,20,129,4046,2006,54586,1039,45,12227,1295,80,27,12449,2609,72229,317087,496164,28514,27326,65914,8058820,717510,18253,5642,7631,4949,1544873,677826,493069,371902,927590,889,21.7,213,2572,1566,623,64526,161,61527,7802,306819,78188,21227,20162,10955,11018,12866,44792,12419,29647,65545
2015,R34000,çLìáåß,2843990,1376211,1467779,2795626,1352494,1443132,375890,192324,183566,1662522,833708,828814,774440,331636,442804,23679,12021,11658,1.60,29880,15022,14858,46864,27407,19457,49720,28339,21381,13712,4942,16.6,31.6,2.8,106,1641.0,11428,2594351,733,27103,51900,167300,270,2120,29847,508,9525,152704,272,5582,79301,26566,25532,129,5366,73624,23468,14065,6,20,131,4079,2312,54294,1117,54,11859,1271,80,28,12602,2488,75594,341202,484830,30170,28572,60127,8164300,630050,16751,5384,6936,4382,1446278,654664,439050,349101,943342,900,21.6,212,2583,1558,607,63867,66,61614,7672,279516,74124,19840,22106,9847,11859,12320,33741,7893,26035,61752
2014,R34000,çLìáåß,2846000,1376000,1471000,2814000,1361000,1453000,378000,193000,184000,1687000,847000,840000,769000,327000,442000,23776,12140,11636,1.55,29463,14898,14565,45071,26108,18963,47710,27204,20506,14194,4838,16.2,30.8,2.1,108,1573.0,10991,2322108,744,27172,52000,174500,303,2344,33467,523,9443,153374,274,5559,80063,26710,25658,129,5360,74445,23758,14262,6,20,140,4074,2404,54304,1117,44,12146,1262,80,29,12819,2375,79941,368267,442485,31706,30002,61331,7468490,367490,15864,5340,6025,4376,1392394,643800,438121,304885,941807,899,21.8,213,2591,1559,591,60593,447,60627,8308,291852,70653,18751,22931,10630,11892,12754,40993,13440,28171,61636
2013,R34000,çLìáåß,2850000,1376000,1473000,2818000,1362000,1456000,380000,195000,185000,1716000,861000,856000,743000,314000,429000,24713,12693,12020,1.57,29358,14977,14381,45934,26689,19245,48887,27863,21024,14495,5079,16.6,33.6,0.8,83,1820.5,12475,3181540,771,27406,48100,155600,305,2383,33779,526,9401,154762,278,5549,80667,27297,26184,129,5372,74435,23401,14015,6,21,146,4039,2453,54520,1135,62,12094,1259,80,29,13000,2295,87360,412638,396094,33732,32068,61397,7032060,280060,19018,6572,7066,5318,1715718,808218,544641,358160,946830,902,22.1,217,2598,1556,586,58759,372,58758,7734,293691,69287,23469,21798,9793,11508,11534,40765,8685,30758,66094
2012,R34000,çLìáåß,2855000,1379000,1476000,2824000,1365000,1459000,383000,196000,187000,1746000,875000,871000,719000,303000,417000,24846,12723,12123,1.54,29273,15008,14265,46788,26925,19863,49574,28317,21257,14668,5074,16.2,33.6,1.0,85,1478.0,11544,2726723,780,27418,50000,159300,317,2343,33822,549,9476,156289,280,5513,81299,27204,26092,129,5424,75275,24101,14553,7,23,150,4047,2488,54148,1131,71,11720,1272,80,32,12967,2345,93102,445624,345215,33709,32181,74825,6777880,215320,17304,5871,6240,5164,1586534,721318,533155,330221,941541,894,22.1,217,2592,1554,585,57814,335,57460,7482,290940,68521,21200,22676,9632,12107,12531,35240,11181,28017,69835
2023,R35000,éRå˚åß,1298000,618000,680000,1279000,608000,671000,143000,73000,70000,696000,352000,345000,459000,193000,266000,7189,3640,3549,1.40,21253,10311,10942,20183,11771,8412,24397,13529,10868,4145,1873,16.6,33.8,0.1,104,2067.5,5331,1074071,575,17819,25900,44800,155,1476,11583,296,4930,61935,160,2901,33333,11158,10523,75,2725,29697,9331,4528,5,10,84,1463,809,18247,373,13,4055,634,40,37,4242,2560,31860,136433,215664,9665,10325,22088,3222390,85670,6240,2771,2210,1221,520930,299082,117647,99549,454248,946,21.6,112,1194,622,266,23143,10,19335,3142,286970,76261,18111,24508,11127,8467,15213,41939,7104,27750,56491
2022,R35000,éRå˚åß,1313000,624000,689000,1297000,616000,681000,147000,75000,72000,704000,355000,350000,462000,194000,268000,7762,3942,3820,1.47,20687,10009,10678,20738,12032,8706,23502,13023,10479,4593,1757,16.3,33.9,-0.7,83,1375.0,5926,1046112,598,17963,25800,44700,156,1450,12263,298,5001,63826,161,2981,33482,11306,10736,78,2770,30248,9980,4679,5,10,89,1458,804,18349,339,6,4078,550,41,38,4182,2821,31813,136739,218964,9991,10485,6543,3068580,24240,7015,3114,2337,1528,605072,339685,152347,110083,467761,965,22.7,112,1224,641,301,26431,14,23104,3189,315225,73441,22155,25946,13057,8910,14326,54728,9073,23113,70477
2021,R35000,éRå˚åß,1328000,630000,697000,1312000,623000,689000,151000,77000,73000,712000,358000,354000,465000,195000,269000,7978,4095,3883,1.49,19406,9390,10016,20755,12241,8514,23459,13182,10277,4773,1875,16.4,32.9,-0.2,108,2132.5,6146,1120844,609,17653,25700,44700,162,1414,13104,300,5032,65000,161,2996,33721,11249,10703,78,2829,30983,10260,4667,5,10,89,1457,767,18427,348,6,3791,614,41,38,4257,3139,32355,138753,204983,10467,10876,2708,2573720,15250,7422,3440,2405,1524,657786,385412,149931,117667,477046,973,32.5,114,1249,651,301,25884,15,23223,3229,283246,69311,25377,22467,11174,7911,13244,43030,9438,22799,58495
2020,R35000,éRå˚åß,1342059,636736,705323,1313593,622691,690902,153608,78707,74901,709992,354572,355420,459957,193034,266923,8203,4184,4019,1.48,18477,9146,9331,21026,12630,8396,24321,13962,10359,4810,1988,16.1,35.1,0.8,112,2277.0,5664,961596,623,17820,25600,44700,166,1439,13873,303,5055,66289,164,3008,33677,11107,10627,79,2855,32051,10503,4640,5,10,95,1472,780,18546,339,11,3901,531,42,41,4391,2612,31846,141620,186199,10324,10739,8433,2499800,20920,6419,3246,2029,1126,579902,363790,114430,99602,486523,982,33.0,114,1240,652,303,27942,17,26519,3532,286130,71864,15423,21938,13157,10486,12254,50565,7907,25466,57070
2019,R35000,éRå˚åß,1357000,644000,713000,1340000,636000,704000,158000,81000,77000,735000,369000,366000,466000,196000,270000,8771,4471,4300,1.56,19081,9296,9785,20887,12457,8430,25317,14113,11204,5620,2143,16.3,32.2,0.4,100,1974.5,6131,1108402,692,18427,25500,44900,170,1449,14505,306,5080,67363,165,3021,33949,11611,11207,80,2909,33099,11070,4898,5,10,94,1474,826,18449,392,8,3999,527,40,42,4678,2862,33895,136660,215460,11661,12416,30467,3506180,101980,6859,3302,2308,1175,609927,372463,121546,112086,497856,991,32.7,117,1240,656,302,26754,40,25010,3505,306301,73467,21012,22143,10218,10052,15408,54271,10463,27655,61612
2018,R35000,éRå˚åß,1369000,649000,720000,1355000,642000,712000,161000,83000,79000,745000,373000,372000,465000,195000,270000,8987,4606,4381,1.54,18836,9036,9800,20762,12420,8342,24902,14075,10827,5347,2170,16.0,35.2,-0.9,108,1939.5,6594,1313310,708,18406,25400,44900,173,1435,15015,310,5128,68208,166,3047,34467,11815,11460,79,2924,33868,10980,4728,5,10,94,1470,894,18376,430,10,3985,530,40,42,4887,2956,35262,138862,222158,12712,13429,29165,3655510,96890,8358,3655,2923,1565,731411,411885,156696,150322,499316,987,30.6,117,1263,661,309,26254,36,25669,3410,284023,68195,16559,21377,10420,9437,13687,50737,9532,23506,60574
2017,R35000,éRå˚åß,1382000,655000,728000,1369000,649000,720000,164000,84000,80000,757000,378000,378000,462000,193000,269000,9455,4836,4619,1.57,18712,9293,9419,21147,12653,8494,25240,14303,10937,5681,2194,15.6,33.9,0.3,114,1764.0,6315,1305573,743,18452,25400,45000,180,1448,15359,313,5137,68788,167,3111,35488,12102,11721,80,2980,34625,11291,4975,5,10,92,1447,919,17965,411,10,3700,537,41,43,4975,3041,37572,146913,211727,13472,14129,26434,3599570,95830,7878,3535,3005,1242,698269,403630,124192,157297,501767,986,30.8,117,1268,668,300,25867,100,24252,3265,289336,65606,19124,21533,10890,9985,13071,51913,8227,27445,61543
2016,R35000,éRå˚åß,1394000,660000,734000,1381000,654000,727000,167000,86000,82000,769000,384000,385000,458000,190000,267000,9844,5076,4768,1.58,18366,9205,9161,21394,12731,8663,25195,14206,10989,5906,2149,16.5,34.2,0.7,132,2493.0,6207,1269514,770,18583,25400,45500,182,1340,15616,317,5137,69235,167,3140,36640,12738,12334,80,2986,34834,11321,4917,5,10,93,1460,923,17864,428,17,3756,576,42,44,5119,2943,39624,156361,199961,14383,15006,25920,3634320,84830,8311,3391,3462,881,753357,390187,89914,187979,511522,994,30.9,119,1283,679,300,25622,65,24087,3282,317272,72532,16615,20782,10820,11629,13768,52825,13778,30004,74519
2015,R35000,éRå˚åß,1404729,665008,739721,1390689,658572,732117,170022,86998,83024,778430,387115,391315,447862,185728,262134,10360,5395,4965,1.60,18211,8935,9276,21869,12808,9061,26499,14895,11604,5901,2423,15.9,32.0,0.9,122,2061.0,5819,1248021,812,18672,25600,46300,185,1295,15907,320,5148,70045,172,3191,37358,12590,12203,78,2953,35131,11286,4819,5,10,96,1444,964,17463,433,13,3605,533,42,45,5195,2916,42363,168906,187919,15489,16129,22069,3762730,74260,7686,3300,3140,1211,674535,384680,122047,164704,528843,1017,29.5,119,1271,681,301,25151,71,24309,3205,299578,70527,22246,21472,12208,10846,12037,44502,11350,28421,65970
2014,R35000,éRå˚åß,1415000,669000,746000,1404000,664000,740000,174000,89000,85000,793000,394000,399000,441000,181000,259000,10197,5309,4888,1.54,17910,8844,9066,22163,13174,8989,25810,14561,11249,6163,2269,15.3,30.9,0.0,126,1715.5,5682,1177703,857,19439,26100,47000,198,1288,16347,325,5131,71144,172,3210,38113,12817,12437,81,2965,35340,11384,4942,5,10,97,1449,956,16852,420,18,3677,570,42,46,5200,3108,45300,182175,179453,16159,16617,23043,3625990,55200,7648,3253,3493,841,646760,383952,87051,172166,536079,1025,30.7,119,1274,679,298,24777,57,24945,3398,294350,66513,11982,22017,10528,11072,12245,56174,10122,28449,65249
2013,R35000,éRå˚åß,1425000,673000,752000,1413000,668000,745000,177000,90000,87000,814000,404000,410000,429000,175000,253000,10705,5503,5202,1.56,18459,9289,9170,22757,13509,9248,25944,14709,11235,6511,2525,15.8,33.9,-0.2,107,2267.0,6807,1345831,895,19851,26600,48900,202,1279,16395,339,5189,72541,174,3213,38377,12985,12534,83,2985,35475,11261,4748,5,10,100,1457,949,16923,447,10,3705,563,41,46,5168,3181,50550,205757,175104,17584,18114,25215,3499580,45700,8494,3983,3244,1153,770744,472374,120707,166743,553902,1051,29.5,120,1280,680,293,24457,33,24767,3445,284689,62939,11989,22565,9703,10107,12942,52211,9851,26733,65649
2012,R35000,éRå˚åß,1434000,677000,757000,1423000,672000,751000,180000,92000,88000,833000,413000,420000,418000,170000,248000,10797,5539,5258,1.52,18231,9076,9155,22482,13131,9351,26117,14718,11399,6547,2390,15.4,32.9,0.1,121,1692.5,6216,1356673,912,20416,27400,52400,203,1272,16507,343,5203,73830,176,3251,38868,13030,12617,85,3006,36042,11813,4893,5,10,105,1443,1008,17185,493,21,3703,598,41,47,4963,2873,54973,225656,162764,17583,17919,31838,3539970,45190,8616,3595,3812,1186,744586,430577,120084,191191,550495,1036,28.1,120,1280,671,298,24737,75,25027,3389,283103,60388,21259,21842,10942,9021,12295,52378,6954,24864,63159
2023,R36000,ìøìáåß,695000,332000,363000,688000,330000,359000,74000,38000,36000,376000,188000,187000,246000,106000,139000,3903,2042,1861,1.36,11263,5456,5807,8397,4878,3519,10744,5847,4897,2277,956,17.6,32.5,3.2,93,1761.0,2662,496340,438,9697,29000,56700,85,574,3906,184,2980,33085,89,1679,17116,5754,5484,36,1491,15854,5063,3021,3,4,94,1532,570,11510,256,23,2569,533,14,4,2048,73,18344,94298,119917,5637,5929,11271,1701790,90220,3045,1619,980,429,266908,182787,38028,44728,236674,911,15.8,90,688,411,149,11327,3,9281,1965,301013,74957,18894,22867,12393,11233,14337,46508,8955,29700,61169
2022,R36000,ìøìáåß,704000,336000,368000,698000,334000,364000,75000,39000,37000,382000,191000,191000,246000,106000,140000,4148,2128,2020,1.42,10968,5349,5619,8906,5159,3747,10789,5958,4831,2375,1008,17.2,33.2,1.9,93,1150.5,2895,508937,454,9610,29100,57100,94,599,4134,187,3012,33820,89,1717,17147,5733,5454,37,1545,16432,5502,3276,3,4,94,1538,612,11647,276,15,2662,564,14,4,2063,81,18841,93317,121179,5852,6084,3083,1424610,11800,2798,1777,605,399,279516,204500,40609,33025,247038,941,16.2,91,703,422,213,18866,0,16038,2184,283864,71064,17883,22894,13290,9767,15319,40668,9788,26543,56649
2021,R36000,ìøìáåß,712000,340000,372000,706000,338000,368000,77000,39000,37000,388000,194000,194000,247000,107000,140000,4337,2196,2141,1.44,10465,5159,5306,8820,5090,3730,10458,5688,4770,2457,1077,17.3,31.2,2.3,99,1481.5,3044,477842,466,9519,29300,57700,106,609,4670,187,3008,34181,89,1742,17432,5896,5690,37,1576,16965,5742,3315,3,4,92,1554,701,11761,343,25,2643,579,14,4,1987,89,19021,91624,114975,5960,6148,1246,1155080,3760,2973,1928,713,301,303193,225288,31261,43989,252556,950,16.6,91,701,425,211,19120,23,16403,2176,298531,77444,15724,21034,12676,8191,13918,46903,9357,26839,66446
2020,R36000,ìøìáåß,719559,343265,376294,693084,330932,362152,77129,39638,37491,375657,185922,189735,238346,102358,135988,4521,2337,2184,1.48,9886,4815,5071,8579,5006,3573,10924,5906,5018,2609,1081,17.5,34.6,4.6,92,1644.0,3042,600993,489,9834,29500,58500,111,599,4927,190,3052,34671,88,1739,17397,5741,5578,37,1610,17801,5886,3325,3,4,95,1556,715,11867,289,22,2640,542,15,4,1992,95,19274,93630,103066,6245,6435,3946,1059480,16400,3245,1971,830,435,326665,234655,43581,46932,257335,958,16.5,92,708,426,207,18319,61,16060,1992,295661,76260,14281,21216,13111,9315,16379,37376,10267,25284,72173
2019,R36000,ìøìáåß,728000,347000,381000,722000,345000,377000,81000,42000,39000,402000,200000,202000,245000,106000,139000,4554,2353,2201,1.46,10126,4876,5250,8586,4877,3709,11549,6298,5251,2878,1123,17.4,32.0,3.6,95,1543.0,3247,643811,506,9632,29700,59500,122,662,5452,191,3042,35153,89,1779,18173,6228,6068,37,1630,18431,6173,3317,3,4,93,1574,710,11821,333,18,2559,536,17,4,2136,109,20206,88331,122240,7225,7540,16412,1712750,99900,4041,2140,1385,506,372788,252801,48768,70366,262332,964,16.0,92,727,431,208,18230,73,15735,2069,278855,69212,15509,20341,10408,10550,10619,44922,10024,27718,59553
2018,R36000,ìøìáåß,736000,351000,385000,731000,349000,382000,83000,43000,40000,410000,203000,206000,243000,105000,139000,4998,2561,2437,1.52,10011,4939,5072,8829,5083,3746,11119,6016,5103,2910,1175,17.1,33.1,1.5,106,1760.0,3352,703214,511,9544,29800,59800,131,669,5802,192,3061,35645,89,1798,18534,6394,6270,39,1666,19075,6341,3311,3,4,98,1606,724,11784,322,15,2576,485,17,4,2176,109,21081,88824,122938,7616,8042,15560,1594410,86830,4377,2118,1838,420,391991,253652,40969,97272,261417,954,16.6,94,730,433,209,17952,33,16978,2315,282732,68696,17478,21478,10480,11012,10162,39718,9706,28728,65274
2017,R36000,ìøìáåß,744000,354000,389000,739000,353000,386000,85000,44000,41000,418000,207000,210000,241000,103000,138000,5182,2675,2507,1.51,10207,5040,5167,9162,5164,3998,11133,6010,5123,2985,1169,16.7,32.7,3.1,82,1496.0,3431,689536,535,9686,29900,60200,143,720,6238,199,3072,35788,90,1836,19240,6581,6450,38,1660,19486,6263,3258,3,4,96,1634,725,11781,327,19,2534,513,17,4,2208,116,22127,92773,117876,8314,8721,14583,1668040,77000,4764,2144,2166,297,419604,260202,30103,122072,261858,946,16.8,94,730,428,203,16985,94,15422,2392,273835,67317,13143,20650,11538,12767,10573,30456,12652,29672,65066
2016,R36000,ìøìáåß,750000,357000,393000,746000,356000,390000,86000,44000,42000,426000,211000,215000,238000,102000,136000,5346,2732,2614,1.51,9855,4830,5025,9107,5265,3842,10855,5951,4904,3177,1184,17.6,33.9,3.5,105,1715.0,3436,704232,583,10051,30100,60800,150,730,6482,207,3116,36195,91,1858,19863,6867,6735,38,1670,19693,6443,3421,3,4,102,1633,695,11946,308,29,2571,526,18,4,2271,114,23272,97272,111323,8758,9179,13188,1637900,57650,4658,2216,2057,352,422360,272883,34421,113149,264003,945,16.7,97,746,431,202,16348,60,15253,2374,295192,67079,18117,20832,10510,21971,11447,42249,11736,24998,66254
2015,R36000,ìøìáåß,755733,359790,395943,747141,356356,390785,87030,44704,42326,428059,211475,216584,230914,98168,132746,5586,2921,2665,1.53,9847,4967,4880,9478,5462,4016,11712,6456,5256,3229,1211,17.0,31.7,3.3,105,1985.5,3282,712412,597,10264,30400,61600,161,767,6798,209,3149,36867,92,1863,20453,6973,6847,38,1690,19743,6331,3271,3,4,103,1658,732,11761,349,19,2514,496,18,5,2328,109,23917,100704,102254,8857,9183,12470,1554800,42380,4012,2128,1505,375,386062,264168,37061,84410,269984,957,16.6,98,744,427,203,16071,57,15263,2493,277856,66752,18102,22221,9184,12439,12080,34157,9903,27968,65049
2014,R36000,ìøìáåß,763000,363000,400000,759000,362000,397000,91000,47000,44000,442000,220000,223000,230000,97000,134000,5502,2885,2617,1.46,9853,4957,4896,9438,5345,4093,10933,6025,4908,3322,1269,16.4,30.8,2.1,106,2534.0,3185,703188,601,9873,30800,63000,182,826,7349,222,3162,37560,93,1884,20801,6928,6791,38,1715,19983,6455,3186,3,4,103,1598,736,11822,341,25,2577,538,18,6,2407,145,25533,112657,101929,9174,9620,12695,1565960,26850,3878,2042,1496,316,371650,256932,31126,80597,274702,968,16.9,98,743,426,202,15657,41,15058,2718,320073,67956,24050,22285,11562,13448,12165,47669,14504,30220,76214
2013,R36000,ìøìáåß,769000,366000,403000,765000,364000,400000,93000,48000,45000,453000,225000,228000,224000,93000,131000,5666,2916,2750,1.43,10014,5071,4943,9942,5634,4308,11636,6379,5257,3426,1277,16.8,33.7,1.6,91,1949.0,3810,783335,607,9947,31500,65400,189,843,7562,226,3236,38463,94,1914,21070,7159,7005,39,1735,20217,6616,3340,3,4,112,1613,725,11794,307,27,2531,494,18,7,2386,139,28549,123797,104218,10158,10599,13153,1353490,18710,4561,2626,1660,202,453060,329508,21159,94918,274147,959,16.8,99,756,423,204,15097,41,14234,2631,308550,68063,16254,23017,11295,15998,13681,37951,12394,30036,79860
2012,R36000,ìøìáåß,775000,368000,406000,771000,367000,404000,94000,48000,46000,464000,230000,234000,217000,90000,127000,5744,2966,2778,1.44,9781,4900,4881,10532,6046,4486,11363,6235,5128,3370,1254,16.4,32.6,2.0,110,1639.0,3417,711298,631,10214,32900,69200,209,835,7756,253,3252,39400,96,1912,21132,7021,6912,39,1792,20602,6672,3359,3,4,112,1613,702,11751,325,28,2523,504,20,9,2415,207,31171,133613,97180,10596,10978,15902,1332530,19770,3578,2355,1015,178,379144,300663,19063,57262,277243,962,17.3,99,763,424,209,15567,47,14591,2668,313491,66742,22501,21980,9155,14243,11999,49286,14438,29056,74092
2023,R37000,çÅêÏåß,926000,448000,478000,910000,439000,470000,107000,55000,52000,517000,262000,255000,301000,131000,171000,5365,2763,2602,1.40,13653,6697,6956,14730,8494,6236,16782,9498,7284,3296,1424,17.6,34.2,2.3,94,1073.0,4117,770993,328,13677,32600,73600,108,849,6823,160,3493,47498,75,2033,25113,8517,7945,40,1993,23658,7552,4414,3,4,66,743,671,8971,299,8,1992,269,25,14,4363,116,26639,115239,169566,7949,7785,16288,3555390,354670,5113,2283,1853,941,443374,258960,89695,92275,286254,825,18.8,75,816,467,140,15315,12,13207,2239,286800,77148,14542,21833,12171,8763,17197,41886,5451,26394,61416
2022,R37000,çÅêÏåß,934000,451000,483000,920000,444000,476000,110000,57000,54000,522000,264000,258000,302000,131000,171000,5802,3029,2773,1.45,13552,6644,6908,15118,8634,6484,17291,9736,7555,3435,1472,17.3,34.3,1.1,73,667.5,4857,1007307,332,13681,32600,73500,108,846,7450,159,3528,48312,74,2059,25469,8552,8073,40,2024,24212,7988,4656,3,4,71,753,723,9148,329,8,2101,284,25,14,4603,151,27008,114345,172599,8202,8067,4655,2888310,25930,5434,2567,1735,1105,487642,291472,106106,88147,295408,844,19.3,76,853,473,223,25181,19,21738,2317,280367,70445,16488,23607,10791,8198,13677,37683,6833,23827,68819
2021,R37000,çÅêÏåß,942000,455000,487000,930000,449000,481000,113000,58000,55000,526000,266000,260000,303000,131000,172000,6223,3152,3071,1.51,12329,6168,6161,15429,8886,6543,17192,9627,7565,3668,1439,17.3,32.1,1.9,97,1135.5,4830,913738,343,13665,32700,73900,115,914,8261,160,3539,49196,75,2094,25629,8525,8109,40,2043,24657,8069,4554,3,4,77,748,762,9118,341,3,1971,258,26,14,4716,149,26916,112866,160628,8470,8286,2000,2057400,8200,5712,2956,1552,1194,544379,343244,119522,81037,300190,851,19.4,78,850,472,223,25144,29,21999,2157,274537,70977,18412,20920,10410,7365,13899,34533,8232,22959,66830
2020,R37000,çÅêÏåß,950244,459197,491047,920884,443644,477240,113757,58240,55517,518056,260433,257623,296533,128331,168202,6179,3105,3074,1.47,12183,6138,6045,15420,8926,6494,17247,9751,7496,3786,1498,17.4,35.5,3.1,87,1108.5,4397,842187,350,13206,32900,74400,120,1125,9188,160,3545,49988,76,2115,25567,8480,8148,40,2069,25477,8437,4656,2,4,66,764,761,9129,345,4,2004,227,26,15,4687,185,26178,113809,149072,8248,8119,6080,2097440,64410,4688,2574,1078,1012,456838,301872,100222,54140,302525,850,19.3,77,828,469,220,25625,64,23919,2555,275267,72102,17718,20061,13343,7986,11940,37944,7608,25313,61252
2019,R37000,çÅêÏåß,958000,463000,494000,945000,457000,489000,117000,60000,57000,535000,271000,264000,305000,133000,171000,6631,3391,3240,1.59,12148,5925,6223,16206,9270,6936,18219,10193,8026,4237,1674,17.3,32.4,2.6,92,927.5,4941,917668,361,13159,33000,74600,128,1115,9744,162,3552,50707,76,2147,25987,8946,8606,40,2096,25878,8355,4601,2,4,66,749,790,9120,362,12,1983,184,26,16,4920,335,28317,109701,185558,10058,9920,24378,3523450,541890,5347,2830,1653,830,511556,336903,80880,91696,312165,868,18.2,77,825,475,215,23972,182,22084,2710,308268,68727,18130,20172,11740,10541,13012,52516,9667,31246,72517
2018,R37000,çÅêÏåß,963000,466000,498000,953000,461000,492000,119000,61000,58000,540000,273000,267000,303000,132000,171000,6899,3478,3421,1.61,12169,6034,6135,16662,9592,7070,18290,10231,8059,4236,1637,17.0,34.4,0.9,94,1575.0,5054,966180,372,12802,32800,74000,143,1176,10791,165,3603,51126,76,2126,26389,8936,8615,40,2116,26479,8648,4474,2,4,63,761,813,9067,356,5,1973,204,26,17,4976,401,29219,111991,192341,10878,10602,23423,3059600,421920,6073,2866,2218,988,559535,346409,95957,117074,311337,863,18.9,78,822,477,213,23225,108,22344,2752,318612,70794,18247,21811,12422,9916,13030,46756,14449,30004,81183
2017,R37000,çÅêÏåß,968000,468000,500000,959000,464000,495000,120000,62000,59000,546000,276000,270000,301000,131000,170000,7387,3785,3602,1.65,11894,5967,5927,17174,10088,7086,18136,10336,7800,4317,1684,16.6,33.9,2.3,78,1415.5,5381,1119116,381,12168,32800,73400,148,1164,11348,166,3599,51458,77,2165,27215,9310,8984,40,2145,26587,8611,4491,2,4,65,752,752,9047,340,15,1950,230,27,19,5004,454,31544,119130,195920,11670,11409,20804,3128160,389820,6946,2947,2869,1088,621384,358465,105875,154315,315422,869,19.3,79,834,474,200,22084,227,20581,2884,299324,66797,17401,21155,10210,9915,14130,49389,7838,27505,74984
2016,R37000,çÅêÏåß,973000,471000,502000,964000,466000,498000,122000,63000,59000,553000,279000,274000,297000,129000,168000,7510,3874,3636,1.64,11908,5909,5999,16937,9895,7042,18038,10278,7760,4594,1614,17.5,34.5,2.8,92,1286.0,5005,976364,409,12603,32900,73200,154,1201,12451,167,3598,52088,77,2145,27541,9275,8916,42,2166,26840,8662,4475,2,4,69,767,741,9049,374,16,1987,228,27,20,5137,480,33139,126251,190167,12351,12017,19668,2940530,254430,6789,3002,2783,964,607013,365012,93295,146941,317915,872,18.7,80,830,478,193,20859,324,19816,2860,285575,67459,18679,21620,9407,9882,12127,36765,8212,27328,74096
2015,R37000,çÅêÏåß,976263,472308,503955,961844,465170,496674,122324,62766,59558,547844,274015,273829,286296,123355,162941,7719,4008,3711,1.63,11593,5785,5808,17999,10558,7441,18491,10504,7987,4626,1767,16.9,32.6,2.7,103,1209.5,4892,1090185,419,12694,33100,73900,158,1219,13157,170,3631,52635,77,2184,28188,9574,9191,42,2187,26762,8537,4317,2,4,72,781,790,9081,353,14,1935,206,27,20,4940,619,35268,134082,177133,13147,12686,17047,2962960,168750,6538,2842,2589,1036,595260,353296,100171,139101,324272,884,19.3,81,823,470,198,21152,129,20391,2908,312552,69654,13621,21923,9735,12193,14121,49489,9718,34390,77709
2014,R37000,çÅêÏåß,980000,474000,507000,974000,470000,503000,128000,66000,62000,567000,285000,282000,286000,123000,164000,7745,3949,3796,1.57,11503,5825,5678,17263,9931,7332,18412,10292,8120,4693,1719,16.4,31.9,1.8,106,1228.5,5003,1088484,429,12823,33500,75500,169,1274,13887,179,3663,53422,79,2183,28371,9563,9193,42,2166,26472,8263,4225,2,4,73,774,811,9089,363,11,1946,217,27,20,4782,664,37542,144027,178908,13950,13447,18164,2831930,123570,6053,2964,2437,628,555773,368883,61778,123266,328020,893,19.3,80,822,471,198,20649,0,20548,3137,306242,65263,13552,21873,11522,12233,12852,45432,9924,30596,82994
2013,R37000,çÅêÏåß,985000,475000,510000,979000,473000,506000,129000,66000,63000,579000,291000,288000,277000,118000,159000,8059,4182,3877,1.59,11512,5838,5674,18072,10402,7670,19070,10801,8269,4828,1771,16.8,34.8,0.7,90,1537.0,5952,1312428,444,13036,34300,77300,175,1239,14177,184,3705,54116,81,2179,28779,9652,9307,42,2153,25983,8154,4223,2,4,73,797,817,9110,342,15,1971,266,25,28,4923,794,40986,159572,190276,15291,14700,18511,2962670,81350,6899,3759,2379,733,685539,479961,72626,131059,330083,895,20.1,82,824,470,200,20358,0,20328,3170,319050,65096,19524,21470,11927,13345,14940,44775,10005,28889,89080
2012,R37000,çÅêÏåß,989000,477000,512000,982000,474000,508000,131000,67000,64000,591000,297000,294000,268000,113000,154000,8161,4162,3999,1.56,11369,5697,5672,18982,10839,8143,18794,10655,8139,4789,1887,16.3,34.1,1.4,109,1020.5,4952,979225,453,13344,35300,82700,175,1232,14496,185,3693,55155,82,2152,28654,9440,9093,42,2175,26111,8596,4239,2,4,75,813,819,9066,388,29,1945,234,25,34,4852,853,45273,176916,169347,15268,14697,22579,2534170,36820,5408,3126,1558,716,551774,393169,73314,84208,329914,891,19.9,83,823,474,205,20639,0,20472,3189,309212,65628,18382,22167,9207,12971,12976,46148,13394,30077,78262
2023,R38000,à§ïQåß,1291000,613000,678000,1277000,606000,671000,143000,73000,70000,707000,354000,354000,441000,187000,255000,6950,3568,3382,1.31,20265,9948,10317,16080,9409,6671,20205,11240,8965,4158,1953,17.8,33.6,2.8,103,1399.5,5048,929113,420,17464,34600,92900,114,1045,8481,279,4718,63576,131,2717,32779,10936,10412,65,2741,30435,9379,5411,5,5,70,1245,810,16850,379,58,3677,498,35,10,4661,299,32993,158136,235805,9961,10080,19930,3556280,173480,5926,2852,1950,1052,502187,306734,98555,92109,402204,836,15.8,121,1175,636,248,22442,9,17299,3266,223423,71088,17608,20078,11056,7068,11052,26590,4562,18615,35708
2022,R38000,à§ïQåß,1306000,620000,686000,1294000,614000,680000,147000,75000,72000,716000,357000,359000,443000,187000,256000,7572,3865,3707,1.39,19993,9703,10290,16724,9683,7041,20121,11142,8979,4477,1928,17.3,33.3,1.5,76,1030.0,5813,1070704,425,17314,34700,93200,117,1063,9460,280,4773,65092,132,2774,33184,11235,10773,65,2735,30733,9990,5619,5,5,68,1087,876,16546,411,48,3470,485,36,10,4741,246,33411,156402,240842,10292,10320,5564,3214240,24490,6844,3272,2344,1181,592107,362538,111563,115630,427021,880,16.0,121,1193,646,311,27980,25,24227,3664,245054,67889,17559,22404,12734,7966,12256,30294,6890,22447,44616
2021,R38000,à§ïQåß,1321000,627000,694000,1309000,621000,688000,151000,77000,74000,726000,362000,364000,444000,188000,257000,8011,4093,3918,1.40,18770,9252,9518,17367,10114,7253,19889,11177,8712,4571,1881,17.4,31.9,2.6,96,1545.5,6182,1135523,436,16841,35100,93600,121,1108,9937,281,4822,66494,132,2799,33330,11170,10793,65,2768,31473,10536,5879,5,5,68,1104,968,16321,470,112,3578,413,37,11,4680,217,33842,156026,220985,10143,10152,2390,2184600,19350,7677,3635,2826,1098,662279,414586,103301,137272,432162,881,16.1,121,1207,658,313,27601,33,24543,3197,243528,67773,13107,19986,14149,7450,12381,26852,12351,20506,48973
2020,R38000,à§ïQåß,1334841,633062,701779,1296806,613602,683204,153764,78805,74959,711738,351549,360189,434279,182877,251402,8102,4265,3837,1.40,18036,8787,9249,16749,9831,6918,19924,11076,8848,4903,2001,17.3,34.5,4.2,95,1662.0,6173,1123849,438,16443,35400,94500,126,1109,10416,281,4820,67607,134,2808,33235,10814,10457,66,2795,32547,10570,5691,5,5,67,1117,1068,16254,498,59,3635,398,37,11,4580,223,33386,157614,205934,9971,10103,7373,2429920,35560,7954,3393,3189,1022,651152,388300,91419,157152,439521,886,16.7,121,1213,657,317,27320,55,24935,3191,240210,67671,10921,19357,11010,7596,11779,40192,11800,19692,40191
2019,R38000,à§ïQåß,1346000,638000,708000,1335000,632000,702000,159000,81000,77000,739000,367000,372000,442000,186000,256000,8446,4342,4104,1.46,18281,8913,9368,16811,9806,7005,21045,11633,9412,5360,2151,17.4,32.0,3.2,101,1144.5,6278,1216464,449,15646,35800,95000,138,1182,11608,281,4880,68622,134,2849,33291,11281,10960,66,2803,33321,10786,5729,5,5,79,1105,1249,16051,633,52,3487,432,37,12,4671,333,35854,149273,237973,11958,12173,29647,3530070,203890,7668,3793,2761,1055,679202,433882,101819,140937,452163,901,16.5,122,1226,660,315,26843,103,24068,3147,253697,65533,14019,20487,13736,9309,12140,39831,8758,23791,46093
2018,R38000,à§ïQåß,1357000,642000,715000,1347000,637000,710000,162000,83000,79000,749000,371000,378000,441000,185000,255000,9330,4748,4582,1.55,18207,8936,9271,17153,10056,7097,21216,11660,9556,5421,2229,17.1,34.4,1.7,90,1796.5,6436,1203984,455,15801,36100,95000,139,1226,11879,284,4910,69473,134,2886,33942,11841,11502,66,2808,33942,11071,5777,5,5,81,1127,1366,15971,612,40,3519,427,38,11,4863,341,38411,154629,245159,13473,13755,26454,3657140,209660,7525,3758,2654,1062,674336,437539,104520,128556,452090,895,17.2,127,1244,672,319,27976,49,25188,3592,264107,68000,15644,21736,11720,10474,11126,34154,10050,25237,55967
2017,R38000,à§ïQåß,1368000,647000,721000,1358000,642000,716000,164000,84000,80000,762000,377000,385000,437000,183000,254000,9569,4879,4690,1.54,18149,9015,9134,17104,9823,7281,20351,11164,9187,5645,2317,16.7,33.2,2.8,95,1529.5,6500,1401039,465,15791,36500,95200,145,1242,12970,288,4952,69535,134,2918,34951,11833,11543,66,2813,34459,11103,5960,5,5,79,1130,1351,15728,601,43,3415,387,38,12,5063,315,40127,159900,236556,14384,14602,24225,3777660,160060,7544,3647,2864,1018,673019,425675,97839,148377,459789,902,17.9,127,1245,685,318,26791,97,24389,3382,256160,67317,15365,20422,11008,10627,9776,32066,13125,23324,53129
2016,R38000,à§ïQåß,1377000,651000,726000,1368000,646000,722000,167000,86000,82000,776000,383000,393000,432000,181000,251000,9911,5127,4784,1.54,17734,8793,8941,17080,9877,7203,20727,11555,9172,5861,2244,17.6,34.0,3.2,111,1583.5,6602,1355748,465,15385,37200,96300,152,1294,13787,292,4999,70074,136,2991,35806,12159,11796,66,2815,35109,11480,6043,5,5,86,1124,1378,15396,667,48,3448,404,40,12,5110,303,43381,171727,224048,15523,15825,22960,3421390,138560,7546,3811,2892,817,691028,449202,84476,155991,461529,899,18.0,127,1252,685,311,26077,110,24012,3454,279359,67842,17727,19478,10531,10366,13152,39165,12321,25705,63072
2015,R38000,à§ïQåß,1385262,654380,730882,1365508,645090,720418,169110,86849,82261,776111,380949,395162,417186,173841,243345,10146,5177,4969,1.53,17585,8817,8768,17726,10256,7470,21595,11916,9679,6102,2395,16.8,31.4,2.8,115,1686.5,6093,1287263,479,15421,37900,97600,158,1323,15188,296,5059,70996,136,2999,36522,12522,12185,66,2820,35543,11581,6046,5,5,90,1144,1397,15571,611,40,3393,359,40,12,5514,272,47165,185538,213769,16680,17090,20457,3239850,101100,6766,3569,2303,876,639315,423504,85448,127036,473787,914,18.1,127,1250,680,306,26032,119,24242,3515,268439,65776,14288,21486,10368,10075,11507,37615,12437,24604,60281
2014,R38000,à§ïQåß,1396000,659000,737000,1388000,655000,733000,176000,90000,85000,804000,395000,409000,415000,172000,244000,10399,5446,4953,1.50,17529,8736,8793,17385,9934,7451,20897,11455,9442,6148,2404,16.4,31.2,2.4,107,1417.5,5935,1254592,497,15348,38500,98000,179,1500,18094,309,5197,71987,140,3042,37172,12485,12125,66,2837,36071,11462,5958,5,5,89,1156,1365,15554,624,50,3432,380,40,12,5713,275,50197,198944,203993,17822,18127,21428,2762540,56540,6540,3415,2362,740,616669,409309,74489,130923,474548,910,18.6,128,1247,683,302,25517,0,23733,3572,259760,62796,16731,21711,9608,10925,10082,36977,11119,23226,56585
2013,R38000,à§ïQåß,1406000,663000,743000,1398000,659000,739000,178000,91000,87000,823000,404000,419000,404000,166000,238000,10696,5548,5148,1.52,17480,8727,8753,17895,10263,7632,21043,11550,9493,6416,2573,16.8,33.5,0.9,94,1622.5,7161,1468117,511,15372,39400,100500,185,1497,18333,325,5274,73136,140,3074,37933,12909,12525,66,2876,36254,11505,5851,5,5,94,1163,1353,15536,583,44,3422,395,43,12,5697,353,53929,218756,193909,18727,19043,21871,2921560,49740,8462,4560,2669,1154,809718,546164,117880,143148,478203,911,18.4,128,1247,690,301,25462,40,23624,3583,276489,63350,19286,20662,10862,10339,11065,39936,13499,25874,61615
2012,R38000,à§ïQåß,1415000,666000,749000,1408000,663000,745000,181000,93000,88000,841000,413000,428000,393000,160000,233000,11130,5699,5431,1.52,17216,8627,8589,18608,10530,8078,21114,11531,9583,6386,2529,16.3,33.8,1.8,115,1369.0,6432,1310752,540,16158,40300,105900,185,1467,18396,333,5305,74634,141,3116,38588,13173,12773,67,2911,36829,12140,6117,5,5,102,1161,1349,15653,625,78,3582,434,42,12,5707,289,58463,240359,168724,18769,19042,26882,3037560,40360,7803,3930,2491,1292,742420,478437,122747,133959,483104,914,18.0,128,1251,691,317,25967,25,23954,3668,274214,63298,24767,20775,9685,10881,10554,37032,12036,25424,59762
2023,R39000,çÇímåß,666000,316000,351000,660000,312000,348000,70000,36000,34000,355000,178000,176000,242000,101000,140000,3380,1746,1634,1.30,11438,5437,6001,8278,4814,3464,10309,5505,4804,1985,1065,17.9,32.2,2.0,117,2783.0,2246,351886,337,10156,30500,69100,36,312,2137,222,2864,30103,122,1926,16288,5656,5377,43,1931,16462,5244,3025,1,5,41,1006,418,9475,156,22,2100,300,25,6,2442,123,21836,100659,116146,6005,6182,9211,2358440,77860,2396,1199,575,566,216200,128808,53073,30943,226813,917,19.6,107,514,338,223,24629,6,16395,3094,294877,80091,20254,23096,12316,9040,11943,45324,8554,26740,57517
2022,R39000,çÇímåß,676000,320000,356000,671000,317000,354000,72000,37000,35000,360000,181000,180000,244000,102000,142000,3721,1917,1804,1.36,11472,5564,5908,8746,5038,3708,10228,5586,4642,2189,1065,17.7,33.6,1.6,106,2025.5,2582,419674,345,10350,30500,69200,36,308,2167,223,2885,30772,124,1963,16480,5510,5305,46,1980,16853,5412,3029,1,5,40,1003,462,9379,188,22,1895,273,26,6,2508,150,21927,100214,115969,6334,6494,2807,1965520,6610,2688,1417,753,491,242228,152789,47452,39690,238412,952,20.1,108,528,346,245,25867,4,18419,2989,284828,73112,20872,22609,10439,8393,12560,48675,9463,22873,55833
2021,R39000,çÇímåß,684000,323000,361000,680000,321000,359000,74000,38000,36000,365000,183000,182000,245000,103000,142000,4090,2111,1979,1.45,10423,5185,5238,8830,5086,3744,10246,5554,4692,2332,1043,17.6,31.1,2.1,103,3121.0,2735,469306,356,10465,30600,69800,37,323,2342,225,2933,31226,127,2027,16988,5775,5571,46,1959,17139,5536,2966,1,5,46,1017,518,9257,210,31,1977,297,26,7,2648,164,22419,100717,109044,6190,6278,1219,1502910,2410,2907,1524,833,541,269348,168774,52146,47181,242044,955,20.3,111,532,350,248,25654,12,18394,2832,280789,75096,20278,20507,10045,8204,11903,49832,9946,23702,51275
2020,R39000,çÇímåß,691527,326531,364996,677762,319115,358647,74946,38272,36674,362200,179947,182253,241787,100977,140810,4082,2044,2038,1.43,9998,4917,5081,8366,4856,3510,10363,5599,4764,2440,1149,17.8,34.0,3.9,115,3238.5,2656,502874,358,10679,30800,70600,38,325,2451,228,2969,31918,128,2080,16999,5673,5485,46,2011,17646,5755,2946,1,5,49,1014,583,9086,234,34,1935,299,27,7,2810,174,21867,99617,95881,6141,6208,3428,1509950,13400,3412,1469,956,952,304533,164020,84866,53096,245470,958,21.6,111,533,354,250,26250,28,19545,3242,270206,73830,19723,20743,10849,8406,12135,34980,9571,22399,57570
2019,R39000,çÇímåß,699000,330000,369000,695000,328000,367000,77000,39000,38000,375000,187000,188000,246000,103000,143000,4270,2200,2070,1.47,10317,5035,5282,8513,4853,3660,11096,5976,5120,2630,1240,17.8,31.4,2.6,117,2538.5,2705,494827,372,10489,30700,71400,39,365,2655,231,2986,32428,129,2089,17232,5721,5581,46,2022,18343,6036,3170,2,4,59,993,702,8861,272,34,1924,309,27,8,3089,273,25162,100839,114664,8035,8352,12980,2322790,80750,3234,1598,998,628,295218,179810,61571,52680,252110,971,20.3,113,549,363,255,26201,35,20511,3199,302399,74006,24047,21279,12658,8847,12060,47206,10601,28138,63557
2018,R39000,çÇímåß,707000,333000,374000,703000,331000,372000,79000,40000,39000,382000,190000,191000,245000,103000,143000,4559,2345,2214,1.48,10251,4892,5359,8770,4966,3804,11098,5964,5134,2659,1227,17.4,32.8,0.9,114,3092.5,2748,478873,390,10790,30800,71600,41,353,2781,233,2983,33127,129,2125,17432,5980,5828,47,2010,19060,6132,3025,2,3,59,952,738,8674,268,31,1919,276,26,9,3330,383,26029,102457,116707,9008,9330,12515,2172270,65480,3374,1542,1155,637,301287,173985,62534,62054,251852,961,20.7,115,560,369,259,26177,51,19866,3096,309015,76610,21690,23137,10879,10215,12514,48186,16115,23755,65914
2017,R39000,çÇímåß,714000,337000,378000,711000,335000,376000,80000,41000,39000,389000,193000,195000,244000,102000,143000,4837,2457,2380,1.56,10150,4920,5230,8961,5139,3822,11096,6008,5088,2872,1273,17.1,33.4,2.2,103,2022.0,2777,489115,393,10504,31000,72100,41,364,2789,234,3017,33689,128,2074,17929,6160,6005,46,2025,19464,6151,3030,2,3,58,956,749,8537,279,33,1831,295,26,10,3400,523,27361,106435,114180,9327,9647,11137,2246680,63240,3255,1526,1198,462,289443,175838,45823,64750,252378,954,20.7,118,560,366,251,25025,73,19239,3071,284803,72287,18315,21275,10601,9462,12413,38705,11996,27616,62133
2016,R39000,çÇímåß,721000,339000,382000,718000,338000,380000,82000,42000,40000,396000,197000,200000,242000,101000,142000,4779,2489,2290,1.47,10305,5038,5267,8919,5072,3847,11184,6153,5031,2916,1228,18.1,33.7,2.7,125,2823.0,2808,606832,406,10407,31200,72900,47,442,3347,235,3034,34137,128,2120,18694,6521,6350,46,2014,19431,6081,2878,2,3,59,959,775,8417,313,34,1845,256,26,10,3524,526,28951,113650,105656,9751,10008,10686,2156460,55700,3116,1590,1057,445,283602,183040,43691,54748,252044,942,21.4,119,565,370,253,24965,42,19432,3056,326268,73243,20037,21461,9222,10716,13380,43638,12037,30453,92081
2015,R39000,çÇímåß,728276,342672,385604,722728,339873,382855,83884,42777,41107,400605,198022,202583,237012,97919,139093,5052,2544,2508,1.51,10020,4872,5148,9199,5317,3882,11477,6243,5234,3057,1356,17.5,31.8,2.4,127,2966.5,2647,538897,432,10776,31500,74000,47,386,3434,240,3069,34964,130,2154,19341,6585,6414,46,2057,19492,6181,2927,2,3,58,955,912,8327,370,55,1838,255,25,10,3582,575,31661,124492,98696,10255,10586,9011,2176260,44890,2722,1445,870,396,258024,168225,40572,47913,255716,944,21.9,120,566,375,255,25020,47,19568,3016,305956,70501,26062,21922,10964,9910,11829,40685,8908,29103,76072
2014,R39000,çÇímåß,736000,346000,390000,732000,344000,388000,86000,44000,42000,414000,206000,209000,237000,97000,140000,5015,2558,2457,1.45,9984,4849,5135,9018,5117,3901,11197,6032,5165,3118,1364,17.0,31.0,2.0,122,3658.5,2649,514134,461,11159,32100,75600,56,463,4211,245,3088,35494,131,2192,19830,6658,6446,46,2045,19831,6299,2954,2,3,64,948,1020,8205,374,47,1855,273,25,10,3573,644,33405,133566,90710,10873,11085,9481,2190430,30340,2755,1501,757,484,270965,176385,48057,45275,261295,958,22.2,119,569,370,242,20823,28,18803,3003,319466,70604,19879,22271,11174,10816,11160,44954,10414,33072,85122
2013,R39000,çÇímåß,743000,349000,394000,740000,348000,393000,88000,45000,43000,425000,211000,214000,232000,94000,138000,5266,2707,2559,1.47,10244,4979,5265,9665,5466,4199,11445,6144,5301,3257,1442,17.3,33.4,1.1,96,2327.0,3196,702823,497,11914,32800,77900,56,479,4259,249,3142,36526,133,2193,19881,6626,6443,47,2074,20179,6413,2865,2,3,66,937,1054,8241,410,55,1860,286,25,10,3631,647,36779,150827,89114,11876,12172,10102,2116580,20830,3658,1915,1043,617,348496,225512,62357,55927,259826,943,22.4,120,573,368,249,21040,19,18931,2985,286019,66276,21744,21534,8479,9222,11614,44200,9436,22005,71508
2012,R39000,çÇímåß,751000,352000,398000,748000,351000,397000,89000,46000,44000,436000,216000,220000,226000,91000,135000,5266,2671,2595,1.43,10142,5096,5046,9575,5364,4211,11514,6235,5279,3257,1403,16.8,31.8,2.0,134,2985.0,2669,484999,507,12020,33900,81500,59,470,4452,255,3187,37294,134,2263,20098,6781,6614,47,2086,20746,6715,2978,2,3,69,941,1118,8203,405,51,1784,303,25,10,3506,691,39886,165402,80177,11905,12270,12597,2150100,18690,2662,1627,587,373,269184,193074,37645,32711,262736,944,23.2,121,574,366,255,21590,48,19714,3015,309325,69807,21202,22181,9020,10548,13058,45070,13008,27354,78076
2023,R40000,ïüâ™åß,5103000,2418000,2685000,5011000,2369000,2642000,644000,329000,314000,3007000,1480000,1527000,1452000,609000,843000,33942,17403,16539,1.26,62153,30651,31502,97425,53919,43506,88783,49410,39373,20549,8512,18.5,33.9,3.9,113,1768.0,18927,4938004,1199,64112,65800,412100,407,5221,47629,714,18136,274421,353,10334,140707,46909,43318,163,8353,123387,38113,22379,18,35,399,8958,5404,108785,2574,288,24345,2929,162,18,40917,3780,135578,695462,828735,29913,28977,151000,18589500,4630330,36074,7804,18060,9987,2786694,897522,953764,920089,1680535,892,21.4,390,4806,3042,988,106591,56,97762,15677,309000,80319,21148,21190,11260,10869,15534,41377,13651,30359,63294
2022,R40000,ïüâ™åß,5116000,2423000,2693000,5030000,2378000,2653000,654000,334000,320000,3013000,1482000,1532000,1449000,607000,842000,35970,18490,17480,1.33,61302,30163,31139,98913,54243,44670,90027,50291,39736,21840,8444,18.0,33.8,3.3,93,1232.5,21198,5434116,1157,64194,60100,378900,415,5304,51368,720,17964,278438,361,10211,140593,47066,43928,163,8361,122898,39195,22905,18,35,421,9008,5798,109610,2703,292,24839,2884,161,19,43122,2981,140147,706288,825168,31056,29986,43093,12506820,528180,40954,8756,19688,12328,3171507,1023200,1167802,962690,1728247,918,21.8,390,4801,3074,1065,121855,100,116208,17852,286265,75957,20020,20581,11159,9548,14218,38792,11349,28318,56324
2021,R40000,ïüâ™åß,5124000,2425000,2698000,5045000,2384000,2661000,661000,338000,323000,3017000,1482000,1535000,1445000,605000,840000,37540,19035,18505,1.37,56410,28027,28383,96936,53474,43462,89245,49988,39257,22009,8564,18.2,33.2,3.8,102,1979.0,21681,5792378,1186,58806,56800,356700,418,5343,54742,723,17794,279290,360,10121,139657,45778,43060,164,8410,123508,39841,22779,18,34,417,8849,6134,109860,2940,309,24503,2777,160,19,45622,2468,144414,722230,752967,32326,31459,16249,8212970,88700,41628,9790,19196,12408,3221537,1147068,1130636,928124,1726567,926,20.8,391,4780,3068,1054,118659,625,117582,16804,285494,75448,20931,19860,12599,11196,14429,37658,16737,24385,52251
2020,R40000,ïüâ™åß,5135214,2430951,2704263,4923076,2323723,2599353,662179,338523,323656,2911353,1419521,1491832,1395142,583959,811183,38966,19782,19184,1.41,53273,26486,26787,97198,53902,43296,89390,50147,39243,22745,8955,17.9,34.5,5.2,107,2212.5,18897,4540828,1209,61879,54300,335600,422,5291,57337,729,17711,280977,362,9903,136797,44061,41868,164,8456,125635,40648,22160,18,34,438,8849,6445,110156,2619,251,24350,2775,160,20,45575,3181,143106,688410,673765,32482,31037,46734,8902440,504150,34555,8868,16582,9025,2739143,1043471,876003,809293,1768645,946,21.0,393,4711,3051,1044,119238,1189,115989,16917,317047,75372,34372,21330,12142,10648,14537,51912,11720,27314,57701
2019,R40000,ïüâ™åß,5134000,2431000,2703000,5058000,2391000,2667000,670000,343000,327000,3008000,1476000,1532000,1425000,597000,828000,39754,20343,19411,1.44,54099,26731,27368,99877,54943,44934,93553,52136,41417,25777,9774,17.9,31.9,4.4,110,1608.5,21247,5274897,1294,59632,52100,309000,430,5245,59352,738,17521,282012,368,9765,134958,45106,43060,164,8541,128210,41810,22501,18,34,432,8758,6568,109289,3039,254,23772,2643,163,19,44270,3358,149485,626795,872862,40955,39343,188855,18527640,3787880,38225,9981,16884,10936,3142166,1195909,1075863,850408,1772465,945,21.0,398,4713,3081,1021,115499,1232,113969,17539,299637,74024,19375,19025,11190,13255,13626,43269,14572,29892,61409
2018,R40000,ïüâ™åß,5131000,2428000,2703000,5061000,2392000,2670000,674000,345000,329000,3026000,1483000,1543000,1408000,589000,819000,42008,21436,20572,1.49,53309,26487,26822,99753,55009,44744,93510,51888,41622,25265,9624,17.7,34.5,2.7,111,1617.0,21511,5457070,1102,55188,49500,271100,441,5234,61299,741,17303,281424,367,9696,134450,45416,43552,165,8559,130736,41870,22506,19,34,448,8796,6841,108433,3272,229,23514,2601,168,19,44072,3904,155234,633844,917646,45870,44290,179970,15177820,3178480,41786,10037,21099,10558,3321091,1205655,1029857,1071594,1768550,946,20.8,399,4699,3097,1009,115506,995,111415,16647,322618,74368,22779,21001,9822,13247,14117,51777,13846,29772,71888
2017,R40000,ïüâ™åß,5123000,2423000,2700000,5061000,2391000,2670000,675000,346000,329000,3048000,1492000,1555000,1384000,577000,807000,43440,22139,21301,1.51,52531,26333,26198,99280,54734,44546,92892,51801,41091,25890,9607,17.6,33.8,4.0,108,1318.5,20859,5441860,957,51924,47000,242200,456,5237,62893,748,16838,278932,368,9764,136806,46403,44708,165,8563,131385,41586,22221,19,35,474,8739,7377,107810,3517,306,23376,2614,170,21,44841,3932,161668,647527,884314,49908,48239,157136,15236140,3016410,41538,9950,22088,9301,3225609,1197030,892107,1112233,1785375,954,21.0,401,4666,3094,907,102604,1297,104058,14801,319337,74344,19942,20490,14124,13854,12396,49840,11059,35180,68107
2016,R40000,ïüâ™åß,5113000,2417000,2696000,5059000,2390000,2669000,677000,347000,330000,3071000,1502000,1569000,1357000,564000,792000,44036,22766,21270,1.50,51011,25730,25281,98344,53955,44389,92612,51769,40843,26574,9774,18.1,34.3,4.2,134,2420.5,20832,5441683,963,50951,45800,219600,460,5160,64151,753,16581,276597,370,9711,139161,47429,45733,165,8570,132015,42435,23011,20,34,491,8686,7825,107057,3681,261,23292,2681,171,21,45105,3761,171593,691722,821306,53233,51659,149856,14310720,2506790,43018,10127,24396,8222,3302747,1231583,842216,1207150,1814737,971,20.8,400,4654,3095,900,101793,948,103814,14703,303957,72064,22581,20667,11174,13787,12906,38139,17379,29767,65493
2015,R40000,ïüâ™åß,5101556,2410418,2691138,4995297,2357649,2637648,676045,345945,330100,3057855,1488873,1568982,1304764,540362,764402,45236,23137,22099,1.52,50262,25013,25249,99936,55126,44810,96333,54039,42294,27570,10063,17.3,31.4,4.6,141,1867.5,19739,5378013,996,51293,44600,202600,467,5094,65240,756,16444,274921,370,9735,140874,47266,45698,165,8607,132304,41980,22827,20,34,513,8708,8025,106688,3592,346,23116,2698,171,20,45604,3485,186425,757880,764998,57385,55258,123291,14379520,2225180,41437,9735,22129,9335,3202364,1187392,903464,1095542,1845524,985,21.1,401,4608,3097,889,100010,759,104305,14434,299665,72020,20383,20513,10448,12733,11641,43064,20169,27485,61210
2014,R40000,ïüâ™åß,5099000,2409000,2691000,5053000,2386000,2667000,687000,352000,335000,3126000,1525000,1601000,1279000,527000,752000,45203,23293,21910,1.46,49317,24716,24601,96588,53229,43359,92688,51877,40811,27362,9981,17.1,30.9,3.9,124,1765.5,19414,5143894,1014,49870,44200,193300,484,5123,67563,755,16239,274277,371,9737,141493,46993,45309,165,8654,133038,41993,22790,20,34,524,8674,8026,106781,3651,310,23139,2705,172,20,46103,3159,199935,817639,709021,60050,58361,127139,13297630,1266780,36722,9475,19122,8001,2912097,1166756,783127,950663,1856954,994,21.1,400,4587,3072,858,94418,315,101361,14209,300405,69957,25677,22509,10039,14160,11646,37120,17499,27798,64001
2013,R40000,ïüâ™åß,5096000,2406000,2690000,5052000,2385000,2667000,687000,352000,335000,3173000,1546000,1627000,1230000,503000,726000,45898,23541,22357,1.45,49456,24872,24584,100390,55270,45120,94565,53166,41399,28184,10291,17.7,34.5,2.9,106,1801.5,21932,6061254,1041,50101,44000,189400,491,5017,68025,765,16181,274513,373,9720,141952,47920,46212,165,8577,132853,41649,22121,20,34,557,8559,8001,107707,3642,336,23566,2813,171,19,46639,3034,214871,904906,646941,63545,61953,136294,12246820,866710,41703,11313,19789,10389,3528103,1422053,1042258,1049877,1853311,993,21.3,404,4564,3039,860,94243,1055,100939,14052,287896,66954,28386,21327,10318,12847,12036,37558,11739,29434,57298
2012,R40000,ïüâ™åß,5089000,2402000,2687000,5048000,2383000,2665000,687000,352000,335000,3212000,1565000,1648000,1186000,483000,703000,45815,23560,22255,1.43,48957,24729,24228,102831,56423,46408,94164,52918,41246,27974,10541,17.0,33.6,2.9,118,1768.5,20038,5242039,1057,49678,45300,203800,490,4946,67329,767,16041,275748,375,9707,142711,48005,46298,165,8574,133531,42806,22228,20,34,549,8486,8148,107912,3759,321,23497,2728,170,20,44762,2732,234349,1003439,612241,65834,64330,167433,11519700,695130,36553,10356,17693,8416,3099520,1291500,845261,951108,1845634,990,21.7,406,4529,3025,853,91961,1174,99169,13607,295272,66269,21773,21298,11293,12036,12117,44665,11510,25613,68698
2023,R41000,ç≤âÍåß,795000,377000,417000,786000,373000,412000,103000,53000,50000,440000,218000,222000,252000,107000,145000,5144,2642,2502,1.46,11199,5403,5796,14481,7961,6520,15957,8629,7328,2730,1150,18.1,34.7,2.2,104,2113.0,3878,846220,331,9442,21700,42600,46,367,2926,163,3536,42834,91,2135,23136,7820,7302,44,1966,21997,6843,3310,3,2,69,756,738,7694,341,8,1743,307,30,1,3642,120,24865,105983,140691,7590,8044,15820,2033030,142320,5302,1919,2274,979,435871,218317,95547,110823,250839,856,20.0,82,693,396,183,18530,24,14946,2422,274861,74932,18473,21626,10331,7810,13958,39928,9298,22570,55935
2022,R41000,ç≤âÍåß,801000,380000,421000,793000,377000,417000,105000,54000,51000,444000,220000,224000,251000,106000,145000,5552,2825,2727,1.53,11204,5388,5816,15003,8239,6764,16131,8605,7526,2951,1041,17.7,33.0,2.1,93,1664.5,4336,976108,338,9522,21100,41200,48,387,3123,163,3504,43497,91,2131,23334,7860,7385,44,1994,22054,7140,3417,3,2,72,771,771,7633,372,17,1662,292,30,1,3744,62,25330,105109,140473,7526,7921,4016,1736490,16600,5371,2153,2248,940,456974,250090,95490,109050,256459,870,18.8,82,702,399,263,26014,8,23767,2481,273822,69993,22275,23132,11197,8196,14222,44220,8409,21053,51126
2021,R41000,ç≤âÍåß,806000,382000,424000,800000,379000,420000,108000,55000,52000,448000,221000,227000,251000,106000,145000,5853,2957,2896,1.56,10145,4895,5250,15032,8253,6779,16211,8683,7528,2992,1187,17.9,33.1,2.3,101,2480.5,4534,805226,339,9354,20800,40800,49,404,3398,164,3475,43903,92,2140,23530,7789,7378,45,2010,22422,7440,3474,3,2,71,778,811,7776,365,10,1839,335,30,1,3802,23,24976,103630,132986,7875,8187,1328,1348170,5970,4952,2318,1534,1079,474350,276497,111116,84892,260047,876,19.8,83,703,408,260,26703,24,23574,2377,274612,68797,25501,22759,12332,7907,15262,42444,6444,19043,54123
2020,R41000,ç≤âÍåß,811442,384451,426991,796285,377464,418821,108241,55555,52686,443579,217661,225918,246061,103596,142465,6004,3091,2913,1.59,9963,4831,5132,14610,8023,6587,16404,8749,7655,3031,1235,17.5,34.5,2.9,108,2876.0,4164,813966,339,9516,20500,40600,53,434,3807,164,3414,44590,92,2120,23275,7553,7221,46,2039,23034,7550,3452,3,2,74,780,812,7741,375,12,1713,287,30,2,3782,137,24542,106966,116476,7590,7860,4696,1439330,36870,4469,2289,1339,806,431787,272195,83109,73730,264812,886,19.7,86,691,409,257,24771,49,22925,2480,288604,73552,22378,22769,12458,9356,15933,39818,7692,24579,60068
2019,R41000,ç≤âÍåß,817000,387000,430000,810000,384000,426000,110000,56000,54000,458000,226000,232000,246000,104000,143000,6231,3234,2997,1.64,9967,4784,5183,15192,8299,6893,17234,9283,7951,3394,1329,17.7,31.9,2.4,106,2078.5,4480,894704,344,9514,20300,40400,54,447,4080,164,3376,45085,92,2133,23204,7797,7463,52,2068,23834,7976,3476,3,2,75,785,810,7729,358,17,1721,292,31,2,3794,123,26321,105352,130408,8966,9513,21402,2443230,342450,5350,2353,2228,730,482386,284083,76840,117788,271401,900,19.7,87,691,416,256,23996,24,22209,2431,295205,70713,17355,21314,13373,11577,14739,43023,11526,26354,65231
2018,R41000,ç≤âÍåß,821000,388000,432000,815000,386000,429000,112000,57000,54000,464000,228000,235000,244000,102000,142000,6535,3336,3199,1.64,10112,4882,5230,15616,8604,7012,17195,9193,8002,3449,1280,17.4,35.3,1.0,105,1877.0,4390,853290,353,9819,20200,40200,58,463,4437,164,3345,45416,92,2127,23256,7845,7596,51,2108,24527,8079,3572,3,2,80,803,834,7778,410,12,1735,269,31,3,3808,174,27909,108658,137506,9997,10464,20673,2453330,381680,5777,2362,2430,723,495863,289073,73258,127146,268942,889,20.1,89,689,412,249,23952,33,22821,2582,293957,71469,15337,22410,10491,10666,13071,48668,9734,27236,64876
2017,R41000,ç≤âÍåß,825000,390000,435000,820000,388000,432000,113000,58000,55000,471000,232000,239000,240000,100000,140000,6743,3513,3230,1.64,9974,4809,5165,15271,8408,6863,17351,9295,8056,3639,1285,17.0,33.5,1.9,94,1634.5,4339,921018,355,9689,20000,39800,63,472,4953,166,3314,45419,93,2143,23850,8125,7850,45,2114,25091,8051,3596,3,2,83,804,865,7774,396,11,1778,272,31,3,3816,195,29687,115686,131980,10555,11218,17766,2534720,369390,5374,2272,2483,609,473987,278777,61732,132382,270437,889,20.8,92,689,416,230,22267,34,21711,2498,307506,69822,21156,21862,9596,10950,13963,50567,10472,28077,71041
2016,R41000,ç≤âÍåß,829000,391000,437000,825000,390000,435000,115000,59000,56000,478000,235000,243000,236000,98000,138000,6811,3495,3316,1.63,9725,4708,5017,14831,8026,6805,17131,9255,7876,3726,1378,17.9,35.0,2.6,121,2586.0,4359,1020305,354,9736,20000,39800,68,491,5418,171,3375,46784,97,2250,25289,8743,8463,45,2132,25274,8106,3561,3,2,86,808,858,7759,399,17,1684,260,30,3,3922,194,31411,121309,119722,10916,11656,16580,2468790,244950,5542,2321,2716,495,482236,289619,50822,140352,268543,877,20.7,93,691,421,231,22357,18,22085,2777,283765,72054,19141,21506,10678,9390,14770,33679,7402,25462,69683
2015,R41000,ç≤âÍåß,832832,393073,439759,827702,391011,436691,116122,59463,56659,483019,236845,246174,229335,94312,135023,7064,3662,3402,1.64,9702,4687,5015,15334,8468,6866,18005,9756,8249,3692,1354,17.1,32.1,2.7,124,2083.0,4034,887142,358,9867,20200,40200,70,478,5562,172,3349,47427,98,2281,26255,8951,8654,45,2134,25470,8254,3552,3,2,88,812,840,7806,387,19,1694,287,30,3,3999,171,34073,132125,106412,11720,12542,14230,2386220,178500,5168,2104,2608,439,448803,265082,46189,135277,272985,885,17.9,94,688,420,225,21704,11,21650,2710,275299,68715,15709,23110,10667,10006,14022,39205,9236,23691,60937
2014,R41000,ç≤âÍåß,837000,395000,442000,834000,394000,440000,118000,61000,58000,491000,241000,250000,225000,92000,134000,7159,3667,3492,1.63,9732,4801,4931,14979,8299,6680,17248,9412,7836,3928,1324,16.7,30.9,1.8,115,2252.5,3960,889819,362,9852,20200,39700,104,783,9560,174,3344,47786,99,2280,26785,8977,8696,45,2135,25711,8239,3581,3,2,88,784,921,7784,472,31,1660,274,31,3,4015,77,35374,137708,101715,12261,13060,16021,2284180,89500,4699,2062,2008,610,432521,262306,61838,106591,274375,886,18.7,94,684,426,201,19182,50,19773,2907,272685,63074,19165,22062,8671,11219,12838,38550,10837,24967,61302
2013,R41000,ç≤âÍåß,841000,397000,445000,838000,395000,442000,120000,61000,58000,501000,246000,255000,219000,89000,131000,7276,3690,3586,1.59,9640,4715,4925,15670,8643,7027,17413,9525,7888,3992,1436,17.1,34.0,1.2,96,2012.0,4907,1023876,377,9922,20600,40700,106,766,9431,176,3334,48513,99,2250,27042,9058,8759,45,2164,26006,8281,3475,3,2,89,775,1023,7778,473,44,1702,301,30,3,4007,18,39402,156415,101332,13410,14064,16471,2243670,55250,5453,2706,2007,728,537418,354697,75608,105700,275076,884,18.6,94,692,427,202,19107,11,20141,2910,294585,68411,19457,23030,11772,10550,11531,40614,11312,25289,72619
2012,R41000,ç≤âÍåß,845000,398000,447000,841000,397000,444000,121000,62000,59000,509000,249000,259000,214000,86000,128000,7440,3817,3623,1.61,9676,4929,4747,15814,8762,7052,17184,9389,7795,4003,1471,16.5,33.9,1.5,113,1999.0,4248,978020,378,9879,21500,43900,107,764,9368,181,3353,49369,103,2273,27248,9173,8924,45,2185,26240,8519,3558,3,2,91,786,998,7744,446,22,1667,281,30,3,3791,18,42247,173201,99117,13691,14015,22225,2028830,39630,4814,2207,2137,436,447333,288510,46180,109583,272874,873,18.0,94,693,424,208,19733,5,20933,3002,301246,65092,19846,22217,10794,12976,15249,43519,14328,25102,72123
2023,R42000,í∑çËåß,1267000,598000,670000,1254000,591000,663000,153000,79000,75000,679000,335000,344000,435000,184000,251000,7656,3976,3680,1.49,19723,9526,10197,20012,11905,8107,26369,14343,12026,4074,1788,18.3,33.3,3.9,106,2134.5,4046,848538,673,22145,25100,103300,96,944,6613,318,5395,66615,184,3273,35119,11909,11361,79,3167,33330,10489,5216,2,8,55,1692,733,16686,347,25,3805,489,34,9,3278,363,36942,158463,206612,11652,12253,21917,5854990,356020,7108,2177,3155,1732,538557,238891,159722,136057,438617,930,15.8,118,1317,688,375,29022,0,25635,4577,262243,76604,19933,21769,10334,7984,12573,35761,4417,18374,54493
2022,R42000,í∑çËåß,1283000,604000,679000,1272000,599000,674000,158000,81000,77000,690000,339000,351000,435000,184000,252000,8364,4280,4084,1.57,19309,9263,10046,20952,12232,8720,26125,14473,11652,4410,1751,17.8,32.1,3.3,95,1742.5,4703,1116690,623,22055,24800,100900,101,954,7231,320,5370,67941,184,3225,35388,11838,11439,79,3107,33735,10933,5290,2,8,57,1698,692,16875,288,14,3740,452,34,9,3425,222,38364,160952,203770,12011,12585,6388,5256890,90080,7384,2635,3206,1430,578239,294216,130770,146134,453706,953,16.0,119,1336,703,490,38408,0,36376,4382,271129,73489,23124,23604,11352,7965,15948,32724,8648,17601,56675
2021,R42000,í∑çËåß,1297000,610000,687000,1288000,606000,682000,161000,83000,79000,700000,344000,356000,435000,183000,252000,8862,4534,4328,1.60,18248,8854,9394,20531,12044,8487,26201,14532,11669,4704,1825,18.1,31.7,4.0,116,2203.5,4710,919958,614,21715,24600,98900,102,940,7646,323,5354,68834,186,3237,35782,11919,11541,79,3131,34415,11283,5516,2,8,59,1704,687,17083,322,22,3802,477,36,8,3574,161,39164,163729,190535,12669,13267,2588,3505500,48170,6372,2817,2598,911,527312,317122,86020,120454,461719,957,16.3,121,1348,709,492,37101,0,35679,4443,249995,71050,17757,21307,10795,6853,14371,34517,5321,18494,49531
2020,R42000,í∑çËåß,1312317,616912,695405,1296014,608596,687418,164303,84338,79965,706077,345185,360892,430353,180449,249904,9182,4715,4467,1.61,17646,8500,9146,20853,12324,8529,26853,15145,11708,4900,1976,17.7,32.8,4.7,118,2709.5,4478,826796,608,21911,24500,97500,107,960,8402,327,5401,69812,188,3273,35687,11807,11471,79,3117,35385,11590,5518,2,8,61,1706,763,17128,368,22,3743,424,36,8,3644,221,38642,166616,165285,12397,12844,6987,3673480,91120,5956,2575,2417,897,494837,290395,89015,110471,474606,972,15.9,120,1348,716,489,39270,0,37811,4815,253814,67610,23592,21706,11092,7189,12207,32696,4760,19351,53610
2019,R42000,í∑çËåß,1327000,624000,703000,1318000,619000,698000,168000,86000,82000,725000,356000,369000,433000,182000,252000,9585,4914,4671,1.66,17612,8548,9064,20919,12027,8892,27939,15373,12566,5472,2126,17.9,31.1,4.5,113,1788.0,4868,1057273,612,21685,24500,96200,110,962,8757,329,5376,70472,189,3298,35982,12135,11802,79,3162,36624,12161,5608,2,8,61,1712,801,17010,377,23,3704,412,38,6,3935,180,43859,169561,193735,14233,15077,29577,6139310,577400,6801,2841,2663,1222,568400,322556,112503,128648,479297,969,15.8,121,1371,729,488,35636,70,35906,4605,271229,68686,20871,21602,10139,8822,12176,39277,6041,22733,60882
2018,R42000,í∑çËåß,1341000,630000,711000,1333000,626000,706000,171000,88000,83000,741000,364000,377000,429000,179000,250000,10135,5251,4884,1.68,17714,8550,9164,22075,12764,9311,28386,15396,12990,5394,2050,17.7,33.6,2.5,107,1821.0,4996,1041058,597,21474,24100,93300,114,989,9431,330,5376,71277,189,3314,36501,12432,12140,79,3171,37694,12289,5572,2,8,62,1721,841,16861,408,21,3655,425,39,6,4103,203,44685,170325,202775,15590,16309,29127,6066790,581130,6482,2985,2486,962,564686,344652,92531,123788,477499,958,14.9,121,1383,729,484,37364,157,36824,4426,271496,70163,22381,21168,9947,9931,13292,38938,4949,25091,55637
2017,R42000,í∑çËåß,1355000,636000,719000,1346000,632000,714000,173000,89000,84000,757000,371000,386000,424000,176000,248000,10558,5488,5070,1.70,17515,8471,9044,22438,13177,9261,28321,15652,12669,5832,2089,17.3,32.6,3.7,108,1778.5,5187,1108054,611,21078,23700,89200,117,973,9697,338,5394,71611,192,3383,37339,12685,12404,79,3223,38842,12740,5738,2,8,61,1752,884,16810,418,23,3699,428,42,6,4273,191,48190,181004,201911,16786,17608,26199,5987790,615290,7397,2957,3493,898,592265,339315,86733,162798,479920,952,15.0,122,1380,734,455,34627,190,35491,4598,265383,70440,17442,22516,8911,9607,11199,35030,6681,20093,63464
2016,R42000,í∑çËåß,1367000,642000,725000,1358000,637000,721000,176000,90000,86000,775000,380000,394000,417000,172000,245000,10886,5612,5274,1.71,17071,8340,8731,22105,12744,9361,27678,15147,12531,6013,2169,18.1,33.7,4.2,127,2293.0,4993,1003313,622,21378,23500,87000,126,1006,10189,343,5400,72271,192,3411,38595,13387,13084,79,3249,39679,12977,5672,2,10,62,1782,860,16814,393,26,3741,430,41,5,4377,129,50191,187116,194737,17234,18180,25801,5668370,568550,7263,2926,3394,793,593716,343818,77571,160793,480300,944,15.6,123,1389,739,462,34542,70,35440,4693,250411,67798,17514,21105,10560,10197,11172,35080,6374,19079,51532
2015,R42000,í∑çËåß,1377187,645763,731424,1365241,639685,725556,177562,90930,86632,784862,383709,401153,404686,165381,239305,11020,5686,5334,1.67,16855,8117,8738,22919,13261,9658,28767,15874,12893,6118,2304,17.3,30.4,4.5,132,2392.0,4827,1000780,633,21194,23600,85900,135,1018,10858,358,5429,73082,193,3442,39629,13488,13195,79,3286,40330,12915,5756,2,10,56,1743,852,16769,399,24,3714,443,41,5,4646,143,53482,201888,181070,17875,18675,21726,6323200,675890,6269,2852,2612,673,539487,338655,63340,127607,489823,953,16.0,126,1400,744,455,33630,42,34783,4669,244581,68642,13645,22923,8854,9736,10229,27710,6649,21508,54685
2014,R42000,í∑çËåß,1387000,649000,738000,1381000,646000,735000,183000,93000,89000,803000,392000,411000,401000,163000,238000,11323,5840,5483,1.66,17091,8457,8634,22443,12929,9514,28296,15519,12777,6137,2316,17.0,29.8,3.9,118,2133.5,5205,1058506,641,20707,23700,85600,172,1261,13657,366,5472,73932,194,3478,40971,14010,13774,79,3317,40868,12924,5331,2,10,62,1746,850,16996,383,18,3794,436,41,7,4880,124,57477,221048,170911,18563,19270,21936,6173570,451720,6481,2845,2774,793,566043,341908,73709,145020,493117,955,15.8,128,1409,751,410,30066,95,32515,4794,256316,62716,24306,21400,8413,9910,10339,40259,4754,19900,54319
2013,R42000,í∑çËåß,1397000,653000,744000,1392000,651000,741000,185000,95000,91000,822000,401000,421000,390000,157000,233000,11566,5868,5698,1.64,17225,8529,8696,22933,13034,9899,28825,16163,12662,6559,2358,17.5,33.5,2.8,97,1683.5,5321,1147641,652,20420,24100,86200,175,1284,13833,375,5520,75404,196,3503,41859,14269,13972,79,3305,41274,13182,5731,2,10,61,1691,832,17024,388,15,3716,444,41,8,4711,178,62726,251240,162361,20048,20766,23321,5781850,355670,6659,3140,2804,674,603882,380638,69222,149243,497695,960,16.0,131,1425,748,407,29666,97,32402,4688,279678,64277,14458,21984,9139,11301,9914,37303,8356,22908,80038
2012,R42000,í∑çËåß,1408000,658000,750000,1403000,656000,747000,188000,96000,92000,839000,409000,430000,380000,152000,228000,11723,5983,5740,1.63,16784,8327,8457,23858,13659,10199,28764,15858,12906,6335,2450,16.9,32.9,3.1,126,2135.5,4986,1070603,678,20526,24800,91000,178,1278,14043,383,5518,76916,199,3542,42584,14241,13993,79,3343,42495,14081,5898,3,10,60,1786,822,17138,368,19,3819,436,41,8,4595,165,65334,271537,146975,20651,21396,29926,5175510,280130,6073,2906,2363,745,565342,355428,76801,127828,493013,944,16.2,131,1423,749,416,30001,43,32426,4732,258371,58837,17335,21107,8559,10155,10794,35207,7050,21598,67729
2023,R43000,åFñ{åß,1709000,811000,898000,1685000,800000,885000,219000,112000,107000,938000,463000,474000,552000,236000,317000,11189,5690,5499,1.47,24265,11633,12632,26844,15471,11373,28286,15790,12496,5772,2663,18.1,34.3,1.7,106,1801.5,8160,1744189,989,28940,30600,149300,97,935,7057,330,6991,94258,170,4108,48877,16313,15310,73,3660,43286,13401,6754,2,9,47,1608,588,24140,291,16,5342,730,52,7,7880,1574,41581,196259,281771,11815,12106,34355,6738620,892190,13331,3906,7055,2316,1017728,427039,237291,349125,534253,844,19.8,163,1470,829,488,41120,15,37750,6480,294537,79939,18740,21605,13092,10188,14213,43434,9068,27571,56686
2022,R43000,åFñ{åß,1718000,814000,904000,1699000,806000,894000,223000,114000,109000,943000,465000,478000,552000,235000,317000,11875,6038,5837,1.52,24427,11736,12691,27636,15882,11754,28292,15641,12651,6349,2482,17.7,33.5,1.4,91,1502.0,9088,1844087,998,28709,29500,148700,100,945,7556,334,7021,95774,172,4106,49051,16516,15601,73,3675,43605,14007,6859,2,9,52,1608,679,24537,338,21,5695,760,52,6,7959,1431,41597,195122,308350,12146,12437,9305,5068710,81880,13530,4846,5987,2591,1091336,533303,258705,295518,547102,862,19.8,165,1481,832,623,57054,9,53101,6316,281836,70132,30323,20851,13038,9608,14808,36453,10081,24428,52115
2021,R43000,åFñ{åß,1728000,818000,910000,1712000,811000,901000,227000,116000,111000,951000,468000,483000,551000,234000,317000,12670,6343,6327,1.59,22093,10719,11374,27040,15444,11596,27763,15570,12193,6577,2677,17.9,32.7,1.8,98,2347.5,9957,1710874,1015,28176,29000,148500,101,931,8189,338,7050,96415,172,4091,48862,16022,15318,73,3693,44284,14388,6897,2,9,51,1610,734,24580,346,16,5431,720,52,6,7914,1377,42962,196532,294739,12746,12990,3943,3806060,16780,12956,5639,5046,2160,1106848,637139,221163,242668,555605,871,20.2,168,1476,835,623,55897,8,52158,5994,291309,72065,26716,20555,12320,9431,14471,41898,9807,22537,61509
2020,R43000,åFñ{åß,1738301,822481,915820,1705205,806900,898305,228366,116839,111527,944198,462649,481549,540538,229187,311351,13011,6662,6349,1.60,21156,10367,10789,25844,14921,10923,29449,16420,13029,6793,2797,17.6,35.2,1.8,106,2467.5,9234,1761449,1039,27775,28700,149000,101,912,8511,340,7080,96934,171,4059,48218,15725,15152,73,3727,45401,14750,6961,2,9,50,1621,717,24771,318,14,5402,703,51,6,7938,1121,44514,205085,254767,12681,13020,10580,3969680,103380,12511,5238,4874,2373,1062757,586701,239193,235109,566015,881,21.7,170,1473,838,626,53973,70,51833,5836,291734,71821,22257,19333,12302,10486,14024,48918,10752,24046,57795
2019,R43000,åFñ{åß,1749000,828000,922000,1734000,821000,913000,233000,119000,113000,972000,477000,495000,543000,229000,314000,13305,6891,6414,1.60,21670,10444,11226,26476,15069,11407,30730,16961,13769,7535,2950,17.7,32.0,2.1,113,2026.5,10608,2172742,1182,27423,28400,143600,105,890,9061,347,7081,97724,172,4042,47827,16137,15631,73,3783,46369,14931,6921,2,9,54,1642,717,24973,362,18,5437,698,53,6,8032,1079,45696,189371,306722,15564,15886,45392,6648950,862710,14700,6281,6374,2042,1248663,703895,202647,341688,580471,896,20.7,173,1469,845,622,54638,178,54825,6510,289882,68871,23533,19977,12724,10342,12599,41152,15629,24673,60381
2018,R43000,åFñ{åß,1759000,831000,928000,1745000,826000,920000,235000,120000,115000,985000,483000,502000,537000,226000,311000,14301,7292,7009,1.69,21380,10425,10955,26736,15421,11315,30681,16973,13708,7643,2972,17.5,35.6,0.5,100,1950.5,12479,2370909,1200,26923,28000,129300,107,853,9535,349,7023,97951,173,4082,48186,16332,15879,76,3800,47590,15532,7226,2,9,50,1679,727,25025,314,11,5623,718,54,6,8237,1187,45784,186847,330755,16594,16945,45284,6587740,898870,16956,7311,7369,2236,1437629,815030,216680,403058,583786,899,22.7,176,1463,847,625,54168,182,53379,6285,266869,64177,18872,21473,9061,11168,12881,38159,10296,23630,57152
2017,R43000,åFñ{åß,1767000,834000,933000,1756000,829000,926000,237000,121000,115000,998000,489000,509000,531000,222000,308000,14657,7449,7208,1.67,21588,10308,11280,27138,15735,11403,30979,17064,13915,7887,2859,16.9,33.5,1.0,102,1818.5,13795,2665932,1213,27232,27900,116200,110,859,10207,361,7022,97680,175,4126,49229,16738,16327,76,3803,48196,15405,7217,2,9,51,1699,730,25109,359,17,5543,683,54,6,8490,1384,48420,195080,321784,18076,18400,42071,6416790,728720,16411,7996,6350,1892,1476433,904631,184892,369433,601975,922,23.4,175,1457,844,585,50481,275,52152,6179,280970,66857,20044,20692,12439,10511,11168,34917,12553,25807,65983
2016,R43000,åFñ{åß,1775000,837000,938000,1766000,833000,933000,239000,122000,117000,1012000,496000,517000,523000,218000,305000,14896,7642,7254,1.66,21379,10293,11086,26003,14877,11126,32794,17733,15061,7982,2916,18.0,35.1,2.2,127,2504.0,10346,2203287,1221,26973,27700,111400,114,872,11002,370,7059,97309,176,4146,50078,16971,16587,80,3840,48811,15622,7333,2,9,53,1724,792,25388,376,13,5534,689,54,6,8610,1080,53034,219364,296073,18683,19116,35120,6191150,504350,13296,6221,5166,1771,1189424,721303,176199,277637,552656,843,19.3,174,1454,851,526,44729,233,46305,5709,262224,66031,20122,19274,11609,9486,10014,33614,7338,23611,61125
2015,R43000,åFñ{åß,1786170,841046,945124,1771440,834781,936659,241167,123581,117586,1024400,500297,524103,511484,212154,299330,15577,7914,7663,1.68,20692,10212,10480,27916,15710,12206,31849,17700,14149,8250,3290,17.2,31.9,2.1,129,2292.0,8115,1608265,1247,27411,27800,110200,122,954,12640,377,7024,97930,178,4148,51211,17427,17038,80,3859,49037,15719,7253,2,9,51,1744,837,25483,397,11,5489,701,52,6,8571,977,58882,245583,251604,20705,21272,32808,6288150,697320,10902,4589,4403,1782,985166,544206,183668,244504,560921,847,19.0,176,1469,850,574,47875,659,51430,6497,292878,68629,26796,20815,10396,13187,10896,33052,13011,26401,69695
2014,R43000,åFñ{åß,1795000,845000,950000,1787000,842000,945000,244000,125000,119000,1046000,511000,534000,504000,207000,297000,15558,7974,7584,1.64,20461,9973,10488,27671,15450,12221,30532,16951,13581,8714,3105,16.8,31.0,1.1,119,1694.0,8515,1787590,1269,27486,27600,109200,143,1142,15767,377,6990,98362,180,4145,51671,17275,16926,78,3883,49680,15911,7248,2,9,52,1740,867,25592,399,15,5627,717,52,6,8948,1099,62949,266204,234189,21878,22334,32748,5946700,467620,11013,4455,4737,1591,983993,544520,163282,265568,561337,846,19.1,176,1471,850,549,44979,678,49833,6888,279663,63697,24736,21451,10328,12709,11505,33238,11252,25229,65518
2013,R43000,åFñ{åß,1801000,847000,954000,1794000,845000,949000,246000,126000,120000,1065000,521000,544000,491000,200000,291000,15954,8196,7758,1.65,20237,9943,10294,28901,16213,12688,31584,17336,14248,8934,3333,17.2,33.9,0.1,96,1975.0,9213,1977733,1325,28261,26700,109900,145,1132,16067,392,6986,98665,182,4196,52351,17635,17275,82,3914,50075,15968,7192,2,9,50,1731,856,25896,414,10,5792,717,52,7,9219,1054,65424,295258,228208,23567,23830,33332,5989020,412090,12353,5280,5424,1630,1144532,654374,172383,315854,565188,848,19.7,176,1482,844,553,44359,582,49258,6890,270470,60426,21358,20425,8842,11809,10181,38349,10243,24011,64824
2012,R43000,åFñ{åß,1807000,850000,958000,1800000,847000,953000,247000,127000,120000,1081000,528000,553000,478000,194000,285000,15996,8316,7680,1.62,20565,10303,10262,29894,16642,13252,30836,17147,13689,8965,3377,16.7,33.7,1.3,123,2209.5,8371,1763870,1363,24941,27200,125900,148,1114,16069,408,7044,99958,183,4177,52688,17773,17390,82,3937,51113,16640,7247,2,9,49,1753,887,26003,420,9,5597,648,52,7,9176,932,72375,333766,195077,24100,24541,42147,5634180,294450,11595,4593,5287,1637,1041492,568302,173878,290146,565102,845,19.0,176,1481,842,560,44379,396,49147,6813,284192,60931,21303,20478,9724,12843,12819,38597,9567,26429,71501
2023,R44000,ëÂï™åß,1096000,522000,575000,1079000,513000,566000,127000,65000,62000,594000,298000,296000,375000,159000,216000,6259,3198,3061,1.39,16756,8044,8712,16852,9729,7123,19338,10882,8456,3689,1695,17.6,32.6,2.6,96,1566.0,4564,849733,999,25244,26300,54700,141,825,6306,260,4292,54625,127,2504,29304,9900,9398,54,2651,28637,8832,4600,5,5,156,1095,1738,15068,802,134,3370,344,49,15,4057,1597,30516,130084,196335,10039,10353,18901,5636660,920590,6565,2276,2824,1268,525232,248730,127931,140180,368495,906,18.1,126,947,514,219,17768,0,15527,2695,304631,74200,24838,20499,10399,9645,12994,55081,7584,26562,62828
2022,R44000,ëÂï™åß,1107000,526000,581000,1092000,519000,573000,131000,67000,64000,600000,300000,300000,376000,159000,216000,6798,3471,3327,1.49,16266,7963,8303,17364,10097,7267,19164,10597,8567,4037,1635,17.4,33.5,1.9,85,1452.5,5074,1016589,1018,25414,25800,54200,152,850,6944,263,4308,55848,129,2521,29340,9796,9396,54,2597,28904,9143,4767,5,5,159,1050,1699,14969,759,111,3281,313,48,15,4287,1697,30663,132466,195695,10326,10639,5280,4573730,123360,6889,2468,2727,1665,578498,276186,159781,139109,384545,937,18.3,126,962,524,336,27995,0,25785,2656,298060,75218,18820,21497,11863,11001,14001,41451,10525,28260,65424
2021,R44000,ëÂï™åß,1114000,529000,585000,1102000,523000,579000,134000,68000,65000,605000,302000,303000,376000,159000,217000,7327,3729,3598,1.54,15104,7303,7801,17432,10013,7419,18873,10557,8316,4118,1736,17.4,31.0,2.8,87,1480.5,5214,913069,1021,25080,25300,54200,158,877,7547,266,4261,56464,129,2524,29624,9872,9544,55,2646,29300,9417,4742,5,5,155,1032,1783,15189,880,150,3410,305,49,15,4360,1788,31841,138031,176703,11001,11194,1998,3266990,16280,6225,2735,2409,1061,530602,309071,105802,113411,390604,946,18.7,128,960,530,335,27460,0,26578,2469,271229,67277,23728,19222,11216,8906,13058,41059,6689,22120,57954
2020,R44000,ëÂï™åß,1123852,533414,590438,1098735,521156,577579,135272,69103,66169,596527,295579,300948,369192,155841,213351,7582,3858,3724,1.55,14444,7137,7307,17259,10165,7094,19570,10956,8614,4406,1889,17.4,34.2,3.4,105,1860.0,4952,907000,1025,24093,25100,54400,166,921,8040,266,4288,57705,130,2519,29212,9502,9256,55,2688,29937,9557,4747,5,5,152,1030,1817,15278,822,145,3234,286,48,15,4216,1476,32027,139076,161993,11034,11345,6128,3680410,110710,6541,2643,2602,1270,561019,303347,123797,130951,395733,950,18.9,128,939,535,334,27659,10,24986,2697,271369,71027,22212,19589,11761,8271,13617,41656,6663,24237,52337
2019,R44000,ëÂï™åß,1134000,538000,596000,1121000,532000,589000,139000,71000,68000,623000,310000,313000,373000,158000,216000,7624,3923,3701,1.53,14614,7043,7571,17300,10011,7289,20394,11217,9177,4954,1944,17.4,31.1,3.3,107,1753.0,5374,984589,1080,24970,24900,55400,176,929,8684,270,4298,58558,132,2521,29191,9743,9537,55,2697,30846,9962,4857,5,5,163,1044,1784,15122,842,114,3177,310,48,14,4332,1563,33336,127828,192851,12744,13191,26651,5823350,933200,7472,2938,3091,1340,629770,338768,128633,153842,405385,962,19.1,130,949,542,332,26634,25,25067,2605,249209,62719,14227,18838,11017,8413,12972,35099,6460,24077,55387
2018,R44000,ëÂï™åß,1143000,541000,602000,1132000,536000,595000,141000,72000,69000,632000,314000,318000,371000,156000,215000,8200,4128,4072,1.59,14492,7058,7434,17143,9788,7355,20627,11262,9365,4804,1931,17.1,33.9,1.5,101,1663.0,5602,1103531,1165,25806,24600,54500,182,942,9315,272,4303,59233,138,2575,29373,10063,9840,55,2703,31329,9973,4724,5,5,163,1033,1848,15028,883,137,3298,283,45,14,4382,1511,34485,129464,202510,13977,14419,25472,5960200,1100550,7311,3063,3051,1125,625857,358075,108838,153930,401250,948,18.7,132,955,541,325,26112,13,25333,2944,299677,69713,20663,19704,9893,10030,12980,42833,9106,27412,77345
2017,R44000,ëÂï™åß,1152000,545000,607000,1141000,541000,601000,143000,73000,70000,642000,319000,324000,367000,154000,213000,8658,4446,4212,1.62,14398,7084,7314,17304,9982,7322,20189,11222,8967,5023,1943,16.8,32.9,2.8,90,1910.0,5393,1136133,1162,26098,24500,53900,186,940,9967,275,4346,59443,138,2610,29958,10128,9953,55,2685,31848,10083,4823,5,5,167,1013,1896,14661,877,144,3010,302,46,14,4586,1664,36648,139139,195162,14888,15199,22193,5958590,1045890,6976,2711,3008,1214,607273,322195,117473,163394,399535,936,20.6,132,965,538,294,23770,505,23742,2787,287746,67420,17010,19286,12905,12671,11874,40397,7680,30564,67939
2016,R44000,ëÂï™åß,1160000,549000,611000,1150000,545000,605000,145000,74000,71000,653000,323000,329000,362000,151000,211000,9059,4657,4402,1.65,14264,7035,7229,17852,10160,7692,20460,11286,9174,5152,1999,17.6,33.9,2.8,102,2199.0,5329,1038760,1168,25011,24700,53900,188,924,10363,287,4426,60135,140,2644,31153,10709,10507,58,2699,31851,10102,4768,5,5,168,1010,1934,14560,923,137,3184,293,46,14,4670,1614,40128,156089,180313,15780,16261,20566,5913780,708010,7091,2866,3260,799,597243,338994,78713,167766,401673,934,20.4,132,964,541,289,23641,370,23717,2781,262329,65303,14062,19133,9249,11288,10507,38661,7524,25763,60840
2015,R44000,ëÂï™åß,1166338,551932,614406,1150436,544698,605738,146413,74904,71509,657169,324315,332854,351745,146429,205316,9113,4636,4477,1.59,13958,6931,7027,18391,10487,7904,20803,11443,9360,5316,2066,16.8,31.3,3.4,111,1677.5,5303,1131954,1176,25053,24800,53900,197,923,10742,296,4497,60605,140,2678,31560,10589,10404,60,2659,32226,10343,4797,5,5,161,1004,1926,14366,881,143,2990,328,46,14,4897,1606,43542,165587,160032,16721,17299,17773,6080470,693130,7063,2768,2991,1211,608514,327699,120332,153907,408386,942,20.5,132,971,539,285,22937,536,23187,2750,272374,62901,18406,19470,9316,9522,9740,42609,7381,24001,69029
2014,R44000,ëÂï™åß,1173000,555000,618000,1165000,551000,614000,150000,77000,73000,674000,333000,341000,347000,143000,203000,9280,4768,4512,1.57,14066,6946,7120,18170,10245,7925,20818,11616,9202,5392,2005,16.3,30.3,2.0,108,1613.0,5456,1074322,1215,25290,25100,54400,215,1024,12320,298,4505,60802,140,2707,32059,10743,10515,62,2698,32787,10517,4938,5,5,166,996,1971,14295,965,174,3054,287,46,19,5054,1873,46749,183772,153925,17539,18392,20169,5194680,385110,6423,2761,2688,908,569994,333496,88039,141009,416126,957,20.1,133,972,538,279,21934,42,23761,3434,284219,65532,15762,22215,9568,10693,10497,46550,8825,27228,67349
2013,R44000,ëÂï™åß,1180000,558000,622000,1172000,555000,617000,152000,78000,74000,690000,341000,349000,337000,139000,198000,9605,4929,4676,1.56,13874,6877,6997,18873,10764,8109,21435,11754,9681,5724,2179,16.9,34.2,1.3,82,1505.5,5894,1300192,1231,24487,25500,55500,216,1034,12433,304,4533,61534,140,2707,32293,10921,10717,64,2699,33105,10419,4733,5,5,170,975,1990,14474,906,188,3261,323,44,19,5055,1855,51660,210834,146428,19127,19766,20688,5754110,382440,7289,3336,3124,779,659255,409224,77904,167932,415962,951,20.3,133,970,544,265,19912,95,21687,3268,311824,64163,22718,21484,11569,12852,11603,52386,7867,30569,76613
2012,R44000,ëÂï™åß,1186000,561000,626000,1178000,557000,621000,153000,79000,75000,705000,348000,357000,327000,134000,194000,9650,5038,4612,1.53,14050,6986,7064,19544,11159,8385,21204,11744,9460,5652,2187,16.3,32.0,2.0,126,2263.5,5437,1155715,1231,24468,26200,56300,220,1022,12544,309,4561,62256,143,2729,32893,11174,10978,64,2741,33746,11001,5004,5,5,165,964,1948,14660,904,178,3168,315,44,20,5018,1789,56038,225479,141465,18946,19713,28162,5089500,286850,7013,2954,2588,1376,650477,357188,141795,144620,416670,947,20.4,134,975,546,271,20361,54,22065,3257,305316,62852,19485,19352,10970,12993,12317,43860,8005,33839,81643
2023,R45000,ã{çËåß,1042000,492000,550000,1032000,488000,544000,133000,68000,65000,559000,275000,283000,351000,150000,201000,6502,3286,3216,1.49,16212,7973,8239,16844,9591,7253,18573,10256,8317,3592,1796,18.4,32.2,3.0,118,3002.5,4812,877967,408,15675,24700,43200,88,751,4575,232,4322,57196,132,2704,30341,10111,9494,51,2561,28754,8786,4216,2,7,42,1053,489,9461,229,20,2104,330,35,3,4489,32,33386,148076,227735,11685,12001,13894,2752930,107330,5737,2287,2369,1051,473741,251040,101793,117888,362053,933,16.6,112,906,479,275,20913,0,17361,3617,257997,73243,16714,18655,11787,8118,11807,37908,5705,19658,54403
2022,R45000,ã{çËåß,1052000,497000,555000,1044000,494000,551000,136000,69000,66000,565000,278000,287000,352000,150000,202000,7136,3629,3507,1.63,16111,7901,8210,16962,9700,7262,18765,10320,8445,3805,1759,18.2,33.7,3.1,110,2865.0,5108,895663,408,15444,24600,43100,90,768,4949,233,4262,58650,133,2736,30709,10433,9862,51,2571,28606,9129,4426,2,7,42,1045,542,9647,284,29,2142,330,36,4,4509,70,33493,145675,230372,11639,11938,4117,2714080,20100,5969,2657,2212,1071,517123,297059,103028,114227,375930,963,16.9,115,918,488,419,33483,0,31267,3609,271613,70162,15433,21738,11507,7821,14793,40239,7735,21950,60235
2021,R45000,ã{çËåß,1061000,501000,560000,1054000,498000,556000,138000,71000,68000,571000,281000,291000,351000,150000,202000,7590,3878,3712,1.64,14520,7153,7367,17092,9855,7237,18538,10283,8255,3885,1780,18.2,30.9,3.2,127,3126.0,5718,1075769,413,15467,24600,43300,91,775,5238,235,4261,59639,134,2736,30562,9995,9549,51,2570,28856,9272,4316,2,7,43,1083,625,9736,305,15,2184,327,36,4,4352,95,34172,146146,209972,12283,12559,1724,2280950,6580,7060,3039,2485,1521,614138,342200,146206,124185,378195,961,17.2,116,913,493,420,33449,1,30732,3174,253236,70397,12756,18654,10583,7756,11599,38844,7290,22338,53019
2020,R45000,ã{çËåß,1069576,504763,564813,1047871,493794,554077,139773,71395,68378,568255,277664,290591,344543,146140,198403,7720,3923,3797,1.65,14140,7006,7134,16858,9758,7100,19340,10792,8548,4148,1905,18.3,33.7,3.7,120,2279.5,5436,978221,425,14927,24600,43400,93,769,5700,238,4265,60450,137,2758,30211,9741,9353,52,2600,29590,9653,4451,2,7,44,1088,655,9924,316,34,2179,291,36,5,4321,106,33880,149177,188492,12452,12685,4744,2361120,49160,5817,2884,2061,821,516275,327634,79848,104951,384489,968,17.1,120,894,499,423,33050,14,31471,3507,261710,71144,16200,18597,10396,7920,11260,44248,11939,22878,47126
2019,R45000,ã{çËåß,1077000,508000,569000,1071000,505000,565000,143000,73000,70000,584000,286000,299000,346000,147000,199000,8043,4141,3902,1.73,13788,6732,7056,16780,9558,7222,20220,11112,9108,4633,2040,18.4,30.9,4.2,129,3045.5,5723,1079870,444,14995,24600,43700,94,777,6133,241,4292,61174,138,2779,29905,10106,9736,54,2617,30455,10043,4489,2,7,45,1090,683,10037,332,28,2222,265,36,5,4334,108,36229,143295,211218,14346,14779,20633,3557460,306170,6478,3264,2205,987,590677,374629,94583,116802,393678,982,16.6,120,899,506,425,33541,43,32164,3417,263264,65441,13803,17497,11051,8380,13520,47727,5731,21791,58321
2018,R45000,ã{çËåß,1084000,511000,573000,1078000,509000,570000,145000,74000,71000,594000,290000,304000,342000,145000,197000,8434,4316,4118,1.72,13981,6835,7146,17220,9867,7353,20802,11439,9363,4637,2032,17.8,31.6,2.4,131,3167.5,5814,1154301,455,15479,24300,38700,95,737,6490,242,4264,61593,138,2800,30095,10226,9898,54,2637,31318,10121,4502,2,7,47,1101,728,10174,346,18,2267,265,36,4,4445,109,38533,148410,226933,16197,16745,19796,3343220,310070,6591,3269,2626,666,584392,376968,65730,138817,397248,987,15.9,122,888,503,425,32555,63,31604,3671,250452,64076,17290,17909,8441,7993,10805,40447,6940,22182,54369
2017,R45000,ã{çËåß,1091000,514000,577000,1086000,512000,574000,146000,75000,71000,604000,295000,310000,338000,143000,196000,8797,4526,4271,1.73,13749,6834,6915,17704,10100,7604,21018,11514,9504,4688,2132,17.6,33.0,2.8,107,2721.5,5952,1227305,465,15436,24300,38800,98,711,6821,243,4205,61280,138,2826,30839,10481,10173,53,2647,31716,9990,4584,2,7,48,1100,695,10327,311,26,2234,253,35,5,4564,119,40477,156576,222923,16889,17651,17764,2962610,249390,6936,3136,2708,1070,611025,361860,103214,143939,387986,956,17.1,123,884,501,391,30007,36,29468,3396,266851,67297,14758,17714,9608,9256,12148,41691,7813,23794,62770
2016,R45000,ã{çËåß,1097000,516000,581000,1093000,515000,578000,148000,76000,72000,616000,300000,315000,333000,140000,193000,8929,4556,4373,1.71,13702,6766,6936,17404,10019,7385,21692,11818,9874,5097,2202,18.6,32.7,3.9,122,2951.5,5890,1083477,474,15402,24500,39600,104,706,7627,243,4134,61350,143,2887,31602,10863,10562,53,2636,32052,10329,4638,2,7,48,1079,712,10417,379,45,2201,268,34,6,4530,133,43024,166149,201996,17559,18386,16716,2970480,219710,7242,3233,2927,1046,625330,374128,100556,148283,397394,973,17.2,123,891,508,390,30059,64,30619,3626,276311,63646,17281,16645,9852,10405,11598,41838,10723,26529,67793
2015,R45000,ã{çËåß,1104069,519242,584827,1096407,515969,580438,149608,76318,73290,622544,302970,319574,322975,134961,188014,9226,4618,4608,1.71,13494,6672,6822,18326,10484,7842,21788,11998,9790,5041,2308,17.7,31.1,3.1,137,3193.0,5749,1001723,482,15181,24600,40200,107,661,7959,246,4134,61458,145,2916,32338,10945,10645,53,2662,32598,10620,4792,2,7,48,1040,770,10420,352,40,2197,267,33,7,4520,139,45463,178453,178867,18841,19683,14807,3019360,195320,6815,3153,2802,824,594773,365612,80006,145784,405934,983,17.7,123,895,514,392,30467,0,31332,4065,256959,63913,13481,18245,9780,8695,11938,37204,9470,22607,61624
2014,R45000,ã{çËåß,1112000,523000,589000,1109000,522000,587000,153000,78000,75000,642000,313000,329000,319000,132000,187000,9509,4904,4605,1.69,13110,6512,6598,18421,10428,7993,21606,11809,9797,5154,2296,17.4,31.5,2.3,120,2731.5,5751,1121127,493,15334,24600,41100,133,841,10356,247,4140,61785,145,2905,32746,10899,10589,53,2680,33345,10716,4662,2,7,50,1027,812,10315,418,58,2158,270,31,7,4413,115,48094,193560,172840,19718,20616,16393,2951200,151480,6085,3012,2303,745,558651,357205,72090,126879,403721,973,18.3,123,891,515,368,26306,0,30280,4428,250489,60742,12735,18386,10143,8882,12746,40342,5978,24231,56303
2013,R45000,ã{çËåß,1119000,526000,593000,1115000,524000,591000,155000,79000,76000,656000,320000,336000,310000,127000,182000,9854,5013,4841,1.72,12906,6521,6385,19236,10920,8316,21976,12225,9751,5660,2319,17.9,34.1,2.0,97,2079.5,6468,1309955,493,15155,24800,41800,134,822,10409,250,4172,62192,145,2881,33081,11261,10895,53,2679,33642,10617,4612,2,7,53,1020,834,10297,360,60,2166,271,33,7,4441,117,51864,210627,153924,20748,21800,16838,3149890,134840,7964,3706,3014,1219,720138,437652,117456,162446,404061,969,19.0,125,899,515,370,26226,0,30267,4341,263806,59693,27770,17573,10449,9188,12435,40216,7736,22422,56325
2012,R45000,ã{çËåß,1125000,529000,597000,1121000,527000,594000,156000,80000,76000,670000,326000,344000,301000,123000,178000,9858,5006,4852,1.67,13051,6568,6483,19580,11064,8516,21745,11864,9881,5667,2421,17.2,31.2,2.2,136,3191.5,5848,1068027,511,15670,26200,45600,135,814,10221,253,4172,63067,147,2877,33722,11572,11251,54,2703,34364,11320,4792,2,7,60,949,846,10244,435,71,2165,242,34,7,4566,123,56522,232047,143038,20832,21787,20469,2995630,139520,6885,3219,2802,743,608878,377943,73797,149442,412855,986,19.3,125,903,514,378,26311,0,30149,4331,262695,59368,17544,17451,11535,11105,11667,40010,9820,25841,58354
2023,R46000,é≠éôìáåß,1549000,732000,817000,1533000,725000,807000,197000,101000,96000,828000,404000,424000,524000,227000,297000,9868,4988,4880,1.48,24217,11633,12584,24547,14113,10434,27761,15038,12723,5111,2500,19.5,32.9,5.0,110,2510.0,7540,1239547,842,27867,27600,81000,134,825,7425,491,7512,85954,220,4259,45323,15191,14340,89,4121,41952,12998,6257,4,6,139,1458,1668,15525,820,54,3407,530,40,3,6859,42,49570,233832,313913,15504,16012,19685,5790520,269980,9151,3612,3142,2005,708561,371680,189630,131393,506533,877,15.6,191,1369,773,345,25248,61,22029,3800,279132,74045,22957,20574,9732,8296,14919,42293,7501,23766,55048
2022,R46000,é≠éôìáåß,1563000,738000,825000,1550000,733000,817000,201000,103000,98000,838000,409000,429000,523000,226000,297000,10540,5340,5200,1.54,23925,11520,12405,24483,14063,10420,26987,14755,12232,5619,2455,19.3,34.3,4.9,114,2416.0,7490,1442874,848,27573,27400,80900,138,845,7920,496,7588,87647,223,4289,45407,15035,14286,89,4154,42391,13328,6175,4,6,140,1446,1826,15509,843,47,3399,542,41,3,6948,60,50909,229750,329627,16636,16965,6074,4561700,26340,9734,4032,3158,2345,784436,428501,213019,134283,529085,911,16.1,193,1385,795,584,41299,148,38795,4313,279101,70070,20822,21332,10627,8259,16549,41049,11125,22440,56826
2021,R46000,é≠éôìáåß,1576000,743000,833000,1565000,739000,826000,205000,105000,100000,850000,414000,436000,521000,225000,297000,11618,5881,5737,1.65,21979,10647,11332,24892,14330,10562,26430,14613,11817,5835,2455,19.3,32.1,5.5,116,2782.0,7993,1441630,859,27428,27300,80900,142,897,8439,498,7529,88636,223,4282,45294,15002,14342,89,4165,43029,13764,6398,4,6,142,1458,1829,15477,821,53,3394,545,42,4,6915,69,51078,226107,315251,17160,17376,2418,3672910,8680,10006,4647,3308,1962,821757,497690,173009,145470,527643,900,16.0,197,1380,795,582,41364,114,40357,3861,299164,70536,22053,19523,12652,8899,16227,58306,7244,21787,61938
2020,R46000,é≠éôìáåß,1588256,748306,839950,1545763,728079,817684,205381,105642,99739,832194,401691,430503,505891,216615,289276,11638,5974,5664,1.61,21501,10398,11103,24748,14189,10559,28024,15569,12455,6131,2521,19.2,34.2,6.1,127,2977.5,7570,1379147,888,27266,27300,81400,146,910,9570,507,7556,89738,226,4235,44912,14740,14237,89,4189,43928,13956,6295,4,6,142,1489,1927,15432,935,48,3388,530,42,4,6826,81,51829,231109,273658,17598,17827,6956,3993550,105000,8728,4330,2833,1463,741746,469198,136044,131499,543966,921,16.0,197,1368,797,579,41396,322,41481,4359,266228,70501,20650,19064,12366,8009,14356,36322,8903,22061,53995
2019,R46000,é≠éôìáåß,1602000,754000,848000,1591000,750000,841000,213000,109000,103000,878000,426000,452000,512000,218000,294000,11977,6032,5945,1.63,21834,10471,11363,25026,14636,10390,30194,16555,13639,6865,2895,19.4,32.1,5.5,125,2470.0,8236,1430015,904,26644,27300,81600,150,922,10201,515,7526,90463,232,4250,44933,15005,14551,89,4240,44981,14427,6265,4,6,142,1504,2092,15203,979,42,3265,499,42,4,6902,91,56052,223187,299450,19984,20509,29672,6489360,727850,8830,4618,2592,1550,771604,499108,147190,120356,548911,920,15.6,204,1374,801,568,41923,349,42273,4495,285921,71660,16466,18844,11092,9092,17896,41379,8322,28002,63167
2018,R46000,é≠éôìáåß,1614000,759000,855000,1606000,756000,849000,215000,111000,105000,893000,433000,460000,506000,215000,292000,12956,6649,6307,1.70,22106,10678,11428,25112,14392,10720,29716,16118,13598,6839,2740,19.0,33.6,3.7,114,2397.0,8522,1587969,933,26711,27200,80600,152,892,10741,517,7476,91129,238,4292,45395,15422,14961,89,4243,45985,14607,6318,4,6,142,1521,2156,15158,993,47,3384,509,43,4,7113,111,59441,229614,300793,21947,22644,28426,6544080,694940,10007,4757,3214,1952,857006,517730,185760,147879,553143,923,16.2,204,1397,809,561,40961,244,43469,4823,263272,63669,20257,19518,9229,9053,12363,41083,9430,21348,57323
2017,R46000,é≠éôìáåß,1626000,764000,862000,1618000,762000,857000,217000,112000,106000,907000,440000,467000,501000,211000,290000,13209,6727,6482,1.69,21833,10651,11182,25324,14535,10789,30080,16371,13709,7146,2771,18.6,33.8,4.6,124,2274.0,8208,1617291,1032,27580,27300,76700,161,923,11786,525,7423,90738,239,4348,46119,15611,15192,89,4243,46443,14489,6399,4,6,152,1522,2212,15173,1061,42,3413,505,43,4,7304,141,63853,245589,290287,23321,24075,25752,6185280,575030,10049,4533,3843,1518,833572,497564,143912,180476,554215,918,15.7,209,1400,815,518,37619,354,39791,4837,273661,65483,17123,18542,10507,9592,12848,38484,6506,22555,72021
2016,R46000,é≠éôìáåß,1637000,768000,869000,1631000,767000,864000,220000,113000,107000,924000,449000,476000,493000,207000,287000,13688,7006,6682,1.68,21610,10551,11059,25811,14828,10983,30284,16632,13652,7483,2891,19.6,34.4,5.4,132,3285.5,8298,1748392,1046,27476,27600,76800,166,948,12382,534,7395,90843,242,4362,47035,15958,15584,89,4244,46701,14765,6372,4,6,151,1536,2279,15250,1078,33,3397,493,45,4,7541,146,66228,259903,252384,24575,25188,23889,5960700,430250,11025,4568,5046,1328,879251,506827,131265,234686,563976,928,15.7,215,1410,820,504,36462,295,39033,4878,274123,62885,18030,17824,10385,9508,12796,38421,8393,23768,72113
2015,R46000,é≠éôìáåß,1648177,773061,875116,1631662,766007,865655,220751,113463,107288,929758,450303,479455,479734,199212,280522,14125,7272,6853,1.70,21354,10350,11004,26451,15135,11316,31749,17367,14382,7724,3085,18.8,31.8,5.1,143,3663.5,7983,1513184,1079,27826,27900,77000,181,1026,13770,542,7386,91005,242,4359,47842,16270,15847,93,4321,47126,14928,6367,4,6,151,1513,2266,15285,1031,28,3331,519,44,4,7738,154,72498,282391,222653,25289,26192,21149,6132210,373240,11140,4377,4808,1848,913582,491063,184739,228744,579764,945,15.7,214,1409,815,488,35179,182,38253,4947,273828,63572,18747,19819,8740,9101,12657,42490,7116,24817,66769
2014,R46000,é≠éôìáåß,1662000,778000,883000,1656000,777000,879000,227000,116000,111000,963000,468000,496000,478000,196000,282000,14236,7331,6905,1.62,21413,10516,10897,26215,14865,11350,30774,17043,13731,7837,3025,18.5,31.3,4.6,133,2834.0,7776,1406686,1093,27707,28400,78400,238,1411,19362,550,7402,91417,248,4388,48187,15974,15574,94,4362,48026,15214,6414,5,6,154,1500,2329,15645,1113,34,3622,501,46,5,8037,203,75884,300398,205654,26446,27171,23247,6002640,252330,9931,4260,4384,1223,827558,485170,117574,219466,578401,939,15.6,217,1406,820,453,32272,232,37104,5416,290751,62541,17585,19633,9345,12350,12349,45984,17972,28155,64835
2013,R46000,é≠éôìáåß,1675000,784000,891000,1670000,783000,887000,229000,117000,111000,984000,478000,506000,467000,190000,277000,14637,7470,7167,1.63,21162,10299,10863,27763,15825,11938,31502,17356,14146,8179,3125,18.9,34.7,3.9,109,1777.5,9102,1772409,1115,27748,29000,79900,240,1393,19337,556,7428,92218,251,4443,48638,16389,15958,92,4371,48678,15374,6302,5,6,160,1489,2368,15928,1078,39,3489,503,46,6,8406,235,81346,325646,201071,28593,29180,24441,5862040,186600,11281,5498,4446,1234,974892,622175,120765,224766,581396,936,16.2,220,1403,812,447,31521,213,35976,5270,300766,63691,15615,21373,8324,12434,13205,44276,18040,26989,76820
2012,R46000,é≠éôìáåß,1687000,789000,898000,1681000,787000,894000,230000,118000,113000,1002000,487000,515000,457000,184000,273000,14841,7595,7246,1.64,21281,10518,10763,28224,15954,12270,31823,17569,14254,8080,3113,18.2,32.2,4.6,129,2895.0,8097,1742401,1223,28934,29800,82300,244,1361,19276,576,7548,93298,254,4511,49158,16724,16322,92,4433,50232,16447,6814,5,6,163,1493,2376,15968,1148,34,3363,480,49,6,8528,231,86069,353057,191654,28586,29118,30501,5507070,138120,10048,4686,4054,1149,852886,532839,111737,200622,586394,939,16.1,223,1415,808,456,31652,230,36372,5170,293842,61185,22385,19627,9007,12234,11915,45257,16367,26332,69535
2023,R47000,â´ìÍåß,1468000,723000,745000,1443000,708000,734000,236000,120000,116000,882000,444000,438000,350000,158000,192000,12549,6346,6203,1.60,15110,8033,7077,26410,14453,11957,27054,14598,12456,6316,3170,23.8,32.8,14.9,124,2291.5,5217,1316250,3339,66452,68100,189400,151,821,6518,266,6695,100472,150,3998,50484,16744,15302,64,3477,42535,13022,6080,2,8,39,1361,749,17937,357,62,3766,243,61,16,9716,1184,43877,209459,234674,9604,10032,40292,20038190,2536640,10007,2411,4371,3066,812734,265599,285521,253005,467835,861,14.9,76,928,601,487,47874,411,43152,8386,251222,73453,27521,20869,9554,6270,11686,33572,6356,18482,43459
2022,R47000,â´ìÍåß,1468000,723000,746000,1446000,710000,736000,240000,123000,117000,884000,445000,439000,344000,155000,189000,13594,6886,6708,1.70,15054,7906,7148,25668,13980,11688,27025,14785,12240,6546,3087,23.7,32.7,15.1,162,2996.5,5545,1434246,3023,63536,65200,180800,166,923,8083,268,6708,101352,149,3972,50024,16506,15275,63,3484,42885,13628,6296,2,8,39,1356,785,17920,360,52,3856,259,62,16,10381,966,47012,226468,223125,10153,10620,13202,14576510,429760,9474,2725,3920,2738,806786,301788,258298,241317,475295,878,15.9,77,928,610,631,60093,439,57035,8778,251735,68318,25189,22037,11226,7008,11587,35974,9121,18429,42845
2021,R47000,â´ìÍåß,1468000,723000,745000,1449000,712000,737000,242000,124000,119000,887000,447000,440000,339000,153000,186000,14535,7507,7028,1.80,13582,7256,6326,25496,13974,11522,25013,13670,11343,7020,3187,23.6,31.7,14.4,131,2485.5,5583,1487252,2781,64100,63700,178600,182,1010,9692,268,6491,101342,149,3881,49716,16356,15298,63,3498,43221,13820,6154,2,8,39,1366,791,17882,372,61,3872,314,60,17,10830,749,49739,231809,185374,10079,10534,6411,8409440,174530,9315,2897,3967,2257,778371,323868,208696,230301,477039,881,15.8,77,912,607,614,59057,564,57108,8889,228284,66970,27286,19513,8975,5345,11515,28660,6129,17141,36753
2020,R47000,â´ìÍåß,1467480,722812,744668,1424749,699371,725378,243246,124010,119236,871154,437261,433893,324708,146072,178636,14943,7637,7306,1.83,12390,6703,5687,26958,14929,12029,25269,13929,11340,7376,3410,23.8,32.2,16.1,129,2481.0,5265,1626636,2550,59166,62600,178300,185,1002,9911,268,6615,101918,152,3823,48763,15791,14844,64,3535,44037,14093,5739,2,8,40,1359,836,17932,399,45,3754,295,58,19,10284,850,48826,226378,161790,10179,10485,12936,10295710,861960,10335,2329,5445,2135,791583,263321,207438,294275,477063,881,16.6,77,890,607,606,57687,1365,54795,7991,216202,66197,22333,19357,9423,5351,9325,26494,6942,14661,36120
2019,R47000,â´ìÍåß,1462000,719000,742000,1442000,708000,733000,245000,125000,120000,886000,445000,441000,322000,145000,177000,14902,7661,7241,1.82,12509,6767,5742,26892,14767,12125,26726,14585,12141,8027,3617,23.9,31.8,15.8,135,2637.5,5907,1799782,2156,56759,59100,164900,197,964,11005,270,6485,101550,156,3785,48382,16157,15303,64,3529,44938,14509,5910,2,8,39,1354,883,17920,428,42,3796,251,55,21,9820,820,49153,201528,226898,12807,13633,52441,24116530,5423450,14243,2785,8583,2685,1012652,306538,254651,443513,481354,889,14.5,78,901,613,591,54880,1702,50444,8108,210593,61599,22237,17993,8542,5749,10858,25255,5815,16888,35658
2018,R47000,â´ìÍåß,1454000,715000,739000,1438000,706000,731000,247000,126000,121000,888000,446000,442000,313000,140000,173000,15732,8165,7567,1.89,12157,6311,5846,25564,14099,11465,26317,14419,11898,7887,3618,23.5,31.2,14.4,128,2469.5,5547,2245605,1407,48682,52900,143400,231,1172,13825,271,6428,101279,157,3759,48174,16131,15287,64,3570,45721,14508,5749,2,8,40,1365,931,17999,439,45,3907,302,57,35,9902,1172,48819,198592,221876,13682,14725,49534,20962580,4856530,16197,2791,10663,2674,1093433,311688,263639,512515,475494,884,13.8,80,894,613,554,49798,1870,49026,7374,226283,61441,21060,20157,8061,6457,10203,31748,7863,16602,42691
2017,R47000,â´ìÍåß,1448000,712000,736000,1434000,704000,730000,247000,126000,121000,893000,448000,445000,303000,135000,168000,16218,8170,8048,1.94,11945,6415,5530,24731,13687,11044,25843,14152,11691,8085,3484,23.6,33.6,14.7,120,1907.0,5736,2246537,1009,44705,49400,130300,254,1246,16050,271,6238,100499,156,3768,48752,16363,15572,64,3590,46563,14573,5782,2,8,40,1368,967,18113,453,42,3939,292,57,38,10025,1242,51019,207960,217165,14128,15403,47169,18248630,4058380,16985,3021,11359,2390,1132803,341552,236649,538709,465179,868,15.3,81,882,616,471,43154,2247,43946,7110,233023,62760,20421,19815,8389,7180,10713,32784,9167,18809,42984
2016,R47000,â´ìÍåß,1442000,709000,733000,1429000,702000,727000,248000,127000,121000,898000,451000,447000,293000,130000,163000,16617,8522,8095,1.95,11706,6300,5406,24574,13425,11149,24846,13672,11174,8464,3700,24.1,32.6,14.4,145,2368.0,5573,2085875,949,43033,47400,123400,261,1200,16794,271,6060,99631,158,3725,49459,16920,16090,64,3585,46820,14607,5771,2,8,40,1332,985,18200,455,40,3936,341,54,38,9893,1312,54800,226179,200076,14354,15737,39790,17544680,3524440,16488,3023,11389,2045,1117854,348875,194530,570221,456167,854,14.6,81,896,615,411,37633,2536,40138,6618,244574,62899,27165,20375,7488,7521,10905,33457,8696,17320,48748
2015,R47000,â´ìÍåß,1433566,704619,728947,1410487,692392,718095,247206,126229,120977,892109,447136,444973,278337,122713,155624,16942,8745,8197,1.96,11326,5992,5334,25441,13986,11455,25425,14141,11284,8695,3603,23.6,31.6,14.3,102,1425.0,5677,2101719,918,40623,45700,118000,272,1219,17006,274,5905,99115,156,3698,50184,16881,16063,64,3627,46812,14234,5578,2,8,39,1326,974,18263,428,30,3938,313,54,39,10063,1508,59306,242432,184385,14694,16123,31982,17488950,3440620,16065,3215,10784,2006,1111327,373298,189893,542426,448532,841,14.7,81,888,615,377,35419,2591,36563,6192,233770,61078,20973,20365,9379,7912,9360,31706,8522,19215,45262
2014,R47000,â´ìÍåß,1426000,700000,725000,1416000,695000,721000,249000,127000,122000,903000,453000,450000,270000,117000,152000,16375,8428,7947,1.86,11362,6052,5310,24356,13694,10662,24393,13586,10807,8473,3571,23.1,32.1,14.1,137,2584.5,4968,1967176,925,40067,44900,115000,276,1265,17923,274,5816,98511,156,3685,50602,16774,16009,64,3665,47413,14884,5928,2,8,40,1315,912,18437,391,37,3955,328,53,39,9728,1332,62623,259397,166298,15078,16759,31279,17109710,2225040,15022,2851,10381,1657,1079499,327187,156420,588167,446461,844,14.7,81,874,618,357,32046,2160,35789,6144,225867,56734,20998,20722,7509,6622,9531,32302,9016,18570,43864
2013,R47000,â´ìÍåß,1419000,697000,722000,1410000,692000,718000,249000,127000,122000,906000,455000,452000,260000,112000,148000,17209,8690,8519,1.94,10956,5769,5187,24517,13621,10896,24486,13551,10935,8803,3651,23.3,32.9,14.3,122,2071.0,6355,2170217,925,42816,43800,112600,274,1240,17824,274,5783,98913,157,3698,50705,16978,16067,64,3696,47597,14649,5518,2,8,39,1315,939,18408,424,41,3753,304,53,39,9879,1500,67752,289983,145584,15621,17568,30449,16646770,1426730,17173,4104,11720,1311,1307536,473263,131939,700217,436373,829,15.3,81,847,608,343,29886,2216,33448,5812,239654,57278,23557,20499,7335,7398,9281,33976,9714,20199,50418
2012,R47000,â´ìÍåß,1411000,693000,719000,1403000,688000,715000,248000,127000,121000,911000,457000,454000,250000,107000,143000,17074,8749,8325,1.90,10626,5637,4989,25271,13691,11580,24156,13371,10785,8842,3634,23.0,31.8,15.3,141,2733.0,5492,1954433,944,38623,44200,111700,276,1199,17723,278,5776,99406,157,3637,50407,16635,15821,64,3739,48308,14970,5712,2,8,41,1314,951,18256,422,34,3728,300,53,38,10021,1342,74943,331164,119932,15691,17500,35210,13520200,738640,13623,3520,8536,1485,1077935,405923,145307,521906,447521,853,14.4,81,841,599,363,30492,2305,34502,5913,227981,55499,23731,19756,7353,6856,9948,27855,7769,19324,49890
